ISO-10303-21;
HEADER;
/* Generated by software containing ST-Developer
 * from STEP Tools, Inc. (www.steptools.com) 
 */

FILE_DESCRIPTION(
/* description */ ('KiCad electronic assembly'),
/* implementation_level */ '2;1');

FILE_NAME(
/* name */ 'Touch ID Screw bottom.step',
/* time_stamp */ '2026-08-20T16:35:45-07:00',
/* author */ (''),
/* organization */ (''),
/* preprocessor_version */ 'ST-DEVELOPER v20.1',
/* originating_system */ 'Autodesk Translation Framework v15.8.0.0',
/* authorisation */ '');

FILE_SCHEMA (('AUTOMOTIVE_DESIGN { 1 0 10303 214 3 1 1 }'));
ENDSEC;

DATA;
#10=MECHANICAL_DESIGN_GEOMETRIC_PRESENTATION_REPRESENTATION('',(#13),#2349);
#11=SHAPE_REPRESENTATION_RELATIONSHIP('SRR','None',#2355,#12);
#12=ADVANCED_BREP_SHAPE_REPRESENTATION('',(#14),#2348);
#13=STYLED_ITEM('',(#2366),#14);
#14=MANIFOLD_SOLID_BREP('Body3',#1354);
#15=TOROIDAL_SURFACE('',#1437,3.25,1.);
#16=TOROIDAL_SURFACE('',#1442,3.25,1.);
#17=TOROIDAL_SURFACE('',#1447,3.25,1.);
#18=TOROIDAL_SURFACE('',#1452,3.25,1.);
#19=TOROIDAL_SURFACE('',#1484,3.25,1.);
#20=TOROIDAL_SURFACE('',#1493,3.25,1.);
#21=TOROIDAL_SURFACE('',#1497,3.25,1.);
#22=TOROIDAL_SURFACE('',#1498,3.25,1.);
#23=FACE_BOUND('',#234,.T.);
#24=FACE_BOUND('',#245,.T.);
#25=FACE_BOUND('',#247,.T.);
#26=FACE_BOUND('',#248,.T.);
#27=FACE_BOUND('',#273,.T.);
#28=CYLINDRICAL_SURFACE('',#1393,3.75);
#29=CYLINDRICAL_SURFACE('',#1395,3.75000000000001);
#30=CYLINDRICAL_SURFACE('',#1398,2.5);
#31=CYLINDRICAL_SURFACE('',#1401,2.5);
#32=CYLINDRICAL_SURFACE('',#1404,3.75);
#33=CYLINDRICAL_SURFACE('',#1410,1.35000000000002);
#34=CYLINDRICAL_SURFACE('',#1414,1.35);
#35=CYLINDRICAL_SURFACE('',#1418,3.75);
#36=CYLINDRICAL_SURFACE('',#1420,3.75);
#37=CYLINDRICAL_SURFACE('',#1422,3.75);
#38=CYLINDRICAL_SURFACE('',#1430,2.5);
#39=CYLINDRICAL_SURFACE('',#1436,2.5);
#40=CYLINDRICAL_SURFACE('',#1440,1.);
#41=CYLINDRICAL_SURFACE('',#1445,1.);
#42=CYLINDRICAL_SURFACE('',#1450,1.);
#43=CYLINDRICAL_SURFACE('',#1454,2.25);
#44=CYLINDRICAL_SURFACE('',#1457,2.25);
#45=CYLINDRICAL_SURFACE('',#1460,2.25);
#46=CYLINDRICAL_SURFACE('',#1463,2.25);
#47=CYLINDRICAL_SURFACE('',#1478,7.5);
#48=CYLINDRICAL_SURFACE('',#1480,7.5);
#49=CYLINDRICAL_SURFACE('',#1481,1.);
#50=CYLINDRICAL_SURFACE('',#1486,1.);
#51=CYLINDRICAL_SURFACE('',#1495,1.);
#52=CIRCLE('',#1358,3.75);
#53=CIRCLE('',#1359,4.24999999999999);
#54=CIRCLE('',#1362,2.5);
#55=CIRCLE('',#1363,2.);
#56=CIRCLE('',#1366,2.5);
#57=CIRCLE('',#1367,2.);
#58=CIRCLE('',#1370,3.75000000000001);
#59=CIRCLE('',#1371,4.25000000000001);
#60=CIRCLE('',#1373,3.25);
#61=CIRCLE('',#1374,3.75);
#62=CIRCLE('',#1376,3.75);
#63=CIRCLE('',#1377,4.25000000000001);
#64=CIRCLE('',#1380,2.5);
#65=CIRCLE('',#1381,2.);
#66=CIRCLE('',#1384,2.5);
#67=CIRCLE('',#1385,2.);
#68=CIRCLE('',#1388,3.75);
#69=CIRCLE('',#1389,4.25);
#70=CIRCLE('',#1391,3.24999999999999);
#71=CIRCLE('',#1392,3.75);
#72=CIRCLE('',#1394,3.75);
#73=CIRCLE('',#1396,3.75000000000001);
#74=CIRCLE('',#1399,2.5);
#75=CIRCLE('',#1402,2.5);
#76=CIRCLE('',#1405,3.75);
#77=CIRCLE('',#1408,7.5);
#78=CIRCLE('',#1409,7.5);
#79=CIRCLE('',#1411,1.35000000000002);
#80=CIRCLE('',#1412,1.35000000000002);
#81=CIRCLE('',#1415,1.35);
#82=CIRCLE('',#1416,1.35);
#83=CIRCLE('',#1419,3.75);
#84=CIRCLE('',#1421,3.75);
#85=CIRCLE('',#1423,3.75);
#86=CIRCLE('',#1428,2.5);
#87=CIRCLE('',#1429,2.5);
#88=CIRCLE('',#1432,3.25);
#89=CIRCLE('',#1433,3.25);
#90=CIRCLE('',#1434,3.25);
#91=CIRCLE('',#1435,3.25);
#92=CIRCLE('',#1438,2.25);
#93=CIRCLE('',#1439,0.999999999999996);
#94=CIRCLE('',#1441,0.999999999999996);
#95=CIRCLE('',#1443,1.);
#96=CIRCLE('',#1444,2.25);
#97=CIRCLE('',#1446,0.999999999999999);
#98=CIRCLE('',#1448,0.999999999999996);
#99=CIRCLE('',#1449,2.25);
#100=CIRCLE('',#1451,0.999999999999996);
#101=CIRCLE('',#1453,2.25);
#102=CIRCLE('',#1455,2.25);
#103=CIRCLE('',#1458,2.25);
#104=CIRCLE('',#1461,2.25);
#105=CIRCLE('',#1464,2.25);
#106=CIRCLE('',#1466,3.25);
#107=CIRCLE('',#1467,3.25);
#108=CIRCLE('',#1468,3.25);
#109=CIRCLE('',#1469,3.25);
#110=CIRCLE('',#1476,7.5);
#111=CIRCLE('',#1477,7.5);
#112=CIRCLE('',#1482,0.999999999999996);
#113=CIRCLE('',#1483,0.999999999999996);
#114=CIRCLE('',#1485,0.999999999999996);
#115=CIRCLE('',#1487,1.);
#116=CIRCLE('',#1494,0.999999999999996);
#117=CIRCLE('',#1496,1.00000000000001);
#118=CONICAL_SURFACE('',#1357,4.,0.785398163397442);
#119=CONICAL_SURFACE('',#1361,2.25,0.785398163397447);
#120=CONICAL_SURFACE('',#1365,2.25,0.785398163397447);
#121=CONICAL_SURFACE('',#1369,4.00000000000001,0.785398163397454);
#122=CONICAL_SURFACE('',#1372,3.5,0.785398163397448);
#123=CONICAL_SURFACE('',#1375,4.,0.785398163397453);
#124=CONICAL_SURFACE('',#1379,2.25,0.785398163397447);
#125=CONICAL_SURFACE('',#1383,2.25,0.785398163397447);
#126=CONICAL_SURFACE('',#1387,4.,0.785398163397446);
#127=CONICAL_SURFACE('',#1390,3.5,0.785398163397455);
#128=FACE_OUTER_BOUND('',#207,.T.);
#129=FACE_OUTER_BOUND('',#208,.T.);
#130=FACE_OUTER_BOUND('',#209,.T.);
#131=FACE_OUTER_BOUND('',#210,.T.);
#132=FACE_OUTER_BOUND('',#211,.T.);
#133=FACE_OUTER_BOUND('',#212,.T.);
#134=FACE_OUTER_BOUND('',#213,.T.);
#135=FACE_OUTER_BOUND('',#214,.T.);
#136=FACE_OUTER_BOUND('',#215,.T.);
#137=FACE_OUTER_BOUND('',#216,.T.);
#138=FACE_OUTER_BOUND('',#217,.T.);
#139=FACE_OUTER_BOUND('',#218,.T.);
#140=FACE_OUTER_BOUND('',#219,.T.);
#141=FACE_OUTER_BOUND('',#220,.T.);
#142=FACE_OUTER_BOUND('',#221,.T.);
#143=FACE_OUTER_BOUND('',#222,.T.);
#144=FACE_OUTER_BOUND('',#223,.T.);
#145=FACE_OUTER_BOUND('',#224,.T.);
#146=FACE_OUTER_BOUND('',#225,.T.);
#147=FACE_OUTER_BOUND('',#226,.T.);
#148=FACE_OUTER_BOUND('',#227,.T.);
#149=FACE_OUTER_BOUND('',#228,.T.);
#150=FACE_OUTER_BOUND('',#229,.T.);
#151=FACE_OUTER_BOUND('',#230,.T.);
#152=FACE_OUTER_BOUND('',#231,.T.);
#153=FACE_OUTER_BOUND('',#232,.T.);
#154=FACE_OUTER_BOUND('',#233,.T.);
#155=FACE_OUTER_BOUND('',#235,.T.);
#156=FACE_OUTER_BOUND('',#236,.T.);
#157=FACE_OUTER_BOUND('',#237,.T.);
#158=FACE_OUTER_BOUND('',#238,.T.);
#159=FACE_OUTER_BOUND('',#239,.T.);
#160=FACE_OUTER_BOUND('',#240,.T.);
#161=FACE_OUTER_BOUND('',#241,.T.);
#162=FACE_OUTER_BOUND('',#242,.T.);
#163=FACE_OUTER_BOUND('',#243,.T.);
#164=FACE_OUTER_BOUND('',#244,.T.);
#165=FACE_OUTER_BOUND('',#246,.T.);
#166=FACE_OUTER_BOUND('',#249,.T.);
#167=FACE_OUTER_BOUND('',#250,.T.);
#168=FACE_OUTER_BOUND('',#251,.T.);
#169=FACE_OUTER_BOUND('',#252,.T.);
#170=FACE_OUTER_BOUND('',#253,.T.);
#171=FACE_OUTER_BOUND('',#254,.T.);
#172=FACE_OUTER_BOUND('',#255,.T.);
#173=FACE_OUTER_BOUND('',#256,.T.);
#174=FACE_OUTER_BOUND('',#257,.T.);
#175=FACE_OUTER_BOUND('',#258,.T.);
#176=FACE_OUTER_BOUND('',#259,.T.);
#177=FACE_OUTER_BOUND('',#260,.T.);
#178=FACE_OUTER_BOUND('',#261,.T.);
#179=FACE_OUTER_BOUND('',#262,.T.);
#180=FACE_OUTER_BOUND('',#263,.T.);
#181=FACE_OUTER_BOUND('',#264,.T.);
#182=FACE_OUTER_BOUND('',#265,.T.);
#183=FACE_OUTER_BOUND('',#266,.T.);
#184=FACE_OUTER_BOUND('',#267,.T.);
#185=FACE_OUTER_BOUND('',#268,.T.);
#186=FACE_OUTER_BOUND('',#269,.T.);
#187=FACE_OUTER_BOUND('',#270,.T.);
#188=FACE_OUTER_BOUND('',#271,.T.);
#189=FACE_OUTER_BOUND('',#272,.T.);
#190=FACE_OUTER_BOUND('',#274,.T.);
#191=FACE_OUTER_BOUND('',#275,.T.);
#192=FACE_OUTER_BOUND('',#276,.T.);
#193=FACE_OUTER_BOUND('',#277,.T.);
#194=FACE_OUTER_BOUND('',#278,.T.);
#195=FACE_OUTER_BOUND('',#279,.T.);
#196=FACE_OUTER_BOUND('',#280,.T.);
#197=FACE_OUTER_BOUND('',#281,.T.);
#198=FACE_OUTER_BOUND('',#282,.T.);
#199=FACE_OUTER_BOUND('',#283,.T.);
#200=FACE_OUTER_BOUND('',#284,.T.);
#201=FACE_OUTER_BOUND('',#285,.T.);
#202=FACE_OUTER_BOUND('',#286,.T.);
#203=FACE_OUTER_BOUND('',#287,.T.);
#204=FACE_OUTER_BOUND('',#288,.T.);
#205=FACE_OUTER_BOUND('',#289,.T.);
#206=FACE_OUTER_BOUND('',#290,.T.);
#207=EDGE_LOOP('',(#852,#853,#854,#855));
#208=EDGE_LOOP('',(#856,#857,#858,#859));
#209=EDGE_LOOP('',(#860,#861,#862,#863));
#210=EDGE_LOOP('',(#864,#865,#866,#867));
#211=EDGE_LOOP('',(#868,#869,#870,#871));
#212=EDGE_LOOP('',(#872,#873,#874,#875));
#213=EDGE_LOOP('',(#876,#877,#878,#879));
#214=EDGE_LOOP('',(#880,#881,#882,#883));
#215=EDGE_LOOP('',(#884,#885,#886,#887));
#216=EDGE_LOOP('',(#888,#889,#890,#891));
#217=EDGE_LOOP('',(#892,#893,#894,#895));
#218=EDGE_LOOP('',(#896,#897,#898,#899));
#219=EDGE_LOOP('',(#900,#901,#902,#903));
#220=EDGE_LOOP('',(#904,#905,#906,#907));
#221=EDGE_LOOP('',(#908,#909,#910,#911));
#222=EDGE_LOOP('',(#912,#913,#914,#915));
#223=EDGE_LOOP('',(#916,#917,#918,#919));
#224=EDGE_LOOP('',(#920,#921,#922,#923));
#225=EDGE_LOOP('',(#924,#925,#926,#927));
#226=EDGE_LOOP('',(#928,#929,#930,#931));
#227=EDGE_LOOP('',(#932,#933,#934,#935));
#228=EDGE_LOOP('',(#936,#937,#938,#939));
#229=EDGE_LOOP('',(#940,#941,#942,#943));
#230=EDGE_LOOP('',(#944,#945,#946,#947));
#231=EDGE_LOOP('',(#948,#949,#950,#951));
#232=EDGE_LOOP('',(#952,#953,#954,#955));
#233=EDGE_LOOP('',(#956,#957,#958,#959,#960,#961,#962,#963,#964,#965,#966,
#967,#968,#969,#970,#971,#972));
#234=EDGE_LOOP('',(#973,#974,#975,#976));
#235=EDGE_LOOP('',(#977,#978,#979,#980));
#236=EDGE_LOOP('',(#981));
#237=EDGE_LOOP('',(#982,#983,#984,#985));
#238=EDGE_LOOP('',(#986));
#239=EDGE_LOOP('',(#987,#988,#989,#990));
#240=EDGE_LOOP('',(#991,#992,#993,#994));
#241=EDGE_LOOP('',(#995,#996,#997,#998));
#242=EDGE_LOOP('',(#999,#1000,#1001,#1002));
#243=EDGE_LOOP('',(#1003,#1004,#1005,#1006));
#244=EDGE_LOOP('',(#1007,#1008,#1009,#1010));
#245=EDGE_LOOP('',(#1011,#1012,#1013,#1014,#1015,#1016,#1017,#1018));
#246=EDGE_LOOP('',(#1019,#1020,#1021,#1022,#1023,#1024,#1025,#1026,#1027,
#1028,#1029,#1030,#1031,#1032,#1033,#1034,#1035,#1036,#1037,#1038,#1039,
#1040,#1041,#1042,#1043,#1044,#1045,#1046,#1047));
#247=EDGE_LOOP('',(#1048));
#248=EDGE_LOOP('',(#1049));
#249=EDGE_LOOP('',(#1050,#1051,#1052,#1053));
#250=EDGE_LOOP('',(#1054,#1055,#1056,#1057,#1058,#1059,#1060,#1061,#1062,
#1063,#1064,#1065));
#251=EDGE_LOOP('',(#1066,#1067,#1068,#1069));
#252=EDGE_LOOP('',(#1070,#1071,#1072,#1073));
#253=EDGE_LOOP('',(#1074,#1075,#1076,#1077));
#254=EDGE_LOOP('',(#1078,#1079,#1080,#1081));
#255=EDGE_LOOP('',(#1082,#1083,#1084,#1085));
#256=EDGE_LOOP('',(#1086,#1087,#1088,#1089));
#257=EDGE_LOOP('',(#1090,#1091,#1092,#1093));
#258=EDGE_LOOP('',(#1094,#1095,#1096,#1097));
#259=EDGE_LOOP('',(#1098,#1099,#1100,#1101));
#260=EDGE_LOOP('',(#1102,#1103,#1104,#1105));
#261=EDGE_LOOP('',(#1106,#1107,#1108,#1109));
#262=EDGE_LOOP('',(#1110,#1111,#1112,#1113));
#263=EDGE_LOOP('',(#1114,#1115,#1116,#1117));
#264=EDGE_LOOP('',(#1118,#1119,#1120,#1121));
#265=EDGE_LOOP('',(#1122,#1123,#1124,#1125));
#266=EDGE_LOOP('',(#1126,#1127,#1128,#1129,#1130,#1131,#1132,#1133,#1134,
#1135,#1136,#1137));
#267=EDGE_LOOP('',(#1138,#1139,#1140,#1141));
#268=EDGE_LOOP('',(#1142,#1143,#1144,#1145));
#269=EDGE_LOOP('',(#1146,#1147,#1148,#1149));
#270=EDGE_LOOP('',(#1150,#1151,#1152,#1153));
#271=EDGE_LOOP('',(#1154,#1155,#1156,#1157));
#272=EDGE_LOOP('',(#1158,#1159,#1160,#1161,#1162,#1163,#1164,#1165));
#273=EDGE_LOOP('',(#1166,#1167,#1168,#1169));
#274=EDGE_LOOP('',(#1170,#1171,#1172,#1173));
#275=EDGE_LOOP('',(#1174,#1175,#1176,#1177));
#276=EDGE_LOOP('',(#1178,#1179,#1180,#1181));
#277=EDGE_LOOP('',(#1182,#1183,#1184,#1185));
#278=EDGE_LOOP('',(#1186,#1187,#1188,#1189));
#279=EDGE_LOOP('',(#1190,#1191,#1192,#1193));
#280=EDGE_LOOP('',(#1194,#1195,#1196,#1197));
#281=EDGE_LOOP('',(#1198,#1199,#1200,#1201));
#282=EDGE_LOOP('',(#1202,#1203,#1204,#1205));
#283=EDGE_LOOP('',(#1206,#1207,#1208,#1209));
#284=EDGE_LOOP('',(#1210,#1211,#1212,#1213));
#285=EDGE_LOOP('',(#1214,#1215,#1216,#1217));
#286=EDGE_LOOP('',(#1218,#1219,#1220,#1221));
#287=EDGE_LOOP('',(#1222,#1223,#1224,#1225));
#288=EDGE_LOOP('',(#1226,#1227,#1228,#1229));
#289=EDGE_LOOP('',(#1230,#1231,#1232,#1233));
#290=EDGE_LOOP('',(#1234,#1235,#1236,#1237));
#291=B_SPLINE_CURVE_WITH_KNOTS('',3,(#1924,#1925,#1926,#1927),
 .UNSPECIFIED.,.F.,.F.,(4,4),(0.,0.0706022329882391),.UNSPECIFIED.);
#292=B_SPLINE_CURVE_WITH_KNOTS('',3,(#2133,#2134,#2135,#2136,#2137,#2138,
#2139,#2140,#2141,#2142),.UNSPECIFIED.,.F.,.F.,(4,2,2,2,4),(0.311305411896159,
0.346462943799076,0.385401610031584,0.427190319377293,0.46930727806485),
 .UNSPECIFIED.);
#293=B_SPLINE_CURVE_WITH_KNOTS('',3,(#2146,#2147,#2148,#2149,#2150,#2151,
#2152,#2153,#2154,#2155),.UNSPECIFIED.,.F.,.F.,(4,2,2,2,4),(0.311305411896159,
0.346462943799076,0.385401610031584,0.427190319377293,0.46930727806485),
 .UNSPECIFIED.);
#294=B_SPLINE_CURVE_WITH_KNOTS('',3,(#2167,#2168,#2169,#2170,#2171,#2172,
#2173,#2174,#2175,#2176),.UNSPECIFIED.,.F.,.F.,(4,2,2,2,4),(0.153303545727467,
0.195420504415024,0.237209213760735,0.276147879993241,0.311305411896158),
 .UNSPECIFIED.);
#295=B_SPLINE_CURVE_WITH_KNOTS('',3,(#2180,#2181,#2182,#2183,#2184,#2185,
#2186,#2187,#2188,#2189),.UNSPECIFIED.,.F.,.F.,(4,2,2,2,4),(0.153303545727467,
0.195420504415024,0.237209213760735,0.276147879993241,0.311305411896158),
 .UNSPECIFIED.);
#296=LINE('',#1919,#418);
#297=LINE('',#1921,#419);
#298=LINE('',#1923,#420);
#299=LINE('',#1932,#421);
#300=LINE('',#1937,#422);
#301=LINE('',#1938,#423);
#302=LINE('',#1939,#424);
#303=LINE('',#1944,#425);
#304=LINE('',#1949,#426);
#305=LINE('',#1950,#427);
#306=LINE('',#1951,#428);
#307=LINE('',#1956,#429);
#308=LINE('',#1961,#430);
#309=LINE('',#1962,#431);
#310=LINE('',#1963,#432);
#311=LINE('',#1968,#433);
#312=LINE('',#1973,#434);
#313=LINE('',#1980,#435);
#314=LINE('',#1985,#436);
#315=LINE('',#1986,#437);
#316=LINE('',#1987,#438);
#317=LINE('',#1992,#439);
#318=LINE('',#1997,#440);
#319=LINE('',#1998,#441);
#320=LINE('',#1999,#442);
#321=LINE('',#2004,#443);
#322=LINE('',#2009,#444);
#323=LINE('',#2010,#445);
#324=LINE('',#2011,#446);
#325=LINE('',#2016,#447);
#326=LINE('',#2023,#448);
#327=LINE('',#2026,#449);
#328=LINE('',#2029,#450);
#329=LINE('',#2033,#451);
#330=LINE('',#2034,#452);
#331=LINE('',#2037,#453);
#332=LINE('',#2041,#454);
#333=LINE('',#2042,#455);
#334=LINE('',#2045,#456);
#335=LINE('',#2049,#457);
#336=LINE('',#2050,#458);
#337=LINE('',#2053,#459);
#338=LINE('',#2057,#460);
#339=LINE('',#2058,#461);
#340=LINE('',#2064,#462);
#341=LINE('',#2067,#463);
#342=LINE('',#2072,#464);
#343=LINE('',#2079,#465);
#344=LINE('',#2084,#466);
#345=LINE('',#2087,#467);
#346=LINE('',#2091,#468);
#347=LINE('',#2096,#469);
#348=LINE('',#2097,#470);
#349=LINE('',#2100,#471);
#350=LINE('',#2101,#472);
#351=LINE('',#2105,#473);
#352=LINE('',#2107,#474);
#353=LINE('',#2109,#475);
#354=LINE('',#2110,#476);
#355=LINE('',#2113,#477);
#356=LINE('',#2115,#478);
#357=LINE('',#2117,#479);
#358=LINE('',#2119,#480);
#359=LINE('',#2121,#481);
#360=LINE('',#2123,#482);
#361=LINE('',#2125,#483);
#362=LINE('',#2126,#484);
#363=LINE('',#2131,#485);
#364=LINE('',#2144,#486);
#365=LINE('',#2157,#487);
#366=LINE('',#2159,#488);
#367=LINE('',#2161,#489);
#368=LINE('',#2163,#490);
#369=LINE('',#2165,#491);
#370=LINE('',#2178,#492);
#371=LINE('',#2191,#493);
#372=LINE('',#2194,#494);
#373=LINE('',#2199,#495);
#374=LINE('',#2203,#496);
#375=LINE('',#2207,#497);
#376=LINE('',#2209,#498);
#377=LINE('',#2218,#499);
#378=LINE('',#2226,#500);
#379=LINE('',#2234,#501);
#380=LINE('',#2239,#502);
#381=LINE('',#2243,#503);
#382=LINE('',#2244,#504);
#383=LINE('',#2247,#505);
#384=LINE('',#2251,#506);
#385=LINE('',#2252,#507);
#386=LINE('',#2255,#508);
#387=LINE('',#2259,#509);
#388=LINE('',#2260,#510);
#389=LINE('',#2264,#511);
#390=LINE('',#2265,#512);
#391=LINE('',#2269,#513);
#392=LINE('',#2273,#514);
#393=LINE('',#2277,#515);
#394=LINE('',#2281,#516);
#395=LINE('',#2283,#517);
#396=LINE('',#2284,#518);
#397=LINE('',#2287,#519);
#398=LINE('',#2289,#520);
#399=LINE('',#2290,#521);
#400=LINE('',#2292,#522);
#401=LINE('',#2295,#523);
#402=LINE('',#2296,#524);
#403=LINE('',#2299,#525);
#404=LINE('',#2300,#526);
#405=LINE('',#2303,#527);
#406=LINE('',#2305,#528);
#407=LINE('',#2306,#529);
#408=LINE('',#2311,#530);
#409=LINE('',#2314,#531);
#410=LINE('',#2316,#532);
#411=LINE('',#2317,#533);
#412=LINE('',#2319,#534);
#413=LINE('',#2321,#535);
#414=LINE('',#2330,#536);
#415=LINE('',#2332,#537);
#416=LINE('',#2333,#538);
#417=LINE('',#2344,#539);
#418=VECTOR('',#1505,10.);
#419=VECTOR('',#1506,10.);
#420=VECTOR('',#1507,10.);
#421=VECTOR('',#1512,10.);
#422=VECTOR('',#1517,10.);
#423=VECTOR('',#1518,10.);
#424=VECTOR('',#1519,10.);
#425=VECTOR('',#1524,10.);
#426=VECTOR('',#1529,10.);
#427=VECTOR('',#1530,10.);
#428=VECTOR('',#1531,10.);
#429=VECTOR('',#1536,10.);
#430=VECTOR('',#1541,10.);
#431=VECTOR('',#1542,10.);
#432=VECTOR('',#1543,10.);
#433=VECTOR('',#1548,10.);
#434=VECTOR('',#1553,10.);
#435=VECTOR('',#1562,10.);
#436=VECTOR('',#1567,10.);
#437=VECTOR('',#1568,10.);
#438=VECTOR('',#1569,10.);
#439=VECTOR('',#1574,10.);
#440=VECTOR('',#1579,10.);
#441=VECTOR('',#1580,10.);
#442=VECTOR('',#1581,10.);
#443=VECTOR('',#1586,10.);
#444=VECTOR('',#1591,10.);
#445=VECTOR('',#1592,10.);
#446=VECTOR('',#1593,10.);
#447=VECTOR('',#1598,10.);
#448=VECTOR('',#1609,10.);
#449=VECTOR('',#1612,10.);
#450=VECTOR('',#1615,3.75);
#451=VECTOR('',#1620,10.);
#452=VECTOR('',#1621,10.);
#453=VECTOR('',#1624,10.);
#454=VECTOR('',#1629,10.);
#455=VECTOR('',#1630,10.);
#456=VECTOR('',#1633,10.);
#457=VECTOR('',#1638,10.);
#458=VECTOR('',#1639,10.);
#459=VECTOR('',#1642,10.);
#460=VECTOR('',#1647,10.);
#461=VECTOR('',#1648,10.);
#462=VECTOR('',#1653,10.);
#463=VECTOR('',#1656,10.);
#464=VECTOR('',#1661,1.35000000000002);
#465=VECTOR('',#1670,1.35);
#466=VECTOR('',#1677,10.);
#467=VECTOR('',#1680,10.);
#468=VECTOR('',#1685,10.);
#469=VECTOR('',#1692,10.);
#470=VECTOR('',#1693,10.);
#471=VECTOR('',#1696,10.);
#472=VECTOR('',#1697,10.);
#473=VECTOR('',#1700,10.);
#474=VECTOR('',#1701,10.);
#475=VECTOR('',#1702,10.);
#476=VECTOR('',#1703,10.);
#477=VECTOR('',#1704,10.);
#478=VECTOR('',#1705,10.);
#479=VECTOR('',#1706,10.);
#480=VECTOR('',#1707,10.);
#481=VECTOR('',#1708,10.);
#482=VECTOR('',#1709,10.);
#483=VECTOR('',#1710,10.);
#484=VECTOR('',#1711,10.);
#485=VECTOR('',#1716,10.);
#486=VECTOR('',#1717,10.);
#487=VECTOR('',#1718,10.);
#488=VECTOR('',#1719,10.);
#489=VECTOR('',#1720,10.);
#490=VECTOR('',#1721,10.);
#491=VECTOR('',#1722,10.);
#492=VECTOR('',#1723,10.);
#493=VECTOR('',#1724,10.);
#494=VECTOR('',#1729,10.);
#495=VECTOR('',#1734,10.);
#496=VECTOR('',#1737,10.);
#497=VECTOR('',#1740,10.);
#498=VECTOR('',#1743,10.);
#499=VECTOR('',#1756,10.);
#500=VECTOR('',#1767,10.);
#501=VECTOR('',#1778,10.);
#502=VECTOR('',#1785,10.);
#503=VECTOR('',#1790,10.);
#504=VECTOR('',#1791,10.);
#505=VECTOR('',#1794,10.);
#506=VECTOR('',#1799,10.);
#507=VECTOR('',#1800,10.);
#508=VECTOR('',#1803,10.);
#509=VECTOR('',#1808,10.);
#510=VECTOR('',#1809,10.);
#511=VECTOR('',#1816,10.);
#512=VECTOR('',#1817,10.);
#513=VECTOR('',#1820,10.);
#514=VECTOR('',#1823,10.);
#515=VECTOR('',#1826,10.);
#516=VECTOR('',#1831,10.);
#517=VECTOR('',#1832,10.);
#518=VECTOR('',#1833,10.);
#519=VECTOR('',#1836,10.);
#520=VECTOR('',#1837,10.);
#521=VECTOR('',#1838,10.);
#522=VECTOR('',#1841,10.);
#523=VECTOR('',#1844,10.);
#524=VECTOR('',#1845,10.);
#525=VECTOR('',#1848,10.);
#526=VECTOR('',#1849,10.);
#527=VECTOR('',#1852,10.);
#528=VECTOR('',#1853,10.);
#529=VECTOR('',#1854,10.);
#530=VECTOR('',#1857,10.);
#531=VECTOR('',#1860,10.);
#532=VECTOR('',#1863,10.);
#533=VECTOR('',#1864,10.);
#534=VECTOR('',#1867,10.);
#535=VECTOR('',#1870,10.);
#536=VECTOR('',#1887,10.);
#537=VECTOR('',#1890,10.);
#538=VECTOR('',#1891,10.);
#539=VECTOR('',#1912,10.);
#540=VERTEX_POINT('',#1917);
#541=VERTEX_POINT('',#1918);
#542=VERTEX_POINT('',#1920);
#543=VERTEX_POINT('',#1922);
#544=VERTEX_POINT('',#1929);
#545=VERTEX_POINT('',#1931);
#546=VERTEX_POINT('',#1935);
#547=VERTEX_POINT('',#1936);
#548=VERTEX_POINT('',#1941);
#549=VERTEX_POINT('',#1943);
#550=VERTEX_POINT('',#1947);
#551=VERTEX_POINT('',#1948);
#552=VERTEX_POINT('',#1953);
#553=VERTEX_POINT('',#1955);
#554=VERTEX_POINT('',#1959);
#555=VERTEX_POINT('',#1960);
#556=VERTEX_POINT('',#1965);
#557=VERTEX_POINT('',#1967);
#558=VERTEX_POINT('',#1971);
#559=VERTEX_POINT('',#1972);
#560=VERTEX_POINT('',#1977);
#561=VERTEX_POINT('',#1979);
#562=VERTEX_POINT('',#1983);
#563=VERTEX_POINT('',#1984);
#564=VERTEX_POINT('',#1989);
#565=VERTEX_POINT('',#1991);
#566=VERTEX_POINT('',#1995);
#567=VERTEX_POINT('',#1996);
#568=VERTEX_POINT('',#2001);
#569=VERTEX_POINT('',#2003);
#570=VERTEX_POINT('',#2007);
#571=VERTEX_POINT('',#2008);
#572=VERTEX_POINT('',#2013);
#573=VERTEX_POINT('',#2015);
#574=VERTEX_POINT('',#2022);
#575=VERTEX_POINT('',#2024);
#576=VERTEX_POINT('',#2028);
#577=VERTEX_POINT('',#2032);
#578=VERTEX_POINT('',#2036);
#579=VERTEX_POINT('',#2040);
#580=VERTEX_POINT('',#2044);
#581=VERTEX_POINT('',#2048);
#582=VERTEX_POINT('',#2052);
#583=VERTEX_POINT('',#2056);
#584=VERTEX_POINT('',#2060);
#585=VERTEX_POINT('',#2061);
#586=VERTEX_POINT('',#2063);
#587=VERTEX_POINT('',#2065);
#588=VERTEX_POINT('',#2069);
#589=VERTEX_POINT('',#2071);
#590=VERTEX_POINT('',#2076);
#591=VERTEX_POINT('',#2078);
#592=VERTEX_POINT('',#2083);
#593=VERTEX_POINT('',#2085);
#594=VERTEX_POINT('',#2089);
#595=VERTEX_POINT('',#2095);
#596=VERTEX_POINT('',#2099);
#597=VERTEX_POINT('',#2103);
#598=VERTEX_POINT('',#2104);
#599=VERTEX_POINT('',#2106);
#600=VERTEX_POINT('',#2108);
#601=VERTEX_POINT('',#2111);
#602=VERTEX_POINT('',#2112);
#603=VERTEX_POINT('',#2114);
#604=VERTEX_POINT('',#2116);
#605=VERTEX_POINT('',#2118);
#606=VERTEX_POINT('',#2120);
#607=VERTEX_POINT('',#2122);
#608=VERTEX_POINT('',#2124);
#609=VERTEX_POINT('',#2128);
#610=VERTEX_POINT('',#2130);
#611=VERTEX_POINT('',#2132);
#612=VERTEX_POINT('',#2143);
#613=VERTEX_POINT('',#2145);
#614=VERTEX_POINT('',#2156);
#615=VERTEX_POINT('',#2158);
#616=VERTEX_POINT('',#2160);
#617=VERTEX_POINT('',#2162);
#618=VERTEX_POINT('',#2164);
#619=VERTEX_POINT('',#2166);
#620=VERTEX_POINT('',#2177);
#621=VERTEX_POINT('',#2179);
#622=VERTEX_POINT('',#2190);
#623=VERTEX_POINT('',#2196);
#624=VERTEX_POINT('',#2198);
#625=VERTEX_POINT('',#2200);
#626=VERTEX_POINT('',#2202);
#627=VERTEX_POINT('',#2204);
#628=VERTEX_POINT('',#2206);
#629=VERTEX_POINT('',#2212);
#630=VERTEX_POINT('',#2216);
#631=VERTEX_POINT('',#2220);
#632=VERTEX_POINT('',#2224);
#633=VERTEX_POINT('',#2228);
#634=VERTEX_POINT('',#2232);
#635=VERTEX_POINT('',#2238);
#636=VERTEX_POINT('',#2242);
#637=VERTEX_POINT('',#2246);
#638=VERTEX_POINT('',#2250);
#639=VERTEX_POINT('',#2254);
#640=VERTEX_POINT('',#2258);
#641=VERTEX_POINT('',#2266);
#642=VERTEX_POINT('',#2268);
#643=VERTEX_POINT('',#2270);
#644=VERTEX_POINT('',#2272);
#645=VERTEX_POINT('',#2274);
#646=VERTEX_POINT('',#2276);
#647=VERTEX_POINT('',#2280);
#648=VERTEX_POINT('',#2282);
#649=VERTEX_POINT('',#2286);
#650=VERTEX_POINT('',#2288);
#651=VERTEX_POINT('',#2294);
#652=VERTEX_POINT('',#2298);
#653=VERTEX_POINT('',#2302);
#654=VERTEX_POINT('',#2304);
#655=VERTEX_POINT('',#2307);
#656=VERTEX_POINT('',#2308);
#657=VERTEX_POINT('',#2310);
#658=VERTEX_POINT('',#2312);
#659=EDGE_CURVE('',#540,#541,#296,.T.);
#660=EDGE_CURVE('',#541,#542,#297,.T.);
#661=EDGE_CURVE('',#542,#543,#298,.T.);
#662=EDGE_CURVE('',#543,#540,#291,.T.);
#663=EDGE_CURVE('',#541,#544,#52,.T.);
#664=EDGE_CURVE('',#544,#545,#299,.T.);
#665=EDGE_CURVE('',#545,#542,#53,.T.);
#666=EDGE_CURVE('',#546,#547,#300,.T.);
#667=EDGE_CURVE('',#547,#545,#301,.T.);
#668=EDGE_CURVE('',#544,#546,#302,.T.);
#669=EDGE_CURVE('',#546,#548,#54,.T.);
#670=EDGE_CURVE('',#548,#549,#303,.T.);
#671=EDGE_CURVE('',#549,#547,#55,.T.);
#672=EDGE_CURVE('',#550,#551,#304,.T.);
#673=EDGE_CURVE('',#551,#549,#305,.T.);
#674=EDGE_CURVE('',#548,#550,#306,.T.);
#675=EDGE_CURVE('',#550,#552,#56,.T.);
#676=EDGE_CURVE('',#552,#553,#307,.T.);
#677=EDGE_CURVE('',#553,#551,#57,.T.);
#678=EDGE_CURVE('',#554,#555,#308,.T.);
#679=EDGE_CURVE('',#555,#553,#309,.T.);
#680=EDGE_CURVE('',#552,#554,#310,.T.);
#681=EDGE_CURVE('',#554,#556,#58,.T.);
#682=EDGE_CURVE('',#556,#557,#311,.T.);
#683=EDGE_CURVE('',#557,#555,#59,.T.);
#684=EDGE_CURVE('',#558,#559,#312,.T.);
#685=EDGE_CURVE('',#559,#557,#60,.T.);
#686=EDGE_CURVE('',#556,#558,#61,.T.);
#687=EDGE_CURVE('',#558,#560,#62,.T.);
#688=EDGE_CURVE('',#560,#561,#313,.T.);
#689=EDGE_CURVE('',#561,#559,#63,.T.);
#690=EDGE_CURVE('',#562,#563,#314,.T.);
#691=EDGE_CURVE('',#563,#561,#315,.T.);
#692=EDGE_CURVE('',#560,#562,#316,.T.);
#693=EDGE_CURVE('',#562,#564,#64,.T.);
#694=EDGE_CURVE('',#564,#565,#317,.T.);
#695=EDGE_CURVE('',#565,#563,#65,.T.);
#696=EDGE_CURVE('',#566,#567,#318,.T.);
#697=EDGE_CURVE('',#567,#565,#319,.T.);
#698=EDGE_CURVE('',#564,#566,#320,.T.);
#699=EDGE_CURVE('',#566,#568,#66,.T.);
#700=EDGE_CURVE('',#568,#569,#321,.T.);
#701=EDGE_CURVE('',#569,#567,#67,.T.);
#702=EDGE_CURVE('',#570,#571,#322,.T.);
#703=EDGE_CURVE('',#571,#569,#323,.T.);
#704=EDGE_CURVE('',#568,#570,#324,.T.);
#705=EDGE_CURVE('',#570,#572,#68,.T.);
#706=EDGE_CURVE('',#572,#573,#325,.T.);
#707=EDGE_CURVE('',#573,#571,#69,.T.);
#708=EDGE_CURVE('',#543,#573,#70,.T.);
#709=EDGE_CURVE('',#572,#540,#71,.T.);
#710=EDGE_CURVE('',#556,#574,#326,.T.);
#711=EDGE_CURVE('',#575,#574,#72,.T.);
#712=EDGE_CURVE('',#558,#575,#327,.T.);
#713=EDGE_CURVE('',#554,#576,#328,.T.);
#714=EDGE_CURVE('',#574,#576,#73,.F.);
#715=EDGE_CURVE('',#577,#552,#329,.T.);
#716=EDGE_CURVE('',#576,#577,#330,.F.);
#717=EDGE_CURVE('',#550,#578,#331,.T.);
#718=EDGE_CURVE('',#578,#577,#74,.T.);
#719=EDGE_CURVE('',#579,#548,#332,.T.);
#720=EDGE_CURVE('',#578,#579,#333,.F.);
#721=EDGE_CURVE('',#546,#580,#334,.T.);
#722=EDGE_CURVE('',#580,#579,#75,.T.);
#723=EDGE_CURVE('',#581,#544,#335,.T.);
#724=EDGE_CURVE('',#580,#581,#336,.F.);
#725=EDGE_CURVE('',#541,#582,#337,.T.);
#726=EDGE_CURVE('',#582,#581,#76,.T.);
#727=EDGE_CURVE('',#540,#583,#338,.T.);
#728=EDGE_CURVE('',#582,#583,#339,.T.);
#729=EDGE_CURVE('',#584,#585,#77,.T.);
#730=EDGE_CURVE('',#585,#586,#340,.T.);
#731=EDGE_CURVE('',#586,#587,#78,.T.);
#732=EDGE_CURVE('',#587,#584,#341,.T.);
#733=EDGE_CURVE('',#588,#588,#79,.T.);
#734=EDGE_CURVE('',#588,#589,#342,.T.);
#735=EDGE_CURVE('',#589,#589,#80,.T.);
#736=EDGE_CURVE('',#590,#590,#81,.T.);
#737=EDGE_CURVE('',#590,#591,#343,.T.);
#738=EDGE_CURVE('',#591,#591,#82,.T.);
#739=EDGE_CURVE('',#570,#592,#344,.T.);
#740=EDGE_CURVE('',#592,#593,#83,.T.);
#741=EDGE_CURVE('',#572,#593,#345,.T.);
#742=EDGE_CURVE('',#575,#594,#84,.T.);
#743=EDGE_CURVE('',#594,#560,#346,.T.);
#744=EDGE_CURVE('',#583,#593,#85,.T.);
#745=EDGE_CURVE('',#595,#568,#347,.T.);
#746=EDGE_CURVE('',#592,#595,#348,.F.);
#747=EDGE_CURVE('',#596,#594,#349,.F.);
#748=EDGE_CURVE('',#562,#596,#350,.T.);
#749=EDGE_CURVE('',#597,#598,#351,.T.);
#750=EDGE_CURVE('',#598,#599,#352,.T.);
#751=EDGE_CURVE('',#599,#600,#353,.T.);
#752=EDGE_CURVE('',#600,#597,#354,.T.);
#753=EDGE_CURVE('',#601,#602,#355,.T.);
#754=EDGE_CURVE('',#603,#601,#356,.T.);
#755=EDGE_CURVE('',#603,#604,#357,.T.);
#756=EDGE_CURVE('',#604,#605,#358,.T.);
#757=EDGE_CURVE('',#606,#605,#359,.T.);
#758=EDGE_CURVE('',#606,#607,#360,.T.);
#759=EDGE_CURVE('',#607,#608,#361,.T.);
#760=EDGE_CURVE('',#608,#602,#362,.T.);
#761=EDGE_CURVE('',#609,#595,#86,.T.);
#762=EDGE_CURVE('',#609,#610,#363,.F.);
#763=EDGE_CURVE('',#611,#610,#292,.T.);
#764=EDGE_CURVE('',#611,#612,#364,.T.);
#765=EDGE_CURVE('',#612,#613,#293,.T.);
#766=EDGE_CURVE('',#613,#614,#365,.T.);
#767=EDGE_CURVE('',#614,#615,#366,.T.);
#768=EDGE_CURVE('',#615,#616,#367,.T.);
#769=EDGE_CURVE('',#616,#617,#368,.T.);
#770=EDGE_CURVE('',#617,#618,#369,.T.);
#771=EDGE_CURVE('',#618,#619,#294,.T.);
#772=EDGE_CURVE('',#619,#620,#370,.T.);
#773=EDGE_CURVE('',#621,#620,#295,.T.);
#774=EDGE_CURVE('',#621,#622,#371,.F.);
#775=EDGE_CURVE('',#596,#622,#87,.T.);
#776=EDGE_CURVE('',#622,#564,#372,.T.);
#777=EDGE_CURVE('',#623,#621,#88,.T.);
#778=EDGE_CURVE('',#624,#623,#373,.T.);
#779=EDGE_CURVE('',#625,#624,#89,.T.);
#780=EDGE_CURVE('',#626,#625,#374,.T.);
#781=EDGE_CURVE('',#627,#626,#90,.T.);
#782=EDGE_CURVE('',#628,#627,#375,.T.);
#783=EDGE_CURVE('',#610,#628,#91,.T.);
#784=EDGE_CURVE('',#566,#609,#376,.T.);
#785=EDGE_CURVE('',#620,#629,#92,.T.);
#786=EDGE_CURVE('',#629,#623,#93,.T.);
#787=EDGE_CURVE('',#630,#624,#94,.T.);
#788=EDGE_CURVE('',#629,#630,#377,.T.);
#789=EDGE_CURVE('',#631,#625,#95,.T.);
#790=EDGE_CURVE('',#630,#631,#96,.T.);
#791=EDGE_CURVE('',#632,#626,#97,.T.);
#792=EDGE_CURVE('',#631,#632,#378,.T.);
#793=EDGE_CURVE('',#633,#627,#98,.T.);
#794=EDGE_CURVE('',#632,#633,#99,.T.);
#795=EDGE_CURVE('',#634,#628,#100,.T.);
#796=EDGE_CURVE('',#633,#634,#379,.T.);
#797=EDGE_CURVE('',#634,#611,#101,.T.);
#798=EDGE_CURVE('',#634,#635,#380,.T.);
#799=EDGE_CURVE('',#612,#635,#102,.T.);
#800=EDGE_CURVE('',#633,#636,#381,.T.);
#801=EDGE_CURVE('',#635,#636,#382,.T.);
#802=EDGE_CURVE('',#632,#637,#383,.T.);
#803=EDGE_CURVE('',#636,#637,#103,.T.);
#804=EDGE_CURVE('',#631,#638,#384,.T.);
#805=EDGE_CURVE('',#637,#638,#385,.T.);
#806=EDGE_CURVE('',#630,#639,#386,.T.);
#807=EDGE_CURVE('',#638,#639,#104,.T.);
#808=EDGE_CURVE('',#629,#640,#387,.T.);
#809=EDGE_CURVE('',#639,#640,#388,.T.);
#810=EDGE_CURVE('',#640,#619,#105,.T.);
#811=EDGE_CURVE('',#598,#617,#389,.T.);
#812=EDGE_CURVE('',#597,#614,#390,.T.);
#813=EDGE_CURVE('',#641,#613,#106,.T.);
#814=EDGE_CURVE('',#642,#641,#391,.T.);
#815=EDGE_CURVE('',#643,#642,#107,.T.);
#816=EDGE_CURVE('',#644,#643,#392,.T.);
#817=EDGE_CURVE('',#645,#644,#108,.T.);
#818=EDGE_CURVE('',#646,#645,#393,.T.);
#819=EDGE_CURVE('',#618,#646,#109,.T.);
#820=EDGE_CURVE('',#603,#647,#394,.T.);
#821=EDGE_CURVE('',#647,#648,#395,.T.);
#822=EDGE_CURVE('',#648,#604,#396,.T.);
#823=EDGE_CURVE('',#649,#601,#397,.T.);
#824=EDGE_CURVE('',#602,#650,#398,.T.);
#825=EDGE_CURVE('',#649,#650,#399,.T.);
#826=EDGE_CURVE('',#647,#649,#400,.T.);
#827=EDGE_CURVE('',#651,#605,#401,.T.);
#828=EDGE_CURVE('',#648,#651,#402,.T.);
#829=EDGE_CURVE('',#652,#651,#403,.T.);
#830=EDGE_CURVE('',#606,#652,#404,.T.);
#831=EDGE_CURVE('',#650,#653,#405,.T.);
#832=EDGE_CURVE('',#654,#653,#406,.T.);
#833=EDGE_CURVE('',#652,#654,#407,.T.);
#834=EDGE_CURVE('',#655,#656,#110,.T.);
#835=EDGE_CURVE('',#656,#657,#408,.T.);
#836=EDGE_CURVE('',#657,#658,#111,.T.);
#837=EDGE_CURVE('',#658,#655,#409,.T.);
#838=EDGE_CURVE('',#584,#656,#410,.T.);
#839=EDGE_CURVE('',#585,#655,#411,.T.);
#840=EDGE_CURVE('',#587,#657,#412,.T.);
#841=EDGE_CURVE('',#586,#658,#413,.T.);
#842=EDGE_CURVE('',#641,#635,#112,.T.);
#843=EDGE_CURVE('',#642,#636,#113,.T.);
#844=EDGE_CURVE('',#643,#637,#114,.T.);
#845=EDGE_CURVE('',#638,#644,#115,.T.);
#846=EDGE_CURVE('',#599,#616,#414,.T.);
#847=EDGE_CURVE('',#653,#608,#415,.T.);
#848=EDGE_CURVE('',#607,#654,#416,.T.);
#849=EDGE_CURVE('',#640,#646,#116,.T.);
#850=EDGE_CURVE('',#639,#645,#117,.T.);
#851=EDGE_CURVE('',#600,#615,#417,.T.);
#852=ORIENTED_EDGE('',*,*,#659,.T.);
#853=ORIENTED_EDGE('',*,*,#660,.T.);
#854=ORIENTED_EDGE('',*,*,#661,.T.);
#855=ORIENTED_EDGE('',*,*,#662,.T.);
#856=ORIENTED_EDGE('',*,*,#660,.F.);
#857=ORIENTED_EDGE('',*,*,#663,.T.);
#858=ORIENTED_EDGE('',*,*,#664,.T.);
#859=ORIENTED_EDGE('',*,*,#665,.T.);
#860=ORIENTED_EDGE('',*,*,#666,.T.);
#861=ORIENTED_EDGE('',*,*,#667,.T.);
#862=ORIENTED_EDGE('',*,*,#664,.F.);
#863=ORIENTED_EDGE('',*,*,#668,.T.);
#864=ORIENTED_EDGE('',*,*,#666,.F.);
#865=ORIENTED_EDGE('',*,*,#669,.T.);
#866=ORIENTED_EDGE('',*,*,#670,.T.);
#867=ORIENTED_EDGE('',*,*,#671,.T.);
#868=ORIENTED_EDGE('',*,*,#672,.T.);
#869=ORIENTED_EDGE('',*,*,#673,.T.);
#870=ORIENTED_EDGE('',*,*,#670,.F.);
#871=ORIENTED_EDGE('',*,*,#674,.T.);
#872=ORIENTED_EDGE('',*,*,#672,.F.);
#873=ORIENTED_EDGE('',*,*,#675,.T.);
#874=ORIENTED_EDGE('',*,*,#676,.T.);
#875=ORIENTED_EDGE('',*,*,#677,.T.);
#876=ORIENTED_EDGE('',*,*,#678,.T.);
#877=ORIENTED_EDGE('',*,*,#679,.T.);
#878=ORIENTED_EDGE('',*,*,#676,.F.);
#879=ORIENTED_EDGE('',*,*,#680,.T.);
#880=ORIENTED_EDGE('',*,*,#678,.F.);
#881=ORIENTED_EDGE('',*,*,#681,.T.);
#882=ORIENTED_EDGE('',*,*,#682,.T.);
#883=ORIENTED_EDGE('',*,*,#683,.T.);
#884=ORIENTED_EDGE('',*,*,#684,.T.);
#885=ORIENTED_EDGE('',*,*,#685,.T.);
#886=ORIENTED_EDGE('',*,*,#682,.F.);
#887=ORIENTED_EDGE('',*,*,#686,.T.);
#888=ORIENTED_EDGE('',*,*,#684,.F.);
#889=ORIENTED_EDGE('',*,*,#687,.T.);
#890=ORIENTED_EDGE('',*,*,#688,.T.);
#891=ORIENTED_EDGE('',*,*,#689,.T.);
#892=ORIENTED_EDGE('',*,*,#690,.T.);
#893=ORIENTED_EDGE('',*,*,#691,.T.);
#894=ORIENTED_EDGE('',*,*,#688,.F.);
#895=ORIENTED_EDGE('',*,*,#692,.T.);
#896=ORIENTED_EDGE('',*,*,#690,.F.);
#897=ORIENTED_EDGE('',*,*,#693,.T.);
#898=ORIENTED_EDGE('',*,*,#694,.T.);
#899=ORIENTED_EDGE('',*,*,#695,.T.);
#900=ORIENTED_EDGE('',*,*,#696,.T.);
#901=ORIENTED_EDGE('',*,*,#697,.T.);
#902=ORIENTED_EDGE('',*,*,#694,.F.);
#903=ORIENTED_EDGE('',*,*,#698,.T.);
#904=ORIENTED_EDGE('',*,*,#696,.F.);
#905=ORIENTED_EDGE('',*,*,#699,.T.);
#906=ORIENTED_EDGE('',*,*,#700,.T.);
#907=ORIENTED_EDGE('',*,*,#701,.T.);
#908=ORIENTED_EDGE('',*,*,#702,.T.);
#909=ORIENTED_EDGE('',*,*,#703,.T.);
#910=ORIENTED_EDGE('',*,*,#700,.F.);
#911=ORIENTED_EDGE('',*,*,#704,.T.);
#912=ORIENTED_EDGE('',*,*,#702,.F.);
#913=ORIENTED_EDGE('',*,*,#705,.T.);
#914=ORIENTED_EDGE('',*,*,#706,.T.);
#915=ORIENTED_EDGE('',*,*,#707,.T.);
#916=ORIENTED_EDGE('',*,*,#708,.T.);
#917=ORIENTED_EDGE('',*,*,#706,.F.);
#918=ORIENTED_EDGE('',*,*,#709,.T.);
#919=ORIENTED_EDGE('',*,*,#662,.F.);
#920=ORIENTED_EDGE('',*,*,#686,.F.);
#921=ORIENTED_EDGE('',*,*,#710,.T.);
#922=ORIENTED_EDGE('',*,*,#711,.F.);
#923=ORIENTED_EDGE('',*,*,#712,.F.);
#924=ORIENTED_EDGE('',*,*,#681,.F.);
#925=ORIENTED_EDGE('',*,*,#713,.T.);
#926=ORIENTED_EDGE('',*,*,#714,.F.);
#927=ORIENTED_EDGE('',*,*,#710,.F.);
#928=ORIENTED_EDGE('',*,*,#680,.F.);
#929=ORIENTED_EDGE('',*,*,#715,.F.);
#930=ORIENTED_EDGE('',*,*,#716,.F.);
#931=ORIENTED_EDGE('',*,*,#713,.F.);
#932=ORIENTED_EDGE('',*,*,#675,.F.);
#933=ORIENTED_EDGE('',*,*,#717,.T.);
#934=ORIENTED_EDGE('',*,*,#718,.T.);
#935=ORIENTED_EDGE('',*,*,#715,.T.);
#936=ORIENTED_EDGE('',*,*,#674,.F.);
#937=ORIENTED_EDGE('',*,*,#719,.F.);
#938=ORIENTED_EDGE('',*,*,#720,.F.);
#939=ORIENTED_EDGE('',*,*,#717,.F.);
#940=ORIENTED_EDGE('',*,*,#669,.F.);
#941=ORIENTED_EDGE('',*,*,#721,.T.);
#942=ORIENTED_EDGE('',*,*,#722,.T.);
#943=ORIENTED_EDGE('',*,*,#719,.T.);
#944=ORIENTED_EDGE('',*,*,#668,.F.);
#945=ORIENTED_EDGE('',*,*,#723,.F.);
#946=ORIENTED_EDGE('',*,*,#724,.F.);
#947=ORIENTED_EDGE('',*,*,#721,.F.);
#948=ORIENTED_EDGE('',*,*,#663,.F.);
#949=ORIENTED_EDGE('',*,*,#725,.T.);
#950=ORIENTED_EDGE('',*,*,#726,.T.);
#951=ORIENTED_EDGE('',*,*,#723,.T.);
#952=ORIENTED_EDGE('',*,*,#659,.F.);
#953=ORIENTED_EDGE('',*,*,#727,.T.);
#954=ORIENTED_EDGE('',*,*,#728,.F.);
#955=ORIENTED_EDGE('',*,*,#725,.F.);
#956=ORIENTED_EDGE('',*,*,#661,.F.);
#957=ORIENTED_EDGE('',*,*,#665,.F.);
#958=ORIENTED_EDGE('',*,*,#667,.F.);
#959=ORIENTED_EDGE('',*,*,#671,.F.);
#960=ORIENTED_EDGE('',*,*,#673,.F.);
#961=ORIENTED_EDGE('',*,*,#677,.F.);
#962=ORIENTED_EDGE('',*,*,#679,.F.);
#963=ORIENTED_EDGE('',*,*,#683,.F.);
#964=ORIENTED_EDGE('',*,*,#685,.F.);
#965=ORIENTED_EDGE('',*,*,#689,.F.);
#966=ORIENTED_EDGE('',*,*,#691,.F.);
#967=ORIENTED_EDGE('',*,*,#695,.F.);
#968=ORIENTED_EDGE('',*,*,#697,.F.);
#969=ORIENTED_EDGE('',*,*,#701,.F.);
#970=ORIENTED_EDGE('',*,*,#703,.F.);
#971=ORIENTED_EDGE('',*,*,#707,.F.);
#972=ORIENTED_EDGE('',*,*,#708,.F.);
#973=ORIENTED_EDGE('',*,*,#729,.T.);
#974=ORIENTED_EDGE('',*,*,#730,.T.);
#975=ORIENTED_EDGE('',*,*,#731,.T.);
#976=ORIENTED_EDGE('',*,*,#732,.T.);
#977=ORIENTED_EDGE('',*,*,#733,.F.);
#978=ORIENTED_EDGE('',*,*,#734,.T.);
#979=ORIENTED_EDGE('',*,*,#735,.T.);
#980=ORIENTED_EDGE('',*,*,#734,.F.);
#981=ORIENTED_EDGE('',*,*,#735,.F.);
#982=ORIENTED_EDGE('',*,*,#736,.F.);
#983=ORIENTED_EDGE('',*,*,#737,.T.);
#984=ORIENTED_EDGE('',*,*,#738,.T.);
#985=ORIENTED_EDGE('',*,*,#737,.F.);
#986=ORIENTED_EDGE('',*,*,#738,.F.);
#987=ORIENTED_EDGE('',*,*,#705,.F.);
#988=ORIENTED_EDGE('',*,*,#739,.T.);
#989=ORIENTED_EDGE('',*,*,#740,.T.);
#990=ORIENTED_EDGE('',*,*,#741,.F.);
#991=ORIENTED_EDGE('',*,*,#687,.F.);
#992=ORIENTED_EDGE('',*,*,#712,.T.);
#993=ORIENTED_EDGE('',*,*,#742,.T.);
#994=ORIENTED_EDGE('',*,*,#743,.T.);
#995=ORIENTED_EDGE('',*,*,#709,.F.);
#996=ORIENTED_EDGE('',*,*,#741,.T.);
#997=ORIENTED_EDGE('',*,*,#744,.F.);
#998=ORIENTED_EDGE('',*,*,#727,.F.);
#999=ORIENTED_EDGE('',*,*,#704,.F.);
#1000=ORIENTED_EDGE('',*,*,#745,.F.);
#1001=ORIENTED_EDGE('',*,*,#746,.F.);
#1002=ORIENTED_EDGE('',*,*,#739,.F.);
#1003=ORIENTED_EDGE('',*,*,#692,.F.);
#1004=ORIENTED_EDGE('',*,*,#743,.F.);
#1005=ORIENTED_EDGE('',*,*,#747,.F.);
#1006=ORIENTED_EDGE('',*,*,#748,.F.);
#1007=ORIENTED_EDGE('',*,*,#749,.T.);
#1008=ORIENTED_EDGE('',*,*,#750,.T.);
#1009=ORIENTED_EDGE('',*,*,#751,.T.);
#1010=ORIENTED_EDGE('',*,*,#752,.T.);
#1011=ORIENTED_EDGE('',*,*,#753,.F.);
#1012=ORIENTED_EDGE('',*,*,#754,.F.);
#1013=ORIENTED_EDGE('',*,*,#755,.T.);
#1014=ORIENTED_EDGE('',*,*,#756,.T.);
#1015=ORIENTED_EDGE('',*,*,#757,.F.);
#1016=ORIENTED_EDGE('',*,*,#758,.T.);
#1017=ORIENTED_EDGE('',*,*,#759,.T.);
#1018=ORIENTED_EDGE('',*,*,#760,.T.);
#1019=ORIENTED_EDGE('',*,*,#722,.F.);
#1020=ORIENTED_EDGE('',*,*,#724,.T.);
#1021=ORIENTED_EDGE('',*,*,#726,.F.);
#1022=ORIENTED_EDGE('',*,*,#728,.T.);
#1023=ORIENTED_EDGE('',*,*,#744,.T.);
#1024=ORIENTED_EDGE('',*,*,#740,.F.);
#1025=ORIENTED_EDGE('',*,*,#746,.T.);
#1026=ORIENTED_EDGE('',*,*,#761,.F.);
#1027=ORIENTED_EDGE('',*,*,#762,.T.);
#1028=ORIENTED_EDGE('',*,*,#763,.F.);
#1029=ORIENTED_EDGE('',*,*,#764,.T.);
#1030=ORIENTED_EDGE('',*,*,#765,.T.);
#1031=ORIENTED_EDGE('',*,*,#766,.T.);
#1032=ORIENTED_EDGE('',*,*,#767,.T.);
#1033=ORIENTED_EDGE('',*,*,#768,.T.);
#1034=ORIENTED_EDGE('',*,*,#769,.T.);
#1035=ORIENTED_EDGE('',*,*,#770,.T.);
#1036=ORIENTED_EDGE('',*,*,#771,.T.);
#1037=ORIENTED_EDGE('',*,*,#772,.T.);
#1038=ORIENTED_EDGE('',*,*,#773,.F.);
#1039=ORIENTED_EDGE('',*,*,#774,.T.);
#1040=ORIENTED_EDGE('',*,*,#775,.F.);
#1041=ORIENTED_EDGE('',*,*,#747,.T.);
#1042=ORIENTED_EDGE('',*,*,#742,.F.);
#1043=ORIENTED_EDGE('',*,*,#711,.T.);
#1044=ORIENTED_EDGE('',*,*,#714,.T.);
#1045=ORIENTED_EDGE('',*,*,#716,.T.);
#1046=ORIENTED_EDGE('',*,*,#718,.F.);
#1047=ORIENTED_EDGE('',*,*,#720,.T.);
#1048=ORIENTED_EDGE('',*,*,#733,.T.);
#1049=ORIENTED_EDGE('',*,*,#736,.T.);
#1050=ORIENTED_EDGE('',*,*,#693,.F.);
#1051=ORIENTED_EDGE('',*,*,#748,.T.);
#1052=ORIENTED_EDGE('',*,*,#775,.T.);
#1053=ORIENTED_EDGE('',*,*,#776,.T.);
#1054=ORIENTED_EDGE('',*,*,#698,.F.);
#1055=ORIENTED_EDGE('',*,*,#776,.F.);
#1056=ORIENTED_EDGE('',*,*,#774,.F.);
#1057=ORIENTED_EDGE('',*,*,#777,.F.);
#1058=ORIENTED_EDGE('',*,*,#778,.F.);
#1059=ORIENTED_EDGE('',*,*,#779,.F.);
#1060=ORIENTED_EDGE('',*,*,#780,.F.);
#1061=ORIENTED_EDGE('',*,*,#781,.F.);
#1062=ORIENTED_EDGE('',*,*,#782,.F.);
#1063=ORIENTED_EDGE('',*,*,#783,.F.);
#1064=ORIENTED_EDGE('',*,*,#762,.F.);
#1065=ORIENTED_EDGE('',*,*,#784,.F.);
#1066=ORIENTED_EDGE('',*,*,#699,.F.);
#1067=ORIENTED_EDGE('',*,*,#784,.T.);
#1068=ORIENTED_EDGE('',*,*,#761,.T.);
#1069=ORIENTED_EDGE('',*,*,#745,.T.);
#1070=ORIENTED_EDGE('',*,*,#773,.T.);
#1071=ORIENTED_EDGE('',*,*,#785,.T.);
#1072=ORIENTED_EDGE('',*,*,#786,.T.);
#1073=ORIENTED_EDGE('',*,*,#777,.T.);
#1074=ORIENTED_EDGE('',*,*,#787,.T.);
#1075=ORIENTED_EDGE('',*,*,#778,.T.);
#1076=ORIENTED_EDGE('',*,*,#786,.F.);
#1077=ORIENTED_EDGE('',*,*,#788,.T.);
#1078=ORIENTED_EDGE('',*,*,#789,.T.);
#1079=ORIENTED_EDGE('',*,*,#779,.T.);
#1080=ORIENTED_EDGE('',*,*,#787,.F.);
#1081=ORIENTED_EDGE('',*,*,#790,.T.);
#1082=ORIENTED_EDGE('',*,*,#791,.T.);
#1083=ORIENTED_EDGE('',*,*,#780,.T.);
#1084=ORIENTED_EDGE('',*,*,#789,.F.);
#1085=ORIENTED_EDGE('',*,*,#792,.T.);
#1086=ORIENTED_EDGE('',*,*,#793,.T.);
#1087=ORIENTED_EDGE('',*,*,#781,.T.);
#1088=ORIENTED_EDGE('',*,*,#791,.F.);
#1089=ORIENTED_EDGE('',*,*,#794,.T.);
#1090=ORIENTED_EDGE('',*,*,#795,.T.);
#1091=ORIENTED_EDGE('',*,*,#782,.T.);
#1092=ORIENTED_EDGE('',*,*,#793,.F.);
#1093=ORIENTED_EDGE('',*,*,#796,.T.);
#1094=ORIENTED_EDGE('',*,*,#763,.T.);
#1095=ORIENTED_EDGE('',*,*,#783,.T.);
#1096=ORIENTED_EDGE('',*,*,#795,.F.);
#1097=ORIENTED_EDGE('',*,*,#797,.T.);
#1098=ORIENTED_EDGE('',*,*,#797,.F.);
#1099=ORIENTED_EDGE('',*,*,#798,.T.);
#1100=ORIENTED_EDGE('',*,*,#799,.F.);
#1101=ORIENTED_EDGE('',*,*,#764,.F.);
#1102=ORIENTED_EDGE('',*,*,#796,.F.);
#1103=ORIENTED_EDGE('',*,*,#800,.T.);
#1104=ORIENTED_EDGE('',*,*,#801,.F.);
#1105=ORIENTED_EDGE('',*,*,#798,.F.);
#1106=ORIENTED_EDGE('',*,*,#794,.F.);
#1107=ORIENTED_EDGE('',*,*,#802,.T.);
#1108=ORIENTED_EDGE('',*,*,#803,.F.);
#1109=ORIENTED_EDGE('',*,*,#800,.F.);
#1110=ORIENTED_EDGE('',*,*,#792,.F.);
#1111=ORIENTED_EDGE('',*,*,#804,.T.);
#1112=ORIENTED_EDGE('',*,*,#805,.F.);
#1113=ORIENTED_EDGE('',*,*,#802,.F.);
#1114=ORIENTED_EDGE('',*,*,#790,.F.);
#1115=ORIENTED_EDGE('',*,*,#806,.T.);
#1116=ORIENTED_EDGE('',*,*,#807,.F.);
#1117=ORIENTED_EDGE('',*,*,#804,.F.);
#1118=ORIENTED_EDGE('',*,*,#788,.F.);
#1119=ORIENTED_EDGE('',*,*,#808,.T.);
#1120=ORIENTED_EDGE('',*,*,#809,.F.);
#1121=ORIENTED_EDGE('',*,*,#806,.F.);
#1122=ORIENTED_EDGE('',*,*,#785,.F.);
#1123=ORIENTED_EDGE('',*,*,#772,.F.);
#1124=ORIENTED_EDGE('',*,*,#810,.F.);
#1125=ORIENTED_EDGE('',*,*,#808,.F.);
#1126=ORIENTED_EDGE('',*,*,#770,.F.);
#1127=ORIENTED_EDGE('',*,*,#811,.F.);
#1128=ORIENTED_EDGE('',*,*,#749,.F.);
#1129=ORIENTED_EDGE('',*,*,#812,.T.);
#1130=ORIENTED_EDGE('',*,*,#766,.F.);
#1131=ORIENTED_EDGE('',*,*,#813,.F.);
#1132=ORIENTED_EDGE('',*,*,#814,.F.);
#1133=ORIENTED_EDGE('',*,*,#815,.F.);
#1134=ORIENTED_EDGE('',*,*,#816,.F.);
#1135=ORIENTED_EDGE('',*,*,#817,.F.);
#1136=ORIENTED_EDGE('',*,*,#818,.F.);
#1137=ORIENTED_EDGE('',*,*,#819,.F.);
#1138=ORIENTED_EDGE('',*,*,#820,.T.);
#1139=ORIENTED_EDGE('',*,*,#821,.T.);
#1140=ORIENTED_EDGE('',*,*,#822,.T.);
#1141=ORIENTED_EDGE('',*,*,#755,.F.);
#1142=ORIENTED_EDGE('',*,*,#823,.T.);
#1143=ORIENTED_EDGE('',*,*,#753,.T.);
#1144=ORIENTED_EDGE('',*,*,#824,.T.);
#1145=ORIENTED_EDGE('',*,*,#825,.F.);
#1146=ORIENTED_EDGE('',*,*,#820,.F.);
#1147=ORIENTED_EDGE('',*,*,#754,.T.);
#1148=ORIENTED_EDGE('',*,*,#823,.F.);
#1149=ORIENTED_EDGE('',*,*,#826,.F.);
#1150=ORIENTED_EDGE('',*,*,#827,.T.);
#1151=ORIENTED_EDGE('',*,*,#756,.F.);
#1152=ORIENTED_EDGE('',*,*,#822,.F.);
#1153=ORIENTED_EDGE('',*,*,#828,.T.);
#1154=ORIENTED_EDGE('',*,*,#757,.T.);
#1155=ORIENTED_EDGE('',*,*,#827,.F.);
#1156=ORIENTED_EDGE('',*,*,#829,.F.);
#1157=ORIENTED_EDGE('',*,*,#830,.F.);
#1158=ORIENTED_EDGE('',*,*,#825,.T.);
#1159=ORIENTED_EDGE('',*,*,#831,.T.);
#1160=ORIENTED_EDGE('',*,*,#832,.F.);
#1161=ORIENTED_EDGE('',*,*,#833,.F.);
#1162=ORIENTED_EDGE('',*,*,#829,.T.);
#1163=ORIENTED_EDGE('',*,*,#828,.F.);
#1164=ORIENTED_EDGE('',*,*,#821,.F.);
#1165=ORIENTED_EDGE('',*,*,#826,.T.);
#1166=ORIENTED_EDGE('',*,*,#834,.T.);
#1167=ORIENTED_EDGE('',*,*,#835,.T.);
#1168=ORIENTED_EDGE('',*,*,#836,.T.);
#1169=ORIENTED_EDGE('',*,*,#837,.T.);
#1170=ORIENTED_EDGE('',*,*,#729,.F.);
#1171=ORIENTED_EDGE('',*,*,#838,.T.);
#1172=ORIENTED_EDGE('',*,*,#834,.F.);
#1173=ORIENTED_EDGE('',*,*,#839,.F.);
#1174=ORIENTED_EDGE('',*,*,#732,.F.);
#1175=ORIENTED_EDGE('',*,*,#840,.T.);
#1176=ORIENTED_EDGE('',*,*,#835,.F.);
#1177=ORIENTED_EDGE('',*,*,#838,.F.);
#1178=ORIENTED_EDGE('',*,*,#836,.F.);
#1179=ORIENTED_EDGE('',*,*,#840,.F.);
#1180=ORIENTED_EDGE('',*,*,#731,.F.);
#1181=ORIENTED_EDGE('',*,*,#841,.T.);
#1182=ORIENTED_EDGE('',*,*,#842,.T.);
#1183=ORIENTED_EDGE('',*,*,#801,.T.);
#1184=ORIENTED_EDGE('',*,*,#843,.F.);
#1185=ORIENTED_EDGE('',*,*,#814,.T.);
#1186=ORIENTED_EDGE('',*,*,#843,.T.);
#1187=ORIENTED_EDGE('',*,*,#803,.T.);
#1188=ORIENTED_EDGE('',*,*,#844,.F.);
#1189=ORIENTED_EDGE('',*,*,#815,.T.);
#1190=ORIENTED_EDGE('',*,*,#816,.T.);
#1191=ORIENTED_EDGE('',*,*,#844,.T.);
#1192=ORIENTED_EDGE('',*,*,#805,.T.);
#1193=ORIENTED_EDGE('',*,*,#845,.T.);
#1194=ORIENTED_EDGE('',*,*,#769,.F.);
#1195=ORIENTED_EDGE('',*,*,#846,.F.);
#1196=ORIENTED_EDGE('',*,*,#750,.F.);
#1197=ORIENTED_EDGE('',*,*,#811,.T.);
#1198=ORIENTED_EDGE('',*,*,#847,.T.);
#1199=ORIENTED_EDGE('',*,*,#759,.F.);
#1200=ORIENTED_EDGE('',*,*,#848,.T.);
#1201=ORIENTED_EDGE('',*,*,#832,.T.);
#1202=ORIENTED_EDGE('',*,*,#830,.T.);
#1203=ORIENTED_EDGE('',*,*,#833,.T.);
#1204=ORIENTED_EDGE('',*,*,#848,.F.);
#1205=ORIENTED_EDGE('',*,*,#758,.F.);
#1206=ORIENTED_EDGE('',*,*,#847,.F.);
#1207=ORIENTED_EDGE('',*,*,#831,.F.);
#1208=ORIENTED_EDGE('',*,*,#824,.F.);
#1209=ORIENTED_EDGE('',*,*,#760,.F.);
#1210=ORIENTED_EDGE('',*,*,#730,.F.);
#1211=ORIENTED_EDGE('',*,*,#839,.T.);
#1212=ORIENTED_EDGE('',*,*,#837,.F.);
#1213=ORIENTED_EDGE('',*,*,#841,.F.);
#1214=ORIENTED_EDGE('',*,*,#771,.F.);
#1215=ORIENTED_EDGE('',*,*,#819,.T.);
#1216=ORIENTED_EDGE('',*,*,#849,.F.);
#1217=ORIENTED_EDGE('',*,*,#810,.T.);
#1218=ORIENTED_EDGE('',*,*,#849,.T.);
#1219=ORIENTED_EDGE('',*,*,#818,.T.);
#1220=ORIENTED_EDGE('',*,*,#850,.F.);
#1221=ORIENTED_EDGE('',*,*,#809,.T.);
#1222=ORIENTED_EDGE('',*,*,#850,.T.);
#1223=ORIENTED_EDGE('',*,*,#817,.T.);
#1224=ORIENTED_EDGE('',*,*,#845,.F.);
#1225=ORIENTED_EDGE('',*,*,#807,.T.);
#1226=ORIENTED_EDGE('',*,*,#765,.F.);
#1227=ORIENTED_EDGE('',*,*,#799,.T.);
#1228=ORIENTED_EDGE('',*,*,#842,.F.);
#1229=ORIENTED_EDGE('',*,*,#813,.T.);
#1230=ORIENTED_EDGE('',*,*,#767,.F.);
#1231=ORIENTED_EDGE('',*,*,#812,.F.);
#1232=ORIENTED_EDGE('',*,*,#752,.F.);
#1233=ORIENTED_EDGE('',*,*,#851,.T.);
#1234=ORIENTED_EDGE('',*,*,#768,.F.);
#1235=ORIENTED_EDGE('',*,*,#851,.F.);
#1236=ORIENTED_EDGE('',*,*,#751,.F.);
#1237=ORIENTED_EDGE('',*,*,#846,.T.);
#1238=PLANE('',#1356);
#1239=PLANE('',#1360);
#1240=PLANE('',#1364);
#1241=PLANE('',#1368);
#1242=PLANE('',#1378);
#1243=PLANE('',#1382);
#1244=PLANE('',#1386);
#1245=PLANE('',#1397);
#1246=PLANE('',#1400);
#1247=PLANE('',#1403);
#1248=PLANE('',#1406);
#1249=PLANE('',#1407);
#1250=PLANE('',#1413);
#1251=PLANE('',#1417);
#1252=PLANE('',#1424);
#1253=PLANE('',#1425);
#1254=PLANE('',#1426);
#1255=PLANE('',#1427);
#1256=PLANE('',#1431);
#1257=PLANE('',#1456);
#1258=PLANE('',#1459);
#1259=PLANE('',#1462);
#1260=PLANE('',#1465);
#1261=PLANE('',#1470);
#1262=PLANE('',#1471);
#1263=PLANE('',#1472);
#1264=PLANE('',#1473);
#1265=PLANE('',#1474);
#1266=PLANE('',#1475);
#1267=PLANE('',#1479);
#1268=PLANE('',#1488);
#1269=PLANE('',#1489);
#1270=PLANE('',#1490);
#1271=PLANE('',#1491);
#1272=PLANE('',#1492);
#1273=PLANE('',#1499);
#1274=PLANE('',#1500);
#1275=ADVANCED_FACE('',(#128),#1238,.T.);
#1276=ADVANCED_FACE('',(#129),#118,.F.);
#1277=ADVANCED_FACE('',(#130),#1239,.T.);
#1278=ADVANCED_FACE('',(#131),#119,.T.);
#1279=ADVANCED_FACE('',(#132),#1240,.T.);
#1280=ADVANCED_FACE('',(#133),#120,.T.);
#1281=ADVANCED_FACE('',(#134),#1241,.T.);
#1282=ADVANCED_FACE('',(#135),#121,.F.);
#1283=ADVANCED_FACE('',(#136),#122,.T.);
#1284=ADVANCED_FACE('',(#137),#123,.F.);
#1285=ADVANCED_FACE('',(#138),#1242,.T.);
#1286=ADVANCED_FACE('',(#139),#124,.T.);
#1287=ADVANCED_FACE('',(#140),#1243,.T.);
#1288=ADVANCED_FACE('',(#141),#125,.T.);
#1289=ADVANCED_FACE('',(#142),#1244,.T.);
#1290=ADVANCED_FACE('',(#143),#126,.F.);
#1291=ADVANCED_FACE('',(#144),#127,.T.);
#1292=ADVANCED_FACE('',(#145),#28,.T.);
#1293=ADVANCED_FACE('',(#146),#29,.F.);
#1294=ADVANCED_FACE('',(#147),#1245,.T.);
#1295=ADVANCED_FACE('',(#148),#30,.T.);
#1296=ADVANCED_FACE('',(#149),#1246,.T.);
#1297=ADVANCED_FACE('',(#150),#31,.T.);
#1298=ADVANCED_FACE('',(#151),#1247,.T.);
#1299=ADVANCED_FACE('',(#152),#32,.F.);
#1300=ADVANCED_FACE('',(#153),#1248,.T.);
#1301=ADVANCED_FACE('',(#154,#23),#1249,.T.);
#1302=ADVANCED_FACE('',(#155),#33,.F.);
#1303=ADVANCED_FACE('',(#156),#1250,.T.);
#1304=ADVANCED_FACE('',(#157),#34,.F.);
#1305=ADVANCED_FACE('',(#158),#1251,.T.);
#1306=ADVANCED_FACE('',(#159),#35,.F.);
#1307=ADVANCED_FACE('',(#160),#36,.F.);
#1308=ADVANCED_FACE('',(#161),#37,.T.);
#1309=ADVANCED_FACE('',(#162),#1252,.T.);
#1310=ADVANCED_FACE('',(#163),#1253,.T.);
#1311=ADVANCED_FACE('',(#164,#24),#1254,.T.);
#1312=ADVANCED_FACE('',(#165,#25,#26),#1255,.T.);
#1313=ADVANCED_FACE('',(#166),#38,.T.);
#1314=ADVANCED_FACE('',(#167),#1256,.T.);
#1315=ADVANCED_FACE('',(#168),#39,.T.);
#1316=ADVANCED_FACE('',(#169),#15,.T.);
#1317=ADVANCED_FACE('',(#170),#40,.T.);
#1318=ADVANCED_FACE('',(#171),#16,.T.);
#1319=ADVANCED_FACE('',(#172),#41,.T.);
#1320=ADVANCED_FACE('',(#173),#17,.T.);
#1321=ADVANCED_FACE('',(#174),#42,.T.);
#1322=ADVANCED_FACE('',(#175),#18,.T.);
#1323=ADVANCED_FACE('',(#176),#43,.F.);
#1324=ADVANCED_FACE('',(#177),#1257,.F.);
#1325=ADVANCED_FACE('',(#178),#44,.F.);
#1326=ADVANCED_FACE('',(#179),#1258,.F.);
#1327=ADVANCED_FACE('',(#180),#45,.F.);
#1328=ADVANCED_FACE('',(#181),#1259,.F.);
#1329=ADVANCED_FACE('',(#182),#46,.F.);
#1330=ADVANCED_FACE('',(#183),#1260,.F.);
#1331=ADVANCED_FACE('',(#184),#1261,.T.);
#1332=ADVANCED_FACE('',(#185),#1262,.T.);
#1333=ADVANCED_FACE('',(#186),#1263,.T.);
#1334=ADVANCED_FACE('',(#187),#1264,.T.);
#1335=ADVANCED_FACE('',(#188),#1265,.T.);
#1336=ADVANCED_FACE('',(#189,#27),#1266,.F.);
#1337=ADVANCED_FACE('',(#190),#47,.F.);
#1338=ADVANCED_FACE('',(#191),#1267,.F.);
#1339=ADVANCED_FACE('',(#192),#48,.F.);
#1340=ADVANCED_FACE('',(#193),#49,.T.);
#1341=ADVANCED_FACE('',(#194),#19,.T.);
#1342=ADVANCED_FACE('',(#195),#50,.T.);
#1343=ADVANCED_FACE('',(#196),#1268,.T.);
#1344=ADVANCED_FACE('',(#197),#1269,.T.);
#1345=ADVANCED_FACE('',(#198),#1270,.T.);
#1346=ADVANCED_FACE('',(#199),#1271,.T.);
#1347=ADVANCED_FACE('',(#200),#1272,.F.);
#1348=ADVANCED_FACE('',(#201),#20,.T.);
#1349=ADVANCED_FACE('',(#202),#51,.T.);
#1350=ADVANCED_FACE('',(#203),#21,.T.);
#1351=ADVANCED_FACE('',(#204),#22,.T.);
#1352=ADVANCED_FACE('',(#205),#1273,.T.);
#1353=ADVANCED_FACE('',(#206),#1274,.T.);
#1354=CLOSED_SHELL('',(#1275,#1276,#1277,#1278,#1279,#1280,#1281,#1282,
#1283,#1284,#1285,#1286,#1287,#1288,#1289,#1290,#1291,#1292,#1293,#1294,
#1295,#1296,#1297,#1298,#1299,#1300,#1301,#1302,#1303,#1304,#1305,#1306,
#1307,#1308,#1309,#1310,#1311,#1312,#1313,#1314,#1315,#1316,#1317,#1318,
#1319,#1320,#1321,#1322,#1323,#1324,#1325,#1326,#1327,#1328,#1329,#1330,
#1331,#1332,#1333,#1334,#1335,#1336,#1337,#1338,#1339,#1340,#1341,#1342,
#1343,#1344,#1345,#1346,#1347,#1348,#1349,#1350,#1351,#1352,#1353));
#1355=AXIS2_PLACEMENT_3D('',#1915,#1501,#1502);
#1356=AXIS2_PLACEMENT_3D('',#1916,#1503,#1504);
#1357=AXIS2_PLACEMENT_3D('',#1928,#1508,#1509);
#1358=AXIS2_PLACEMENT_3D('',#1930,#1510,#1511);
#1359=AXIS2_PLACEMENT_3D('',#1933,#1513,#1514);
#1360=AXIS2_PLACEMENT_3D('',#1934,#1515,#1516);
#1361=AXIS2_PLACEMENT_3D('',#1940,#1520,#1521);
#1362=AXIS2_PLACEMENT_3D('',#1942,#1522,#1523);
#1363=AXIS2_PLACEMENT_3D('',#1945,#1525,#1526);
#1364=AXIS2_PLACEMENT_3D('',#1946,#1527,#1528);
#1365=AXIS2_PLACEMENT_3D('',#1952,#1532,#1533);
#1366=AXIS2_PLACEMENT_3D('',#1954,#1534,#1535);
#1367=AXIS2_PLACEMENT_3D('',#1957,#1537,#1538);
#1368=AXIS2_PLACEMENT_3D('',#1958,#1539,#1540);
#1369=AXIS2_PLACEMENT_3D('',#1964,#1544,#1545);
#1370=AXIS2_PLACEMENT_3D('',#1966,#1546,#1547);
#1371=AXIS2_PLACEMENT_3D('',#1969,#1549,#1550);
#1372=AXIS2_PLACEMENT_3D('',#1970,#1551,#1552);
#1373=AXIS2_PLACEMENT_3D('',#1974,#1554,#1555);
#1374=AXIS2_PLACEMENT_3D('',#1975,#1556,#1557);
#1375=AXIS2_PLACEMENT_3D('',#1976,#1558,#1559);
#1376=AXIS2_PLACEMENT_3D('',#1978,#1560,#1561);
#1377=AXIS2_PLACEMENT_3D('',#1981,#1563,#1564);
#1378=AXIS2_PLACEMENT_3D('',#1982,#1565,#1566);
#1379=AXIS2_PLACEMENT_3D('',#1988,#1570,#1571);
#1380=AXIS2_PLACEMENT_3D('',#1990,#1572,#1573);
#1381=AXIS2_PLACEMENT_3D('',#1993,#1575,#1576);
#1382=AXIS2_PLACEMENT_3D('',#1994,#1577,#1578);
#1383=AXIS2_PLACEMENT_3D('',#2000,#1582,#1583);
#1384=AXIS2_PLACEMENT_3D('',#2002,#1584,#1585);
#1385=AXIS2_PLACEMENT_3D('',#2005,#1587,#1588);
#1386=AXIS2_PLACEMENT_3D('',#2006,#1589,#1590);
#1387=AXIS2_PLACEMENT_3D('',#2012,#1594,#1595);
#1388=AXIS2_PLACEMENT_3D('',#2014,#1596,#1597);
#1389=AXIS2_PLACEMENT_3D('',#2017,#1599,#1600);
#1390=AXIS2_PLACEMENT_3D('',#2018,#1601,#1602);
#1391=AXIS2_PLACEMENT_3D('',#2019,#1603,#1604);
#1392=AXIS2_PLACEMENT_3D('',#2020,#1605,#1606);
#1393=AXIS2_PLACEMENT_3D('',#2021,#1607,#1608);
#1394=AXIS2_PLACEMENT_3D('',#2025,#1610,#1611);
#1395=AXIS2_PLACEMENT_3D('',#2027,#1613,#1614);
#1396=AXIS2_PLACEMENT_3D('',#2030,#1616,#1617);
#1397=AXIS2_PLACEMENT_3D('',#2031,#1618,#1619);
#1398=AXIS2_PLACEMENT_3D('',#2035,#1622,#1623);
#1399=AXIS2_PLACEMENT_3D('',#2038,#1625,#1626);
#1400=AXIS2_PLACEMENT_3D('',#2039,#1627,#1628);
#1401=AXIS2_PLACEMENT_3D('',#2043,#1631,#1632);
#1402=AXIS2_PLACEMENT_3D('',#2046,#1634,#1635);
#1403=AXIS2_PLACEMENT_3D('',#2047,#1636,#1637);
#1404=AXIS2_PLACEMENT_3D('',#2051,#1640,#1641);
#1405=AXIS2_PLACEMENT_3D('',#2054,#1643,#1644);
#1406=AXIS2_PLACEMENT_3D('',#2055,#1645,#1646);
#1407=AXIS2_PLACEMENT_3D('',#2059,#1649,#1650);
#1408=AXIS2_PLACEMENT_3D('',#2062,#1651,#1652);
#1409=AXIS2_PLACEMENT_3D('',#2066,#1654,#1655);
#1410=AXIS2_PLACEMENT_3D('',#2068,#1657,#1658);
#1411=AXIS2_PLACEMENT_3D('',#2070,#1659,#1660);
#1412=AXIS2_PLACEMENT_3D('',#2073,#1662,#1663);
#1413=AXIS2_PLACEMENT_3D('',#2074,#1664,#1665);
#1414=AXIS2_PLACEMENT_3D('',#2075,#1666,#1667);
#1415=AXIS2_PLACEMENT_3D('',#2077,#1668,#1669);
#1416=AXIS2_PLACEMENT_3D('',#2080,#1671,#1672);
#1417=AXIS2_PLACEMENT_3D('',#2081,#1673,#1674);
#1418=AXIS2_PLACEMENT_3D('',#2082,#1675,#1676);
#1419=AXIS2_PLACEMENT_3D('',#2086,#1678,#1679);
#1420=AXIS2_PLACEMENT_3D('',#2088,#1681,#1682);
#1421=AXIS2_PLACEMENT_3D('',#2090,#1683,#1684);
#1422=AXIS2_PLACEMENT_3D('',#2092,#1686,#1687);
#1423=AXIS2_PLACEMENT_3D('',#2093,#1688,#1689);
#1424=AXIS2_PLACEMENT_3D('',#2094,#1690,#1691);
#1425=AXIS2_PLACEMENT_3D('',#2098,#1694,#1695);
#1426=AXIS2_PLACEMENT_3D('',#2102,#1698,#1699);
#1427=AXIS2_PLACEMENT_3D('',#2127,#1712,#1713);
#1428=AXIS2_PLACEMENT_3D('',#2129,#1714,#1715);
#1429=AXIS2_PLACEMENT_3D('',#2192,#1725,#1726);
#1430=AXIS2_PLACEMENT_3D('',#2193,#1727,#1728);
#1431=AXIS2_PLACEMENT_3D('',#2195,#1730,#1731);
#1432=AXIS2_PLACEMENT_3D('',#2197,#1732,#1733);
#1433=AXIS2_PLACEMENT_3D('',#2201,#1735,#1736);
#1434=AXIS2_PLACEMENT_3D('',#2205,#1738,#1739);
#1435=AXIS2_PLACEMENT_3D('',#2208,#1741,#1742);
#1436=AXIS2_PLACEMENT_3D('',#2210,#1744,#1745);
#1437=AXIS2_PLACEMENT_3D('',#2211,#1746,#1747);
#1438=AXIS2_PLACEMENT_3D('',#2213,#1748,#1749);
#1439=AXIS2_PLACEMENT_3D('',#2214,#1750,#1751);
#1440=AXIS2_PLACEMENT_3D('',#2215,#1752,#1753);
#1441=AXIS2_PLACEMENT_3D('',#2217,#1754,#1755);
#1442=AXIS2_PLACEMENT_3D('',#2219,#1757,#1758);
#1443=AXIS2_PLACEMENT_3D('',#2221,#1759,#1760);
#1444=AXIS2_PLACEMENT_3D('',#2222,#1761,#1762);
#1445=AXIS2_PLACEMENT_3D('',#2223,#1763,#1764);
#1446=AXIS2_PLACEMENT_3D('',#2225,#1765,#1766);
#1447=AXIS2_PLACEMENT_3D('',#2227,#1768,#1769);
#1448=AXIS2_PLACEMENT_3D('',#2229,#1770,#1771);
#1449=AXIS2_PLACEMENT_3D('',#2230,#1772,#1773);
#1450=AXIS2_PLACEMENT_3D('',#2231,#1774,#1775);
#1451=AXIS2_PLACEMENT_3D('',#2233,#1776,#1777);
#1452=AXIS2_PLACEMENT_3D('',#2235,#1779,#1780);
#1453=AXIS2_PLACEMENT_3D('',#2236,#1781,#1782);
#1454=AXIS2_PLACEMENT_3D('',#2237,#1783,#1784);
#1455=AXIS2_PLACEMENT_3D('',#2240,#1786,#1787);
#1456=AXIS2_PLACEMENT_3D('',#2241,#1788,#1789);
#1457=AXIS2_PLACEMENT_3D('',#2245,#1792,#1793);
#1458=AXIS2_PLACEMENT_3D('',#2248,#1795,#1796);
#1459=AXIS2_PLACEMENT_3D('',#2249,#1797,#1798);
#1460=AXIS2_PLACEMENT_3D('',#2253,#1801,#1802);
#1461=AXIS2_PLACEMENT_3D('',#2256,#1804,#1805);
#1462=AXIS2_PLACEMENT_3D('',#2257,#1806,#1807);
#1463=AXIS2_PLACEMENT_3D('',#2261,#1810,#1811);
#1464=AXIS2_PLACEMENT_3D('',#2262,#1812,#1813);
#1465=AXIS2_PLACEMENT_3D('',#2263,#1814,#1815);
#1466=AXIS2_PLACEMENT_3D('',#2267,#1818,#1819);
#1467=AXIS2_PLACEMENT_3D('',#2271,#1821,#1822);
#1468=AXIS2_PLACEMENT_3D('',#2275,#1824,#1825);
#1469=AXIS2_PLACEMENT_3D('',#2278,#1827,#1828);
#1470=AXIS2_PLACEMENT_3D('',#2279,#1829,#1830);
#1471=AXIS2_PLACEMENT_3D('',#2285,#1834,#1835);
#1472=AXIS2_PLACEMENT_3D('',#2291,#1839,#1840);
#1473=AXIS2_PLACEMENT_3D('',#2293,#1842,#1843);
#1474=AXIS2_PLACEMENT_3D('',#2297,#1846,#1847);
#1475=AXIS2_PLACEMENT_3D('',#2301,#1850,#1851);
#1476=AXIS2_PLACEMENT_3D('',#2309,#1855,#1856);
#1477=AXIS2_PLACEMENT_3D('',#2313,#1858,#1859);
#1478=AXIS2_PLACEMENT_3D('',#2315,#1861,#1862);
#1479=AXIS2_PLACEMENT_3D('',#2318,#1865,#1866);
#1480=AXIS2_PLACEMENT_3D('',#2320,#1868,#1869);
#1481=AXIS2_PLACEMENT_3D('',#2322,#1871,#1872);
#1482=AXIS2_PLACEMENT_3D('',#2323,#1873,#1874);
#1483=AXIS2_PLACEMENT_3D('',#2324,#1875,#1876);
#1484=AXIS2_PLACEMENT_3D('',#2325,#1877,#1878);
#1485=AXIS2_PLACEMENT_3D('',#2326,#1879,#1880);
#1486=AXIS2_PLACEMENT_3D('',#2327,#1881,#1882);
#1487=AXIS2_PLACEMENT_3D('',#2328,#1883,#1884);
#1488=AXIS2_PLACEMENT_3D('',#2329,#1885,#1886);
#1489=AXIS2_PLACEMENT_3D('',#2331,#1888,#1889);
#1490=AXIS2_PLACEMENT_3D('',#2334,#1892,#1893);
#1491=AXIS2_PLACEMENT_3D('',#2335,#1894,#1895);
#1492=AXIS2_PLACEMENT_3D('',#2336,#1896,#1897);
#1493=AXIS2_PLACEMENT_3D('',#2337,#1898,#1899);
#1494=AXIS2_PLACEMENT_3D('',#2338,#1900,#1901);
#1495=AXIS2_PLACEMENT_3D('',#2339,#1902,#1903);
#1496=AXIS2_PLACEMENT_3D('',#2340,#1904,#1905);
#1497=AXIS2_PLACEMENT_3D('',#2341,#1906,#1907);
#1498=AXIS2_PLACEMENT_3D('',#2342,#1908,#1909);
#1499=AXIS2_PLACEMENT_3D('',#2343,#1910,#1911);
#1500=AXIS2_PLACEMENT_3D('',#2345,#1913,#1914);
#1501=DIRECTION('axis',(0.,0.,1.));
#1502=DIRECTION('refdir',(1.,0.,0.));
#1503=DIRECTION('center_axis',(2.91041963780746E-5,-0.707106780587592,-0.707106781186545));
#1504=DIRECTION('ref_axis',(-0.999999999152946,0.,-4.11595492049788E-5));
#1505=DIRECTION('',(-0.999999999152946,-4.11595492398429E-5,0.));
#1506=DIRECTION('',(-2.91041963687649E-5,0.707106780587588,-0.70710678118655));
#1507=DIRECTION('',(0.999999999152946,4.11595492398429E-5,0.));
#1508=DIRECTION('center_axis',(0.,0.,-1.));
#1509=DIRECTION('ref_axis',(-0.707121333135002,0.707092228938615,0.));
#1510=DIRECTION('center_axis',(0.,0.,1.));
#1511=DIRECTION('ref_axis',(-0.707121333135001,0.707092228938615,0.));
#1512=DIRECTION('',(-0.70710678118654,0.,-0.707106781186555));
#1513=DIRECTION('center_axis',(0.,0.,-1.));
#1514=DIRECTION('ref_axis',(-0.707121333135002,0.707092228938615,0.));
#1515=DIRECTION('center_axis',(0.707106781186555,0.,-0.70710678118654));
#1516=DIRECTION('ref_axis',(-0.70710678118654,0.,-0.707106781186555));
#1517=DIRECTION('',(-0.70710678118654,0.,-0.707106781186555));
#1518=DIRECTION('',(0.,1.,0.));
#1519=DIRECTION('',(0.,-1.,0.));
#1520=DIRECTION('center_axis',(0.,0.,1.));
#1521=DIRECTION('ref_axis',(0.707106781186547,-0.707106781186547,0.));
#1522=DIRECTION('center_axis',(0.,0.,-1.));
#1523=DIRECTION('ref_axis',(0.707106781186547,-0.707106781186547,0.));
#1524=DIRECTION('',(0.,0.707106781186552,-0.707106781186543));
#1525=DIRECTION('center_axis',(0.,0.,1.));
#1526=DIRECTION('ref_axis',(0.707106781186548,-0.707106781186548,0.));
#1527=DIRECTION('center_axis',(0.,-0.707106781186555,-0.70710678118654));
#1528=DIRECTION('ref_axis',(-1.,0.,0.));
#1529=DIRECTION('',(0.,0.70710678118654,-0.707106781186555));
#1530=DIRECTION('',(1.,0.,0.));
#1531=DIRECTION('',(-1.,0.,0.));
#1532=DIRECTION('center_axis',(0.,0.,1.));
#1533=DIRECTION('ref_axis',(-0.707106781186547,-0.707106781186547,0.));
#1534=DIRECTION('center_axis',(0.,0.,-1.));
#1535=DIRECTION('ref_axis',(-0.707106781186547,-0.707106781186547,0.));
#1536=DIRECTION('',(0.707106781186552,0.,-0.707106781186543));
#1537=DIRECTION('center_axis',(0.,0.,1.));
#1538=DIRECTION('ref_axis',(-0.707106781186548,-0.707106781186548,0.));
#1539=DIRECTION('center_axis',(-0.707106781186543,0.,-0.707106781186552));
#1540=DIRECTION('ref_axis',(-0.707106781186552,0.,0.707106781186543));
#1541=DIRECTION('',(0.707106781186552,0.,-0.707106781186543));
#1542=DIRECTION('',(0.,-1.,0.));
#1543=DIRECTION('',(0.,1.,0.));
#1544=DIRECTION('center_axis',(0.,0.,-1.));
#1545=DIRECTION('ref_axis',(4.1159549217203E-5,0.999999999152946,0.));
#1546=DIRECTION('center_axis',(0.,0.,1.));
#1547=DIRECTION('ref_axis',(4.1159549217203E-5,0.999999999152946,0.));
#1548=DIRECTION('',(2.91041963687646E-5,0.707106780587594,-0.707106781186543));
#1549=DIRECTION('center_axis',(0.,0.,-1.));
#1550=DIRECTION('ref_axis',(4.1159549217203E-5,0.999999999152946,0.));
#1551=DIRECTION('center_axis',(0.,0.,1.));
#1552=DIRECTION('ref_axis',(-1.,0.,0.));
#1553=DIRECTION('',(0.,-0.707106781186552,-0.707106781186543));
#1554=DIRECTION('center_axis',(0.,0.,1.));
#1555=DIRECTION('ref_axis',(-1.,0.,0.));
#1556=DIRECTION('center_axis',(0.,0.,-1.));
#1557=DIRECTION('ref_axis',(-1.,0.,0.));
#1558=DIRECTION('center_axis',(0.,0.,-1.));
#1559=DIRECTION('ref_axis',(0.707106781186547,-0.707106781186547,0.));
#1560=DIRECTION('center_axis',(0.,0.,1.));
#1561=DIRECTION('ref_axis',(0.707106781186547,-0.707106781186547,0.));
#1562=DIRECTION('',(0.707106781186552,0.,-0.707106781186543));
#1563=DIRECTION('center_axis',(0.,0.,-1.));
#1564=DIRECTION('ref_axis',(0.707106781186548,-0.707106781186548,0.));
#1565=DIRECTION('center_axis',(-0.707106781186543,0.,-0.707106781186552));
#1566=DIRECTION('ref_axis',(-0.707106781186552,0.,0.707106781186543));
#1567=DIRECTION('',(0.707106781186552,0.,-0.707106781186543));
#1568=DIRECTION('',(0.,-1.,0.));
#1569=DIRECTION('',(0.,1.,0.));
#1570=DIRECTION('center_axis',(0.,0.,1.));
#1571=DIRECTION('ref_axis',(-0.707106781186547,0.707106781186547,0.));
#1572=DIRECTION('center_axis',(0.,0.,-1.));
#1573=DIRECTION('ref_axis',(-0.707106781186547,0.707106781186547,0.));
#1574=DIRECTION('',(0.,-0.707106781186552,-0.707106781186543));
#1575=DIRECTION('center_axis',(0.,0.,1.));
#1576=DIRECTION('ref_axis',(-0.707106781186548,0.707106781186548,0.));
#1577=DIRECTION('center_axis',(0.,0.707106781186549,-0.707106781186546));
#1578=DIRECTION('ref_axis',(-1.,0.,0.));
#1579=DIRECTION('',(0.,-0.707106781186546,-0.707106781186549));
#1580=DIRECTION('',(-1.,0.,0.));
#1581=DIRECTION('',(1.,0.,0.));
#1582=DIRECTION('center_axis',(0.,0.,1.));
#1583=DIRECTION('ref_axis',(0.707106781186547,0.707106781186547,0.));
#1584=DIRECTION('center_axis',(0.,0.,-1.));
#1585=DIRECTION('ref_axis',(0.707106781186547,0.707106781186547,0.));
#1586=DIRECTION('',(-0.707106781186552,0.,-0.707106781186543));
#1587=DIRECTION('center_axis',(0.,0.,1.));
#1588=DIRECTION('ref_axis',(0.707106781186548,0.707106781186548,0.));
#1589=DIRECTION('center_axis',(0.707106781186555,0.,-0.70710678118654));
#1590=DIRECTION('ref_axis',(-0.70710678118654,0.,-0.707106781186555));
#1591=DIRECTION('',(-0.70710678118654,0.,-0.707106781186555));
#1592=DIRECTION('',(0.,1.,0.));
#1593=DIRECTION('',(0.,-1.,0.));
#1594=DIRECTION('center_axis',(0.,0.,-1.));
#1595=DIRECTION('ref_axis',(-0.707106781186547,-0.707106781186547,0.));
#1596=DIRECTION('center_axis',(0.,0.,1.));
#1597=DIRECTION('ref_axis',(-0.707106781186547,-0.707106781186547,0.));
#1598=DIRECTION('',(0.,-0.707106781186552,-0.707106781186543));
#1599=DIRECTION('center_axis',(0.,0.,-1.));
#1600=DIRECTION('ref_axis',(-0.707106781186548,-0.707106781186548,0.));
#1601=DIRECTION('center_axis',(0.,0.,1.));
#1602=DIRECTION('ref_axis',(1.,0.,0.));
#1603=DIRECTION('center_axis',(0.,0.,1.));
#1604=DIRECTION('ref_axis',(1.,0.,0.));
#1605=DIRECTION('center_axis',(0.,0.,-1.));
#1606=DIRECTION('ref_axis',(1.,0.,0.));
#1607=DIRECTION('center_axis',(0.,0.,1.));
#1608=DIRECTION('ref_axis',(-0.999999999788237,-2.05797746153161E-5,0.));
#1609=DIRECTION('',(0.,0.,1.));
#1610=DIRECTION('center_axis',(0.,0.,1.));
#1611=DIRECTION('ref_axis',(1.,0.,0.));
#1612=DIRECTION('',(0.,0.,1.));
#1613=DIRECTION('center_axis',(0.,0.,-1.));
#1614=DIRECTION('ref_axis',(4.1159549217203E-5,0.999999999152946,0.));
#1615=DIRECTION('',(0.,0.,1.));
#1616=DIRECTION('center_axis',(0.,0.,1.));
#1617=DIRECTION('ref_axis',(4.1159549217203E-5,0.999999999152946,0.));
#1618=DIRECTION('center_axis',(-1.,0.,0.));
#1619=DIRECTION('ref_axis',(0.,-1.,0.));
#1620=DIRECTION('',(0.,0.,-1.));
#1621=DIRECTION('',(0.,1.,0.));
#1622=DIRECTION('center_axis',(0.,0.,1.));
#1623=DIRECTION('ref_axis',(-0.707106781186547,-0.707106781186547,0.));
#1624=DIRECTION('',(0.,0.,1.));
#1625=DIRECTION('center_axis',(0.,0.,-1.));
#1626=DIRECTION('ref_axis',(-0.707106781186547,-0.707106781186547,0.));
#1627=DIRECTION('center_axis',(0.,-1.,0.));
#1628=DIRECTION('ref_axis',(1.,0.,0.));
#1629=DIRECTION('',(0.,0.,-1.));
#1630=DIRECTION('',(-1.,0.,0.));
#1631=DIRECTION('center_axis',(0.,0.,-1.));
#1632=DIRECTION('ref_axis',(0.707106781186547,-0.707106781186547,0.));
#1633=DIRECTION('',(0.,0.,1.));
#1634=DIRECTION('center_axis',(0.,0.,-1.));
#1635=DIRECTION('ref_axis',(0.707106781186547,-0.707106781186547,0.));
#1636=DIRECTION('center_axis',(1.,0.,0.));
#1637=DIRECTION('ref_axis',(0.,1.,0.));
#1638=DIRECTION('',(0.,0.,-1.));
#1639=DIRECTION('',(0.,-1.,0.));
#1640=DIRECTION('center_axis',(0.,0.,1.));
#1641=DIRECTION('ref_axis',(-0.707121333135001,0.707092228938615,0.));
#1642=DIRECTION('',(0.,0.,1.));
#1643=DIRECTION('center_axis',(0.,0.,1.));
#1644=DIRECTION('ref_axis',(-0.707121333135001,0.707092228938615,0.));
#1645=DIRECTION('center_axis',(4.11595492398429E-5,-0.999999999152946,0.));
#1646=DIRECTION('ref_axis',(0.999999999152946,4.11595492398429E-5,0.));
#1647=DIRECTION('',(0.,0.,1.));
#1648=DIRECTION('',(0.999999999152946,4.11595492398429E-5,0.));
#1649=DIRECTION('center_axis',(0.,0.,-1.));
#1650=DIRECTION('ref_axis',(-1.,0.,0.));
#1651=DIRECTION('center_axis',(0.,0.,1.));
#1652=DIRECTION('ref_axis',(-1.,0.,0.));
#1653=DIRECTION('',(0.,-1.,0.));
#1654=DIRECTION('center_axis',(0.,0.,1.));
#1655=DIRECTION('ref_axis',(1.,0.,0.));
#1656=DIRECTION('',(0.,1.,0.));
#1657=DIRECTION('center_axis',(0.,0.,-1.));
#1658=DIRECTION('ref_axis',(-1.,0.,0.));
#1659=DIRECTION('center_axis',(0.,0.,-1.));
#1660=DIRECTION('ref_axis',(-1.,0.,0.));
#1661=DIRECTION('',(0.,0.,-1.));
#1662=DIRECTION('center_axis',(0.,0.,-1.));
#1663=DIRECTION('ref_axis',(-1.,0.,0.));
#1664=DIRECTION('center_axis',(0.,0.,1.));
#1665=DIRECTION('ref_axis',(-1.,0.,0.));
#1666=DIRECTION('center_axis',(0.,0.,-1.));
#1667=DIRECTION('ref_axis',(-1.,0.,0.));
#1668=DIRECTION('center_axis',(0.,0.,-1.));
#1669=DIRECTION('ref_axis',(-1.,0.,0.));
#1670=DIRECTION('',(0.,0.,-1.));
#1671=DIRECTION('center_axis',(0.,0.,-1.));
#1672=DIRECTION('ref_axis',(-1.,0.,0.));
#1673=DIRECTION('center_axis',(0.,0.,1.));
#1674=DIRECTION('ref_axis',(-1.,0.,0.));
#1675=DIRECTION('center_axis',(0.,0.,-1.));
#1676=DIRECTION('ref_axis',(-0.707106781186547,-0.707106781186547,0.));
#1677=DIRECTION('',(0.,0.,1.));
#1678=DIRECTION('center_axis',(0.,0.,1.));
#1679=DIRECTION('ref_axis',(-0.707106781186547,-0.707106781186547,0.));
#1680=DIRECTION('',(0.,0.,1.));
#1681=DIRECTION('center_axis',(0.,0.,1.));
#1682=DIRECTION('ref_axis',(0.707106781186547,-0.707106781186547,0.));
#1683=DIRECTION('center_axis',(0.,0.,1.));
#1684=DIRECTION('ref_axis',(0.707106781186547,-0.707106781186547,0.));
#1685=DIRECTION('',(0.,0.,-1.));
#1686=DIRECTION('center_axis',(0.,0.,1.));
#1687=DIRECTION('ref_axis',(1.,0.,0.));
#1688=DIRECTION('center_axis',(0.,0.,1.));
#1689=DIRECTION('ref_axis',(1.,0.,0.));
#1690=DIRECTION('center_axis',(1.,0.,0.));
#1691=DIRECTION('ref_axis',(0.,1.,0.));
#1692=DIRECTION('',(0.,0.,-1.));
#1693=DIRECTION('',(0.,-1.,0.));
#1694=DIRECTION('center_axis',(-1.,0.,0.));
#1695=DIRECTION('ref_axis',(0.,-1.,0.));
#1696=DIRECTION('',(0.,1.,0.));
#1697=DIRECTION('',(0.,0.,1.));
#1698=DIRECTION('center_axis',(0.,0.,1.));
#1699=DIRECTION('ref_axis',(1.,0.,0.));
#1700=DIRECTION('',(-1.,0.,0.));
#1701=DIRECTION('',(0.,-1.,0.));
#1702=DIRECTION('',(1.,0.,0.));
#1703=DIRECTION('',(0.,1.,0.));
#1704=DIRECTION('',(-1.,0.,0.));
#1705=DIRECTION('',(0.,-1.,0.));
#1706=DIRECTION('',(1.,0.,0.));
#1707=DIRECTION('',(0.,-1.,0.));
#1708=DIRECTION('',(1.,0.,0.));
#1709=DIRECTION('',(0.,1.,0.));
#1710=DIRECTION('',(1.,0.,0.));
#1711=DIRECTION('',(0.,-1.,0.));
#1712=DIRECTION('center_axis',(0.,0.,1.));
#1713=DIRECTION('ref_axis',(1.,0.,0.));
#1714=DIRECTION('center_axis',(0.,0.,-1.));
#1715=DIRECTION('ref_axis',(0.707106781186547,0.707106781186547,0.));
#1716=DIRECTION('',(1.,0.,0.));
#1717=DIRECTION('',(0.,-1.,0.));
#1718=DIRECTION('',(1.,0.,0.));
#1719=DIRECTION('',(0.,-1.,0.));
#1720=DIRECTION('',(-1.,0.,0.));
#1721=DIRECTION('',(0.,1.,0.));
#1722=DIRECTION('',(1.,0.,0.));
#1723=DIRECTION('',(0.,1.,0.));
#1724=DIRECTION('',(1.,0.,0.));
#1725=DIRECTION('center_axis',(0.,0.,-1.));
#1726=DIRECTION('ref_axis',(-0.707106781186547,0.707106781186547,0.));
#1727=DIRECTION('center_axis',(0.,0.,1.));
#1728=DIRECTION('ref_axis',(-0.707106781186547,0.707106781186547,0.));
#1729=DIRECTION('',(0.,0.,-1.));
#1730=DIRECTION('center_axis',(0.,1.,0.));
#1731=DIRECTION('ref_axis',(-1.,0.,0.));
#1732=DIRECTION('center_axis',(0.,1.,0.));
#1733=DIRECTION('ref_axis',(-0.953352684220289,0.,0.301858674697232));
#1734=DIRECTION('',(0.,0.,1.));
#1735=DIRECTION('center_axis',(0.,1.,0.));
#1736=DIRECTION('ref_axis',(-0.707106781186548,0.,-0.707106781186547));
#1737=DIRECTION('',(-1.,0.,2.24113343480234E-15));
#1738=DIRECTION('center_axis',(0.,1.,0.));
#1739=DIRECTION('ref_axis',(0.707106781186546,0.,-0.707106781186549));
#1740=DIRECTION('',(0.,0.,-1.));
#1741=DIRECTION('center_axis',(0.,1.,0.));
#1742=DIRECTION('ref_axis',(0.95335268422029,0.,0.301858674697229));
#1743=DIRECTION('',(0.,0.,1.));
#1744=DIRECTION('center_axis',(0.,0.,-1.));
#1745=DIRECTION('ref_axis',(0.707106781186547,0.707106781186547,0.));
#1746=DIRECTION('center_axis',(0.,-1.,0.));
#1747=DIRECTION('ref_axis',(0.,0.,-1.));
#1748=DIRECTION('center_axis',(0.,-1.,0.));
#1749=DIRECTION('ref_axis',(-0.953352684220289,0.,0.301858674697232));
#1750=DIRECTION('center_axis',(0.,0.,1.));
#1751=DIRECTION('ref_axis',(1.,0.,0.));
#1752=DIRECTION('center_axis',(0.,0.,-1.));
#1753=DIRECTION('ref_axis',(0.707106781186554,0.707106781186541,0.));
#1754=DIRECTION('center_axis',(0.,0.,1.));
#1755=DIRECTION('ref_axis',(1.,0.,0.));
#1756=DIRECTION('',(0.,0.,-1.));
#1757=DIRECTION('center_axis',(0.,-1.,0.));
#1758=DIRECTION('ref_axis',(0.,0.,-1.));
#1759=DIRECTION('center_axis',(-1.,0.,0.));
#1760=DIRECTION('ref_axis',(0.,0.,1.));
#1761=DIRECTION('center_axis',(0.,-1.,0.));
#1762=DIRECTION('ref_axis',(-0.707106781186548,0.,-0.707106781186547));
#1763=DIRECTION('center_axis',(1.,0.,-2.24113343480234E-15));
#1764=DIRECTION('ref_axis',(0.,0.707106781186547,0.707106781186548));
#1765=DIRECTION('center_axis',(-1.,0.,0.));
#1766=DIRECTION('ref_axis',(0.,0.,1.));
#1767=DIRECTION('',(1.,0.,-2.24113343480234E-15));
#1768=DIRECTION('center_axis',(0.,-1.,0.));
#1769=DIRECTION('ref_axis',(0.,0.,-1.));
#1770=DIRECTION('center_axis',(5.5511151231258E-15,0.,-1.));
#1771=DIRECTION('ref_axis',(-1.,0.,-5.5511151231258E-15));
#1772=DIRECTION('center_axis',(0.,-1.,0.));
#1773=DIRECTION('ref_axis',(0.707106781186546,0.,-0.707106781186549));
#1774=DIRECTION('center_axis',(0.,0.,1.));
#1775=DIRECTION('ref_axis',(-0.707106781186554,0.707106781186541,0.));
#1776=DIRECTION('center_axis',(0.,0.,-1.));
#1777=DIRECTION('ref_axis',(-1.,0.,0.));
#1778=DIRECTION('',(0.,0.,1.));
#1779=DIRECTION('center_axis',(0.,-1.,0.));
#1780=DIRECTION('ref_axis',(0.,0.,-1.));
#1781=DIRECTION('center_axis',(0.,-1.,0.));
#1782=DIRECTION('ref_axis',(0.95335268422029,0.,0.301858674697229));
#1783=DIRECTION('center_axis',(0.,-1.,0.));
#1784=DIRECTION('ref_axis',(0.,0.,1.));
#1785=DIRECTION('',(0.,-1.,0.));
#1786=DIRECTION('center_axis',(0.,1.,0.));
#1787=DIRECTION('ref_axis',(0.707106781186548,0.,0.707106781186547));
#1788=DIRECTION('center_axis',(1.,0.,0.));
#1789=DIRECTION('ref_axis',(0.,0.,1.));
#1790=DIRECTION('',(0.,-1.,0.));
#1791=DIRECTION('',(0.,0.,-1.));
#1792=DIRECTION('center_axis',(0.,-1.,0.));
#1793=DIRECTION('ref_axis',(1.,0.,5.42775700927855E-15));
#1794=DIRECTION('',(0.,-1.,0.));
#1795=DIRECTION('center_axis',(0.,1.,0.));
#1796=DIRECTION('ref_axis',(0.707106781186546,0.,-0.707106781186549));
#1797=DIRECTION('center_axis',(-2.24113343480234E-15,0.,-1.));
#1798=DIRECTION('ref_axis',(1.,0.,-2.24113343480234E-15));
#1799=DIRECTION('',(0.,-1.,0.));
#1800=DIRECTION('',(-1.,0.,2.24113343480234E-15));
#1801=DIRECTION('center_axis',(0.,-1.,0.));
#1802=DIRECTION('ref_axis',(0.,0.,-1.));
#1803=DIRECTION('',(0.,-1.,0.));
#1804=DIRECTION('center_axis',(0.,1.,0.));
#1805=DIRECTION('ref_axis',(-0.707106781186548,0.,-0.707106781186547));
#1806=DIRECTION('center_axis',(-1.,0.,0.));
#1807=DIRECTION('ref_axis',(0.,0.,-1.));
#1808=DIRECTION('',(0.,-1.,0.));
#1809=DIRECTION('',(0.,0.,1.));
#1810=DIRECTION('center_axis',(0.,-1.,0.));
#1811=DIRECTION('ref_axis',(-1.,0.,-4.93432455388959E-16));
#1812=DIRECTION('center_axis',(0.,1.,0.));
#1813=DIRECTION('ref_axis',(-0.707106781186549,0.,0.707106781186545));
#1814=DIRECTION('center_axis',(0.,1.,0.));
#1815=DIRECTION('ref_axis',(-1.,0.,0.));
#1816=DIRECTION('',(0.,0.,1.));
#1817=DIRECTION('',(0.,0.,1.));
#1818=DIRECTION('center_axis',(0.,-1.,0.));
#1819=DIRECTION('ref_axis',(0.707106781186548,0.,0.707106781186547));
#1820=DIRECTION('',(0.,0.,1.));
#1821=DIRECTION('center_axis',(0.,-1.,0.));
#1822=DIRECTION('ref_axis',(0.707106781186546,0.,-0.707106781186549));
#1823=DIRECTION('',(1.,0.,-2.24113343480234E-15));
#1824=DIRECTION('center_axis',(0.,-1.,0.));
#1825=DIRECTION('ref_axis',(-0.707106781186548,0.,-0.707106781186547));
#1826=DIRECTION('',(0.,0.,-1.));
#1827=DIRECTION('center_axis',(0.,-1.,0.));
#1828=DIRECTION('ref_axis',(-0.707106781186549,0.,0.707106781186545));
#1829=DIRECTION('center_axis',(0.,-1.,0.));
#1830=DIRECTION('ref_axis',(1.,0.,0.));
#1831=DIRECTION('',(0.,0.,-1.));
#1832=DIRECTION('',(1.,0.,0.));
#1833=DIRECTION('',(0.,0.,1.));
#1834=DIRECTION('center_axis',(0.,-1.,0.));
#1835=DIRECTION('ref_axis',(0.,0.,-1.));
#1836=DIRECTION('',(0.,0.,1.));
#1837=DIRECTION('',(0.,0.,-1.));
#1838=DIRECTION('',(-1.,0.,0.));
#1839=DIRECTION('center_axis',(1.,0.,0.));
#1840=DIRECTION('ref_axis',(0.,0.,1.));
#1841=DIRECTION('',(0.,-1.,0.));
#1842=DIRECTION('center_axis',(-1.,0.,0.));
#1843=DIRECTION('ref_axis',(0.,-1.,0.));
#1844=DIRECTION('',(0.,0.,1.));
#1845=DIRECTION('',(0.,-1.,0.));
#1846=DIRECTION('center_axis',(0.,1.,0.));
#1847=DIRECTION('ref_axis',(0.,0.,1.));
#1848=DIRECTION('',(1.,0.,0.));
#1849=DIRECTION('',(0.,0.,-1.));
#1850=DIRECTION('center_axis',(0.,0.,-1.));
#1851=DIRECTION('ref_axis',(-1.,0.,0.));
#1852=DIRECTION('',(0.,1.,0.));
#1853=DIRECTION('',(1.,0.,0.));
#1854=DIRECTION('',(0.,1.,0.));
#1855=DIRECTION('center_axis',(0.,0.,-1.));
#1856=DIRECTION('ref_axis',(-1.,0.,0.));
#1857=DIRECTION('',(0.,-1.,0.));
#1858=DIRECTION('center_axis',(0.,0.,-1.));
#1859=DIRECTION('ref_axis',(1.,0.,0.));
#1860=DIRECTION('',(0.,1.,0.));
#1861=DIRECTION('center_axis',(0.,0.,1.));
#1862=DIRECTION('ref_axis',(-1.,0.,0.));
#1863=DIRECTION('',(0.,0.,1.));
#1864=DIRECTION('',(0.,0.,1.));
#1865=DIRECTION('center_axis',(1.,0.,0.));
#1866=DIRECTION('ref_axis',(0.,1.,0.));
#1867=DIRECTION('',(0.,0.,1.));
#1868=DIRECTION('center_axis',(0.,0.,1.));
#1869=DIRECTION('ref_axis',(1.,0.,0.));
#1870=DIRECTION('',(0.,0.,1.));
#1871=DIRECTION('center_axis',(0.,0.,-1.));
#1872=DIRECTION('ref_axis',(-0.707106781186554,-0.707106781186541,0.));
#1873=DIRECTION('center_axis',(0.,0.,-1.));
#1874=DIRECTION('ref_axis',(0.,-1.,0.));
#1875=DIRECTION('center_axis',(5.5511151231258E-15,0.,-1.));
#1876=DIRECTION('ref_axis',(0.,-1.,0.));
#1877=DIRECTION('center_axis',(0.,1.,0.));
#1878=DIRECTION('ref_axis',(0.,0.,1.));
#1879=DIRECTION('center_axis',(-1.,0.,0.));
#1880=DIRECTION('ref_axis',(0.,-1.,0.));
#1881=DIRECTION('center_axis',(-1.,0.,2.24113343480234E-15));
#1882=DIRECTION('ref_axis',(0.,-0.707106781186546,0.707106781186549));
#1883=DIRECTION('center_axis',(1.,0.,0.));
#1884=DIRECTION('ref_axis',(0.,0.,1.));
#1885=DIRECTION('center_axis',(1.,0.,0.));
#1886=DIRECTION('ref_axis',(0.,1.,0.));
#1887=DIRECTION('',(0.,0.,1.));
#1888=DIRECTION('center_axis',(0.,-1.,0.));
#1889=DIRECTION('ref_axis',(1.,0.,0.));
#1890=DIRECTION('',(0.,0.,1.));
#1891=DIRECTION('',(0.,0.,-1.));
#1892=DIRECTION('center_axis',(1.,0.,0.));
#1893=DIRECTION('ref_axis',(0.,1.,0.));
#1894=DIRECTION('center_axis',(-1.,0.,0.));
#1895=DIRECTION('ref_axis',(0.,0.,-1.));
#1896=DIRECTION('center_axis',(-1.,0.,0.));
#1897=DIRECTION('ref_axis',(0.,-1.,0.));
#1898=DIRECTION('center_axis',(0.,-1.,0.));
#1899=DIRECTION('ref_axis',(0.,0.,-1.));
#1900=DIRECTION('center_axis',(0.,0.,-1.));
#1901=DIRECTION('ref_axis',(1.,0.,0.));
#1902=DIRECTION('center_axis',(0.,0.,1.));
#1903=DIRECTION('ref_axis',(0.707106781186554,-0.707106781186541,0.));
#1904=DIRECTION('center_axis',(1.11022302462514E-15,0.,-1.));
#1905=DIRECTION('ref_axis',(1.,0.,1.11022302462514E-15));
#1906=DIRECTION('center_axis',(0.,1.,0.));
#1907=DIRECTION('ref_axis',(0.,0.,1.));
#1908=DIRECTION('center_axis',(0.,1.,0.));
#1909=DIRECTION('ref_axis',(0.,0.,1.));
#1910=DIRECTION('center_axis',(-1.,0.,0.));
#1911=DIRECTION('ref_axis',(0.,-1.,0.));
#1912=DIRECTION('',(0.,0.,1.));
#1913=DIRECTION('center_axis',(0.,1.,0.));
#1914=DIRECTION('ref_axis',(-1.,0.,0.));
#1915=CARTESIAN_POINT('',(0.,0.,0.));
#1916=CARTESIAN_POINT('Origin',(133.787566868533,-80.0626803664257,-6.75));
#1917=CARTESIAN_POINT('',(145.057232487218,-80.3122165122801,-6.5));
#1918=CARTESIAN_POINT('',(144.94984565169,-80.3122209322738,-6.5));
#1919=CARTESIAN_POINT('',(133.787577158421,-80.3126803662139,-6.5));
#1920=CARTESIAN_POINT('',(144.949825071916,-79.8122209326974,-7.));
#1921=CARTESIAN_POINT('',(144.94984565169,-80.3122209322738,-6.5));
#1922=CARTESIAN_POINT('',(145.049816522866,-79.8122168170943,-7.));
#1923=CARTESIAN_POINT('',(133.787556578646,-79.8126803666374,-7.));
#1924=CARTESIAN_POINT('Ctrl Pts',(145.049816522866,-79.8122168170943,-7.));
#1925=CARTESIAN_POINT('Ctrl Pts',(145.052375871936,-79.9786179827526,-6.83359872914096));
#1926=CARTESIAN_POINT('Ctrl Pts',(145.054849487875,-80.1458195728719,-6.66639703735043));
#1927=CARTESIAN_POINT('Ctrl Pts',(145.057232487218,-80.3122165122801,-6.50000000000001));
#1928=CARTESIAN_POINT('Origin',(144.95,-84.0622209290974,-6.75));
#1929=CARTESIAN_POINT('',(141.2,-84.0622209290974,-6.5));
#1930=CARTESIAN_POINT('Origin',(144.95,-84.0622209290974,-6.5));
#1931=CARTESIAN_POINT('',(140.7,-84.0622209290974,-7.));
#1932=CARTESIAN_POINT('',(141.2,-84.0622209290974,-6.5));
#1933=CARTESIAN_POINT('Origin',(144.95,-84.0622209290974,-7.));
#1934=CARTESIAN_POINT('Origin',(140.95,-88.108125,-6.75));
#1935=CARTESIAN_POINT('',(141.2,-98.1525,-6.5));
#1936=CARTESIAN_POINT('',(140.7,-98.1525,-7.));
#1937=CARTESIAN_POINT('',(141.2,-98.1525,-6.5));
#1938=CARTESIAN_POINT('',(140.7,-88.108125,-7.));
#1939=CARTESIAN_POINT('',(141.2,-88.108125,-6.5));
#1940=CARTESIAN_POINT('Origin',(138.7,-98.1525,-6.75));
#1941=CARTESIAN_POINT('',(138.7,-100.6525,-6.5));
#1942=CARTESIAN_POINT('Origin',(138.7,-98.1525,-6.5));
#1943=CARTESIAN_POINT('',(138.7,-100.1525,-7.));
#1944=CARTESIAN_POINT('',(138.7,-100.6525,-6.5));
#1945=CARTESIAN_POINT('Origin',(138.7,-98.1525,-7.));
#1946=CARTESIAN_POINT('Origin',(119.4625,-100.4025,-6.75));
#1947=CARTESIAN_POINT('',(114.05,-100.6525,-6.5));
#1948=CARTESIAN_POINT('',(114.05,-100.1525,-7.));
#1949=CARTESIAN_POINT('',(114.05,-100.6525,-6.5));
#1950=CARTESIAN_POINT('',(119.4625,-100.1525,-7.));
#1951=CARTESIAN_POINT('',(119.4625,-100.6525,-6.5));
#1952=CARTESIAN_POINT('Origin',(114.05,-98.1525,-6.75));
#1953=CARTESIAN_POINT('',(111.55,-98.1525,-6.5));
#1954=CARTESIAN_POINT('Origin',(114.05,-98.1525,-6.5));
#1955=CARTESIAN_POINT('',(112.05,-98.1525,-7.));
#1956=CARTESIAN_POINT('',(111.55,-98.1525,-6.5));
#1957=CARTESIAN_POINT('Origin',(114.05,-98.1525,-7.));
#1958=CARTESIAN_POINT('Origin',(111.8,-65.019375,-6.75));
#1959=CARTESIAN_POINT('',(111.55,-84.0637499936471,-6.5));
#1960=CARTESIAN_POINT('',(112.05,-84.0637499936471,-7.));
#1961=CARTESIAN_POINT('',(111.55,-84.0637499936471,-6.5));
#1962=CARTESIAN_POINT('',(112.05,-65.019375,-7.));
#1963=CARTESIAN_POINT('',(111.55,-65.019375,-6.5));
#1964=CARTESIAN_POINT('Origin',(107.8,-84.0637499936471,-6.75));
#1965=CARTESIAN_POINT('',(107.80015434831,-80.3137499968236,-6.5));
#1966=CARTESIAN_POINT('Origin',(107.8,-84.0637499936471,-6.5));
#1967=CARTESIAN_POINT('',(107.800174928084,-79.8137499972471,-7.));
#1968=CARTESIAN_POINT('',(107.80015434831,-80.3137499968236,-6.5));
#1969=CARTESIAN_POINT('Origin',(107.8,-84.0637499936471,-7.));
#1970=CARTESIAN_POINT('Origin',(107.8,-76.56375,-6.75));
#1971=CARTESIAN_POINT('',(107.8,-72.81375,-6.5));
#1972=CARTESIAN_POINT('',(107.8,-73.31375,-7.));
#1973=CARTESIAN_POINT('',(107.8,-72.81375,-6.5));
#1974=CARTESIAN_POINT('Origin',(107.8,-76.56375,-7.));
#1975=CARTESIAN_POINT('Origin',(107.8,-76.56375,-6.5));
#1976=CARTESIAN_POINT('Origin',(107.8,-69.06375,-6.75));
#1977=CARTESIAN_POINT('',(111.55,-69.06375,-6.5));
#1978=CARTESIAN_POINT('Origin',(107.8,-69.06375,-6.5));
#1979=CARTESIAN_POINT('',(112.05,-69.06375,-7.));
#1980=CARTESIAN_POINT('',(111.55,-69.06375,-6.5));
#1981=CARTESIAN_POINT('Origin',(107.8,-69.06375,-7.));
#1982=CARTESIAN_POINT('Origin',(111.8,-65.019375,-6.75));
#1983=CARTESIAN_POINT('',(111.55,-54.975,-6.5));
#1984=CARTESIAN_POINT('',(112.05,-54.975,-7.));
#1985=CARTESIAN_POINT('',(111.55,-54.975,-6.5));
#1986=CARTESIAN_POINT('',(112.05,-65.019375,-7.));
#1987=CARTESIAN_POINT('',(111.55,-65.019375,-6.5));
#1988=CARTESIAN_POINT('Origin',(114.05,-54.975,-6.75));
#1989=CARTESIAN_POINT('',(114.05,-52.475,-6.5));
#1990=CARTESIAN_POINT('Origin',(114.05,-54.975,-6.5));
#1991=CARTESIAN_POINT('',(114.05,-52.975,-7.));
#1992=CARTESIAN_POINT('',(114.05,-52.475,-6.5));
#1993=CARTESIAN_POINT('Origin',(114.05,-54.975,-7.));
#1994=CARTESIAN_POINT('Origin',(133.2875,-52.725,-6.75));
#1995=CARTESIAN_POINT('',(138.7,-52.475,-6.5));
#1996=CARTESIAN_POINT('',(138.7,-52.975,-7.));
#1997=CARTESIAN_POINT('',(138.7,-52.475,-6.5));
#1998=CARTESIAN_POINT('',(133.2875,-52.975,-7.));
#1999=CARTESIAN_POINT('',(133.2875,-52.475,-6.5));
#2000=CARTESIAN_POINT('Origin',(138.7,-54.975,-6.75));
#2001=CARTESIAN_POINT('',(141.2,-54.975,-6.5));
#2002=CARTESIAN_POINT('Origin',(138.7,-54.975,-6.5));
#2003=CARTESIAN_POINT('',(140.7,-54.975,-7.));
#2004=CARTESIAN_POINT('',(141.2,-54.975,-6.5));
#2005=CARTESIAN_POINT('Origin',(138.7,-54.975,-7.));
#2006=CARTESIAN_POINT('Origin',(140.95,-88.108125,-6.75));
#2007=CARTESIAN_POINT('',(141.2,-69.06375,-6.5));
#2008=CARTESIAN_POINT('',(140.7,-69.06375,-7.));
#2009=CARTESIAN_POINT('',(141.2,-69.06375,-6.5));
#2010=CARTESIAN_POINT('',(140.7,-88.108125,-7.));
#2011=CARTESIAN_POINT('',(141.2,-88.108125,-6.5));
#2012=CARTESIAN_POINT('Origin',(144.95,-69.06375,-6.75));
#2013=CARTESIAN_POINT('',(144.95,-72.81375,-6.5));
#2014=CARTESIAN_POINT('Origin',(144.95,-69.06375,-6.5));
#2015=CARTESIAN_POINT('',(144.95,-73.31375,-7.));
#2016=CARTESIAN_POINT('',(144.95,-72.81375,-6.5));
#2017=CARTESIAN_POINT('Origin',(144.95,-69.06375,-7.));
#2018=CARTESIAN_POINT('Origin',(144.95,-76.56375,-6.75));
#2019=CARTESIAN_POINT('Origin',(144.95,-76.56375,-7.));
#2020=CARTESIAN_POINT('Origin',(144.95,-76.56375,-6.5));
#2021=CARTESIAN_POINT('Origin',(107.8,-76.56375,-7.));
#2022=CARTESIAN_POINT('',(107.80015434831,-80.3137499968236,8.5));
#2023=CARTESIAN_POINT('',(107.80015434831,-80.3137499968236,-7.));
#2024=CARTESIAN_POINT('',(107.8,-72.81375,8.5));
#2025=CARTESIAN_POINT('Origin',(107.8,-76.56375,8.5));
#2026=CARTESIAN_POINT('',(107.8,-72.81375,-7.));
#2027=CARTESIAN_POINT('Origin',(107.8,-84.0637499936471,-7.));
#2028=CARTESIAN_POINT('',(111.55,-84.0637499936471,8.5));
#2029=CARTESIAN_POINT('',(111.55,-84.0637499936471,-7.));
#2030=CARTESIAN_POINT('Origin',(107.8,-84.0637499936471,8.5));
#2031=CARTESIAN_POINT('Origin',(111.55,-53.475,-2.));
#2032=CARTESIAN_POINT('',(111.55,-98.1525,8.5));
#2033=CARTESIAN_POINT('',(111.55,-98.1525,-2.));
#2034=CARTESIAN_POINT('',(111.55,-65.019375,8.5));
#2035=CARTESIAN_POINT('Origin',(114.05,-98.1525,-2.));
#2036=CARTESIAN_POINT('',(114.05,-100.6525,8.5));
#2037=CARTESIAN_POINT('',(114.05,-100.6525,-2.));
#2038=CARTESIAN_POINT('Origin',(114.05,-98.1525,8.5));
#2039=CARTESIAN_POINT('Origin',(112.55,-100.6525,-2.));
#2040=CARTESIAN_POINT('',(138.7,-100.6525,8.5));
#2041=CARTESIAN_POINT('',(138.7,-100.6525,-2.));
#2042=CARTESIAN_POINT('',(119.4625,-100.6525,8.5));
#2043=CARTESIAN_POINT('Origin',(138.7,-98.1525,-2.));
#2044=CARTESIAN_POINT('',(141.2,-98.1525,8.5));
#2045=CARTESIAN_POINT('',(141.2,-98.1525,-2.));
#2046=CARTESIAN_POINT('Origin',(138.7,-98.1525,8.5));
#2047=CARTESIAN_POINT('Origin',(141.2,-99.6525,-2.));
#2048=CARTESIAN_POINT('',(141.2,-84.0622209290974,8.5));
#2049=CARTESIAN_POINT('',(141.2,-84.0622209290974,-4.5));
#2050=CARTESIAN_POINT('',(141.2,-88.108125,8.5));
#2051=CARTESIAN_POINT('Origin',(144.95,-84.0622209290974,-4.5));
#2052=CARTESIAN_POINT('',(144.94984565169,-80.3122209322738,8.5));
#2053=CARTESIAN_POINT('',(144.94984565169,-80.3122209322738,-4.5));
#2054=CARTESIAN_POINT('Origin',(144.95,-84.0622209290974,8.5));
#2055=CARTESIAN_POINT('Origin',(141.2,-80.3123752742307,-7.));
#2056=CARTESIAN_POINT('',(145.057232487218,-80.3122165122801,8.5));
#2057=CARTESIAN_POINT('',(145.057232487218,-80.3122165122801,-7.));
#2058=CARTESIAN_POINT('',(133.787577158421,-80.3126803662139,8.5));
#2059=CARTESIAN_POINT('Origin',(126.375,-76.56375,-7.));
#2060=CARTESIAN_POINT('',(133.875,-71.56375,-7.));
#2061=CARTESIAN_POINT('',(118.875,-71.56375,-7.));
#2062=CARTESIAN_POINT('Origin',(126.375,-71.56375,-7.));
#2063=CARTESIAN_POINT('',(118.875,-81.56375,-7.));
#2064=CARTESIAN_POINT('',(118.875,-74.06375,-7.));
#2065=CARTESIAN_POINT('',(133.875,-81.56375,-7.));
#2066=CARTESIAN_POINT('Origin',(126.375,-81.56375,-7.));
#2067=CARTESIAN_POINT('',(133.875,-79.06375,-7.));
#2068=CARTESIAN_POINT('Origin',(144.95,-76.56375,10.));
#2069=CARTESIAN_POINT('',(146.3,-76.56375,8.5));
#2070=CARTESIAN_POINT('Origin',(144.95,-76.56375,8.5));
#2071=CARTESIAN_POINT('',(146.3,-76.56375,-6.));
#2072=CARTESIAN_POINT('',(146.3,-76.56375,10.));
#2073=CARTESIAN_POINT('Origin',(144.95,-76.56375,-6.));
#2074=CARTESIAN_POINT('Origin',(144.95,-76.56375,-6.));
#2075=CARTESIAN_POINT('Origin',(107.8,-76.56375,10.));
#2076=CARTESIAN_POINT('',(109.15,-76.56375,8.5));
#2077=CARTESIAN_POINT('Origin',(107.8,-76.56375,8.5));
#2078=CARTESIAN_POINT('',(109.15,-76.56375,-6.));
#2079=CARTESIAN_POINT('',(109.15,-76.56375,10.));
#2080=CARTESIAN_POINT('Origin',(107.8,-76.56375,-6.));
#2081=CARTESIAN_POINT('Origin',(107.8,-76.56375,-6.));
#2082=CARTESIAN_POINT('Origin',(144.95,-69.06375,-4.5));
#2083=CARTESIAN_POINT('',(141.2,-69.06375,8.5));
#2084=CARTESIAN_POINT('',(141.2,-69.06375,-4.5));
#2085=CARTESIAN_POINT('',(144.95,-72.81375,8.5));
#2086=CARTESIAN_POINT('Origin',(144.95,-69.06375,8.5));
#2087=CARTESIAN_POINT('',(144.95,-72.81375,-7.));
#2088=CARTESIAN_POINT('Origin',(107.8,-69.06375,-4.5));
#2089=CARTESIAN_POINT('',(111.55,-69.06375,8.5));
#2090=CARTESIAN_POINT('Origin',(107.8,-69.06375,8.5));
#2091=CARTESIAN_POINT('',(111.55,-69.06375,-4.5));
#2092=CARTESIAN_POINT('Origin',(144.95,-76.56375,-7.));
#2093=CARTESIAN_POINT('Origin',(144.95,-76.56375,8.5));
#2094=CARTESIAN_POINT('Origin',(141.2,-99.6525,-2.));
#2095=CARTESIAN_POINT('',(141.2,-54.975,8.5));
#2096=CARTESIAN_POINT('',(141.2,-54.975,-2.));
#2097=CARTESIAN_POINT('',(141.2,-88.108125,8.5));
#2098=CARTESIAN_POINT('Origin',(111.55,-53.475,-2.));
#2099=CARTESIAN_POINT('',(111.55,-54.975,8.5));
#2100=CARTESIAN_POINT('',(111.55,-65.019375,8.5));
#2101=CARTESIAN_POINT('',(111.55,-54.975,-2.));
#2102=CARTESIAN_POINT('Origin',(126.375,-76.56375,2.77555756156289E-16));
#2103=CARTESIAN_POINT('',(137.7,-55.975,2.77555756156289E-16));
#2104=CARTESIAN_POINT('',(115.05,-55.975,2.77555756156289E-16));
#2105=CARTESIAN_POINT('',(115.05,-55.975,2.77555756156289E-16));
#2106=CARTESIAN_POINT('',(115.05,-97.1525,2.77555756156289E-16));
#2107=CARTESIAN_POINT('',(115.05,-97.1525,2.77555756156289E-16));
#2108=CARTESIAN_POINT('',(137.7,-97.1525,2.77555756156289E-16));
#2109=CARTESIAN_POINT('',(137.7,-97.1525,2.77555756156289E-16));
#2110=CARTESIAN_POINT('',(137.7,-55.975,2.77555756156289E-16));
#2111=CARTESIAN_POINT('',(131.375,-61.975,0.));
#2112=CARTESIAN_POINT('',(121.375,-61.975,0.));
#2113=CARTESIAN_POINT('',(121.375,-61.975,0.));
#2114=CARTESIAN_POINT('',(131.375,-56.975,0.));
#2115=CARTESIAN_POINT('',(131.375,-56.975,0.));
#2116=CARTESIAN_POINT('',(136.7,-56.975,2.77555756156289E-16));
#2117=CARTESIAN_POINT('',(136.7,-56.975,2.77555756156289E-16));
#2118=CARTESIAN_POINT('',(136.7,-91.1525,2.77555756156289E-16));
#2119=CARTESIAN_POINT('',(136.7,-96.1525,2.77555756156289E-16));
#2120=CARTESIAN_POINT('',(116.05,-91.1525,2.77555756156289E-16));
#2121=CARTESIAN_POINT('',(116.05,-91.1525,2.77555756156289E-16));
#2122=CARTESIAN_POINT('',(116.05,-56.975,2.77555756156289E-16));
#2123=CARTESIAN_POINT('',(116.05,-56.975,2.77555756156289E-16));
#2124=CARTESIAN_POINT('',(121.375,-56.975,0.));
#2125=CARTESIAN_POINT('',(136.7,-56.975,2.77555756156289E-16));
#2126=CARTESIAN_POINT('',(121.375,-56.975,0.));
#2127=CARTESIAN_POINT('Origin',(126.375,-76.56375,8.5));
#2128=CARTESIAN_POINT('',(138.7,-52.475,8.5));
#2129=CARTESIAN_POINT('Origin',(138.7,-54.975,8.5));
#2130=CARTESIAN_POINT('',(132.320851388482,-52.475,8.5));
#2131=CARTESIAN_POINT('',(133.2875,-52.475,8.5));
#2132=CARTESIAN_POINT('',(131.179966032331,-53.475,8.5));
#2133=CARTESIAN_POINT('Ctrl Pts',(131.179966032331,-53.475,8.5));
#2134=CARTESIAN_POINT('Ctrl Pts',(131.179966032331,-53.3578082269903,8.5));
#2135=CARTESIAN_POINT('Ctrl Pts',(131.212050004961,-53.2208868937644,8.5));
#2136=CARTESIAN_POINT('Ctrl Pts',(131.316344265007,-52.9969997635442,8.5));
#2137=CARTESIAN_POINT('Ctrl Pts',(131.411175734039,-52.8734420518105,8.5));
#2138=CARTESIAN_POINT('Ctrl Pts',(131.610791737572,-52.6929883098237,8.5));
#2139=CARTESIAN_POINT('Ctrl Pts',(131.75379558555,-52.6064398313624,8.5));
#2140=CARTESIAN_POINT('Ctrl Pts',(132.014914842765,-52.5062363082383,8.5));
#2141=CARTESIAN_POINT('Ctrl Pts',(132.18046152619,-52.475,8.5));
#2142=CARTESIAN_POINT('Ctrl Pts',(132.320851388482,-52.475,8.5));
#2143=CARTESIAN_POINT('',(131.179966032331,-54.975,8.5));
#2144=CARTESIAN_POINT('',(131.179966032331,-53.475,8.5));
#2145=CARTESIAN_POINT('',(132.320851388482,-55.975,8.5));
#2146=CARTESIAN_POINT('Ctrl Pts',(131.179966032331,-54.975,8.5));
#2147=CARTESIAN_POINT('Ctrl Pts',(131.179966032331,-55.0921917730097,8.5));
#2148=CARTESIAN_POINT('Ctrl Pts',(131.212050004961,-55.2291131062356,8.5));
#2149=CARTESIAN_POINT('Ctrl Pts',(131.316344265007,-55.4530002364558,8.5));
#2150=CARTESIAN_POINT('Ctrl Pts',(131.411175734039,-55.5765579481895,8.5));
#2151=CARTESIAN_POINT('Ctrl Pts',(131.610791737572,-55.7570116901763,8.5));
#2152=CARTESIAN_POINT('Ctrl Pts',(131.75379558555,-55.8435601686376,8.5));
#2153=CARTESIAN_POINT('Ctrl Pts',(132.014914842765,-55.9437636917617,8.5));
#2154=CARTESIAN_POINT('Ctrl Pts',(132.18046152619,-55.975,8.5));
#2155=CARTESIAN_POINT('Ctrl Pts',(132.320851388482,-55.975,8.5));
#2156=CARTESIAN_POINT('',(137.7,-55.975,8.5));
#2157=CARTESIAN_POINT('',(126.247500000018,-55.975,8.5));
#2158=CARTESIAN_POINT('',(137.7,-97.1525,8.5));
#2159=CARTESIAN_POINT('',(137.7,-66.269375,8.5));
#2160=CARTESIAN_POINT('',(115.05,-97.1525,8.5));
#2161=CARTESIAN_POINT('',(132.0375,-97.1525,8.5));
#2162=CARTESIAN_POINT('',(115.05,-55.975,8.5));
#2163=CARTESIAN_POINT('',(115.05,-86.858125,8.5));
#2164=CARTESIAN_POINT('',(119.91914861159,-55.975,8.5));
#2165=CARTESIAN_POINT('',(126.247500000018,-55.975,8.5));
#2166=CARTESIAN_POINT('',(121.06003396774,-54.975,8.5));
#2167=CARTESIAN_POINT('Ctrl Pts',(119.91914861159,-55.975,8.5));
#2168=CARTESIAN_POINT('Ctrl Pts',(120.059538473882,-55.975,8.5));
#2169=CARTESIAN_POINT('Ctrl Pts',(120.225085157307,-55.9437636917617,8.5));
#2170=CARTESIAN_POINT('Ctrl Pts',(120.486204414521,-55.8435601686376,8.5));
#2171=CARTESIAN_POINT('Ctrl Pts',(120.629208262499,-55.7570116901763,8.5));
#2172=CARTESIAN_POINT('Ctrl Pts',(120.828824266033,-55.5765579481895,8.5));
#2173=CARTESIAN_POINT('Ctrl Pts',(120.923655735064,-55.4530002364558,8.5));
#2174=CARTESIAN_POINT('Ctrl Pts',(121.027949995111,-55.2291131062356,8.5));
#2175=CARTESIAN_POINT('Ctrl Pts',(121.06003396774,-55.0921917730097,8.5));
#2176=CARTESIAN_POINT('Ctrl Pts',(121.06003396774,-54.975,8.5));
#2177=CARTESIAN_POINT('',(121.06003396774,-53.475,8.5));
#2178=CARTESIAN_POINT('',(121.06003396774,-53.475,8.5));
#2179=CARTESIAN_POINT('',(119.91914861159,-52.475,8.5));
#2180=CARTESIAN_POINT('Ctrl Pts',(119.91914861159,-52.475,8.5));
#2181=CARTESIAN_POINT('Ctrl Pts',(120.059538473882,-52.475,8.5));
#2182=CARTESIAN_POINT('Ctrl Pts',(120.225085157307,-52.5062363082383,8.5));
#2183=CARTESIAN_POINT('Ctrl Pts',(120.486204414521,-52.6064398313624,8.5));
#2184=CARTESIAN_POINT('Ctrl Pts',(120.629208262499,-52.6929883098237,8.5));
#2185=CARTESIAN_POINT('Ctrl Pts',(120.828824266033,-52.8734420518105,8.5));
#2186=CARTESIAN_POINT('Ctrl Pts',(120.923655735064,-52.9969997635442,8.5));
#2187=CARTESIAN_POINT('Ctrl Pts',(121.027949995111,-53.2208868937644,8.5));
#2188=CARTESIAN_POINT('Ctrl Pts',(121.06003396774,-53.3578082269903,8.5));
#2189=CARTESIAN_POINT('Ctrl Pts',(121.06003396774,-53.475,8.5));
#2190=CARTESIAN_POINT('',(114.05,-52.475,8.5));
#2191=CARTESIAN_POINT('',(133.2875,-52.475,8.5));
#2192=CARTESIAN_POINT('Origin',(114.05,-54.975,8.5));
#2193=CARTESIAN_POINT('Origin',(114.05,-54.975,-2.));
#2194=CARTESIAN_POINT('',(114.05,-52.475,-2.));
#2195=CARTESIAN_POINT('Origin',(140.2,-52.475,-2.));
#2196=CARTESIAN_POINT('',(119.650000000036,-52.475,7.20499999999997));
#2197=CARTESIAN_POINT('Origin',(122.900000000036,-52.475,7.20499999999997));
#2198=CARTESIAN_POINT('',(119.650000000036,-52.475,6.49499999999998));
#2199=CARTESIAN_POINT('',(119.650000000036,-52.475,2.60249999999999));
#2200=CARTESIAN_POINT('',(122.900000000036,-52.475,3.24499999999998));
#2201=CARTESIAN_POINT('Origin',(122.900000000036,-52.475,6.49499999999998));
#2202=CARTESIAN_POINT('',(129.340000000036,-52.475,3.24499999999997));
#2203=CARTESIAN_POINT('',(131.550000000018,-52.475,3.24499999999996));
#2204=CARTESIAN_POINT('',(132.590000000036,-52.475,6.49499999999998));
#2205=CARTESIAN_POINT('Origin',(129.340000000036,-52.475,6.49499999999996));
#2206=CARTESIAN_POINT('',(132.590000000036,-52.475,7.20499999999997));
#2207=CARTESIAN_POINT('',(132.590000000036,-52.475,2.24749999999999));
#2208=CARTESIAN_POINT('Origin',(129.340000000036,-52.475,7.20499999999997));
#2209=CARTESIAN_POINT('',(138.7,-52.475,-2.));
#2210=CARTESIAN_POINT('Origin',(138.7,-54.975,-2.));
#2211=CARTESIAN_POINT('Origin',(122.900000000036,-53.475,7.20499999999997));
#2212=CARTESIAN_POINT('',(120.650000000036,-53.475,7.20499999999997));
#2213=CARTESIAN_POINT('Origin',(122.900000000036,-53.475,7.20499999999997));
#2214=CARTESIAN_POINT('Origin',(119.650000000036,-53.475,7.20499999999997));
#2215=CARTESIAN_POINT('Origin',(119.650000000036,-53.475,2.60249999999999));
#2216=CARTESIAN_POINT('',(120.650000000036,-53.475,6.49499999999998));
#2217=CARTESIAN_POINT('Origin',(119.650000000036,-53.475,6.49499999999998));
#2218=CARTESIAN_POINT('',(120.650000000036,-53.475,2.60249999999999));
#2219=CARTESIAN_POINT('Origin',(122.900000000036,-53.475,6.49499999999998));
#2220=CARTESIAN_POINT('',(122.900000000036,-53.475,4.24499999999998));
#2221=CARTESIAN_POINT('Origin',(122.900000000036,-53.475,3.24499999999998));
#2222=CARTESIAN_POINT('Origin',(122.900000000036,-53.475,6.49499999999998));
#2223=CARTESIAN_POINT('Origin',(131.550000000018,-53.475,3.24499999999996));
#2224=CARTESIAN_POINT('',(129.340000000036,-53.475,4.24499999999996));
#2225=CARTESIAN_POINT('Origin',(129.340000000036,-53.475,3.24499999999997));
#2226=CARTESIAN_POINT('',(131.550000000018,-53.475,4.24499999999996));
#2227=CARTESIAN_POINT('Origin',(129.340000000036,-53.475,6.49499999999996));
#2228=CARTESIAN_POINT('',(131.590000000036,-53.475,6.49499999999998));
#2229=CARTESIAN_POINT('Origin',(132.590000000036,-53.475,6.49499999999998));
#2230=CARTESIAN_POINT('Origin',(129.340000000036,-53.475,6.49499999999996));
#2231=CARTESIAN_POINT('Origin',(132.590000000036,-53.475,2.24749999999999));
#2232=CARTESIAN_POINT('',(131.590000000036,-53.475,7.20499999999997));
#2233=CARTESIAN_POINT('Origin',(132.590000000036,-53.475,7.20499999999997));
#2234=CARTESIAN_POINT('',(131.590000000036,-53.475,2.24749999999999));
#2235=CARTESIAN_POINT('Origin',(129.340000000036,-53.475,7.20499999999997));
#2236=CARTESIAN_POINT('Origin',(129.340000000036,-53.475,7.20499999999997));
#2237=CARTESIAN_POINT('Origin',(129.340000000036,-53.475,7.20499999999997));
#2238=CARTESIAN_POINT('',(131.590000000036,-54.975,7.20499999999997));
#2239=CARTESIAN_POINT('',(131.590000000036,-53.475,7.20499999999997));
#2240=CARTESIAN_POINT('Origin',(129.340000000036,-54.975,7.20499999999997));
#2241=CARTESIAN_POINT('Origin',(131.590000000036,-53.475,6.49499999999998));
#2242=CARTESIAN_POINT('',(131.590000000036,-54.975,6.49499999999998));
#2243=CARTESIAN_POINT('',(131.590000000036,-53.475,6.49499999999998));
#2244=CARTESIAN_POINT('',(131.590000000036,-54.975,6.67249999999997));
#2245=CARTESIAN_POINT('Origin',(129.340000000036,-53.475,6.49499999999996));
#2246=CARTESIAN_POINT('',(129.340000000036,-54.975,4.24499999999996));
#2247=CARTESIAN_POINT('',(129.340000000036,-53.475,4.24499999999996));
#2248=CARTESIAN_POINT('Origin',(129.340000000036,-54.975,6.49499999999996));
#2249=CARTESIAN_POINT('Origin',(122.900000000036,-53.475,4.24499999999998));
#2250=CARTESIAN_POINT('',(122.900000000036,-54.975,4.24499999999998));
#2251=CARTESIAN_POINT('',(122.900000000036,-53.475,4.24499999999998));
#2252=CARTESIAN_POINT('',(124.510000000036,-54.975,4.24499999999998));
#2253=CARTESIAN_POINT('Origin',(122.900000000036,-53.475,6.49499999999998));
#2254=CARTESIAN_POINT('',(120.650000000036,-54.975,6.49499999999998));
#2255=CARTESIAN_POINT('',(120.650000000036,-53.475,6.49499999999998));
#2256=CARTESIAN_POINT('Origin',(122.900000000036,-54.975,6.49499999999998));
#2257=CARTESIAN_POINT('Origin',(120.650000000036,-53.475,7.20499999999997));
#2258=CARTESIAN_POINT('',(120.650000000036,-54.975,7.20499999999997));
#2259=CARTESIAN_POINT('',(120.650000000036,-53.475,7.20499999999997));
#2260=CARTESIAN_POINT('',(120.650000000036,-54.975,7.02749999999997));
#2261=CARTESIAN_POINT('Origin',(122.900000000036,-53.475,7.20499999999997));
#2262=CARTESIAN_POINT('Origin',(122.900000000036,-54.975,7.20499999999997));
#2263=CARTESIAN_POINT('Origin',(126.120000000036,-55.975,6.84999999999997));
#2264=CARTESIAN_POINT('',(115.05,-55.975,-2.));
#2265=CARTESIAN_POINT('',(137.7,-55.975,-2.));
#2266=CARTESIAN_POINT('',(132.590000000036,-55.975,7.20499999999997));
#2267=CARTESIAN_POINT('Origin',(129.340000000036,-55.975,7.20499999999997));
#2268=CARTESIAN_POINT('',(132.590000000036,-55.975,6.49499999999998));
#2269=CARTESIAN_POINT('',(132.590000000036,-55.975,6.67249999999997));
#2270=CARTESIAN_POINT('',(129.340000000036,-55.975,3.24499999999996));
#2271=CARTESIAN_POINT('Origin',(129.340000000036,-55.975,6.49499999999996));
#2272=CARTESIAN_POINT('',(122.900000000036,-55.975,3.24499999999998));
#2273=CARTESIAN_POINT('',(124.510000000036,-55.975,3.24499999999998));
#2274=CARTESIAN_POINT('',(119.650000000036,-55.975,6.49499999999998));
#2275=CARTESIAN_POINT('Origin',(122.900000000036,-55.975,6.49499999999998));
#2276=CARTESIAN_POINT('',(119.650000000036,-55.975,7.20499999999997));
#2277=CARTESIAN_POINT('',(119.650000000036,-55.975,7.02749999999997));
#2278=CARTESIAN_POINT('Origin',(122.900000000036,-55.975,7.20499999999997));
#2279=CARTESIAN_POINT('Origin',(116.05,-56.975,-1.6));
#2280=CARTESIAN_POINT('',(131.375,-56.975,-6.6));
#2281=CARTESIAN_POINT('',(131.375,-56.975,-4.1));
#2282=CARTESIAN_POINT('',(136.7,-56.975,-6.6));
#2283=CARTESIAN_POINT('',(136.7,-56.975,-6.6));
#2284=CARTESIAN_POINT('',(136.7,-56.975,-1.6));
#2285=CARTESIAN_POINT('Origin',(128.875,-61.975,-3.3));
#2286=CARTESIAN_POINT('',(131.375,-61.975,-6.6));
#2287=CARTESIAN_POINT('',(131.375,-61.975,0.));
#2288=CARTESIAN_POINT('',(121.375,-61.975,-6.6));
#2289=CARTESIAN_POINT('',(121.375,-61.975,-6.6));
#2290=CARTESIAN_POINT('',(127.625,-61.975,-6.6));
#2291=CARTESIAN_POINT('Origin',(131.375,-56.975,-6.6));
#2292=CARTESIAN_POINT('',(131.375,-66.769375,-6.6));
#2293=CARTESIAN_POINT('Origin',(136.7,-56.975,-1.6));
#2294=CARTESIAN_POINT('',(136.7,-91.1525,-6.6));
#2295=CARTESIAN_POINT('',(136.7,-91.1525,-1.6));
#2296=CARTESIAN_POINT('',(136.7,-96.1525,-6.6));
#2297=CARTESIAN_POINT('Origin',(136.7,-91.1525,-1.6));
#2298=CARTESIAN_POINT('',(116.05,-91.1525,-6.6));
#2299=CARTESIAN_POINT('',(131.5375,-91.1525,-6.6));
#2300=CARTESIAN_POINT('',(116.05,-91.1525,-1.6));
#2301=CARTESIAN_POINT('Origin',(126.375,-76.56375,-6.6));
#2302=CARTESIAN_POINT('',(121.375,-56.975,-6.6));
#2303=CARTESIAN_POINT('',(121.375,-66.769375,-6.6));
#2304=CARTESIAN_POINT('',(116.05,-56.975,-6.6));
#2305=CARTESIAN_POINT('',(136.7,-56.975,-6.6));
#2306=CARTESIAN_POINT('',(116.05,-56.975,-6.6));
#2307=CARTESIAN_POINT('',(118.875,-71.56375,-6.6));
#2308=CARTESIAN_POINT('',(133.875,-71.56375,-6.6));
#2309=CARTESIAN_POINT('Origin',(126.375,-71.56375,-6.6));
#2310=CARTESIAN_POINT('',(133.875,-81.56375,-6.6));
#2311=CARTESIAN_POINT('',(133.875,-79.06375,-6.6));
#2312=CARTESIAN_POINT('',(118.875,-81.56375,-6.6));
#2313=CARTESIAN_POINT('Origin',(126.375,-81.56375,-6.6));
#2314=CARTESIAN_POINT('',(118.875,-74.06375,-6.6));
#2315=CARTESIAN_POINT('Origin',(126.375,-71.56375,-7.));
#2316=CARTESIAN_POINT('',(133.875,-71.56375,-7.));
#2317=CARTESIAN_POINT('',(118.875,-71.56375,-7.));
#2318=CARTESIAN_POINT('Origin',(133.875,-81.56375,-7.));
#2319=CARTESIAN_POINT('',(133.875,-81.56375,-7.));
#2320=CARTESIAN_POINT('Origin',(126.375,-81.56375,-7.));
#2321=CARTESIAN_POINT('',(118.875,-81.56375,-7.));
#2322=CARTESIAN_POINT('Origin',(132.590000000036,-54.975,6.67249999999997));
#2323=CARTESIAN_POINT('Origin',(132.590000000036,-54.975,7.20499999999997));
#2324=CARTESIAN_POINT('Origin',(132.590000000036,-54.975,6.49499999999998));
#2325=CARTESIAN_POINT('Origin',(129.340000000036,-54.975,6.49499999999996));
#2326=CARTESIAN_POINT('Origin',(129.340000000036,-54.975,3.24499999999996));
#2327=CARTESIAN_POINT('Origin',(124.510000000036,-54.975,3.24499999999998));
#2328=CARTESIAN_POINT('Origin',(122.900000000036,-54.975,3.24499999999998));
#2329=CARTESIAN_POINT('Origin',(115.05,-97.1525,-2.));
#2330=CARTESIAN_POINT('',(115.05,-97.1525,-2.));
#2331=CARTESIAN_POINT('Origin',(116.05,-56.975,-1.6));
#2332=CARTESIAN_POINT('',(121.375,-56.975,-0.8));
#2333=CARTESIAN_POINT('',(116.05,-56.975,-1.6));
#2334=CARTESIAN_POINT('Origin',(116.05,-96.1525,-1.6));
#2335=CARTESIAN_POINT('Origin',(121.375,-56.975,0.));
#2336=CARTESIAN_POINT('Origin',(118.875,-71.56375,-7.));
#2337=CARTESIAN_POINT('Origin',(122.900000000036,-54.975,7.20499999999997));
#2338=CARTESIAN_POINT('Origin',(119.650000000036,-54.975,7.20499999999997));
#2339=CARTESIAN_POINT('Origin',(119.650000000036,-54.975,7.02749999999997));
#2340=CARTESIAN_POINT('Origin',(119.650000000036,-54.975,6.49499999999998));
#2341=CARTESIAN_POINT('Origin',(122.900000000036,-54.975,6.49499999999998));
#2342=CARTESIAN_POINT('Origin',(129.340000000036,-54.975,7.20499999999997));
#2343=CARTESIAN_POINT('Origin',(137.7,-55.975,-2.));
#2344=CARTESIAN_POINT('',(137.7,-97.1525,-2.));
#2345=CARTESIAN_POINT('Origin',(137.7,-97.1525,-2.));
#2346=UNCERTAINTY_MEASURE_WITH_UNIT(LENGTH_MEASURE(0.01),#2350,
'DISTANCE_ACCURACY_VALUE',
'Maximum model space distance between geometric entities at asserted c
onnectivities');
#2347=UNCERTAINTY_MEASURE_WITH_UNIT(LENGTH_MEASURE(0.01),#2350,
'DISTANCE_ACCURACY_VALUE',
'Maximum model space distance between geometric entities at asserted c
onnectivities');
#2348=(
GEOMETRIC_REPRESENTATION_CONTEXT(3)
GLOBAL_UNCERTAINTY_ASSIGNED_CONTEXT((#2346))
GLOBAL_UNIT_ASSIGNED_CONTEXT((#2350,#2351,#2352))
REPRESENTATION_CONTEXT('','3D')
);
#2349=(
GEOMETRIC_REPRESENTATION_CONTEXT(3)
GLOBAL_UNCERTAINTY_ASSIGNED_CONTEXT((#2347))
GLOBAL_UNIT_ASSIGNED_CONTEXT((#2350,#2351,#2352))
REPRESENTATION_CONTEXT('','3D')
);
#2350=(
LENGTH_UNIT()
NAMED_UNIT(*)
SI_UNIT(.MILLI.,.METRE.)
);
#2351=(
NAMED_UNIT(*)
PLANE_ANGLE_UNIT()
SI_UNIT($,.RADIAN.)
);
#2352=(
NAMED_UNIT(*)
SI_UNIT($,.STERADIAN.)
SOLID_ANGLE_UNIT()
);
#2353=SHAPE_DEFINITION_REPRESENTATION(#2354,#2355);
#2354=PRODUCT_DEFINITION_SHAPE('',$,#2357);
#2355=SHAPE_REPRESENTATION('',(#1355),#2348);
#2356=PRODUCT_DEFINITION_CONTEXT('part definition',#2361,'design');
#2357=PRODUCT_DEFINITION('1x1 1','Touch ID Screw v3',#2358,#2356);
#2358=PRODUCT_DEFINITION_FORMATION('',$,#2363);
#2359=PRODUCT_RELATED_PRODUCT_CATEGORY('Touch ID Screw v3',
'Touch ID Screw v3',(#2363));
#2360=APPLICATION_PROTOCOL_DEFINITION('international standard',
'automotive_design',2009,#2361);
#2361=APPLICATION_CONTEXT(
'Core Data for Automotive Mechanical Design Process');
#2362=PRODUCT_CONTEXT('part definition',#2361,'mechanical');
#2363=PRODUCT('1x1 1','Touch ID Screw v3','KiCad electronic assembly',(#2362));
#2364=PRESENTATION_STYLE_ASSIGNMENT((#2367));
#2365=PRESENTATION_STYLE_ASSIGNMENT((#2368));
#2366=PRESENTATION_STYLE_ASSIGNMENT((#2369));
#2367=SURFACE_STYLE_USAGE(.BOTH.,#2370);
#2368=SURFACE_STYLE_USAGE(.BOTH.,#2371);
#2369=SURFACE_STYLE_USAGE(.BOTH.,#2372);
#2370=SURFACE_SIDE_STYLE('',(#2373));
#2371=SURFACE_SIDE_STYLE('',(#2374));
#2372=SURFACE_SIDE_STYLE('',(#2375));
#2373=SURFACE_STYLE_FILL_AREA(#2376);
#2374=SURFACE_STYLE_FILL_AREA(#2377);
#2375=SURFACE_STYLE_FILL_AREA(#2378);
#2376=FILL_AREA_STYLE('Steel - Satin',(#2379));
#2377=FILL_AREA_STYLE('Paint - Enamel Glossy (White)',(#2380));
#2378=FILL_AREA_STYLE('ABS (White)',(#2381));
#2379=FILL_AREA_STYLE_COLOUR('Steel - Satin',#2382);
#2380=FILL_AREA_STYLE_COLOUR('Paint - Enamel Glossy (White)',#2383);
#2381=FILL_AREA_STYLE_COLOUR('ABS (White)',#2384);
#2382=COLOUR_RGB('Steel - Satin',0.627450980392157,0.627450980392157,0.627450980392157);
#2383=COLOUR_RGB('Paint - Enamel Glossy (White)',0.964705882352941,0.964705882352941,
0.952941176470588);
#2384=COLOUR_RGB('ABS (White)',0.843137254901961,0.701960784313725,0.188235294117647);
ENDSEC;
END-ISO-10303-21;
