ISO-10303-21;
HEADER;
/* Generated by software containing ST-Developer
 * from STEP Tools, Inc. (www.steptools.com) 
 */

FILE_DESCRIPTION(
/* description */ ('KiCad electronic assembly'),
/* implementation_level */ '2;1');

FILE_NAME(
/* name */ 'Touch ID Screw keycap.step',
/* time_stamp */ '2026-08-20T16:35:29-07:00',
/* author */ (''),
/* organization */ (''),
/* preprocessor_version */ 'ST-DEVELOPER v20.1',
/* originating_system */ 'Autodesk Translation Framework v15.8.0.0',
/* authorisation */ '');

FILE_SCHEMA (('AUTOMOTIVE_DESIGN { 1 0 10303 214 3 1 1 }'));
ENDSEC;

DATA;
#10=MECHANICAL_DESIGN_GEOMETRIC_PRESENTATION_REPRESENTATION('',(#17),#11327);
#11=ITEM_DEFINED_TRANSFORMATION($,$,#7015,#7540);
#12=(
REPRESENTATION_RELATIONSHIP($,$,#11337,#11336)
REPRESENTATION_RELATIONSHIP_WITH_TRANSFORMATION(#11)
SHAPE_REPRESENTATION_RELATIONSHIP()
);
#13=CONTEXT_DEPENDENT_SHAPE_REPRESENTATION(#12,#11335);
#14=NEXT_ASSEMBLY_USAGE_OCCURRENCE('KeyCap v1:1','KeyCap v1:1',
'KeyCap v1:1',#11339,#11340,'KeyCap v1:1');
#15=SHAPE_REPRESENTATION_RELATIONSHIP('SRR','None',#11337,#16);
#16=ADVANCED_BREP_SHAPE_REPRESENTATION('',(#18),#11326);
#17=STYLED_ITEM('',(#11358),#18);
#18=MANIFOLD_SOLID_BREP('Cherry MX Keycap Base (9)',#7013);
#19=TOROIDAL_SURFACE('',#7533,4.75,0.25);
#20=TOROIDAL_SURFACE('',#7538,5.25,0.25);
#21=FACE_BOUND('',#1056,.T.);
#22=FACE_BOUND('',#1062,.T.);
#23=CIRCLE('',#7516,5.);
#24=CIRCLE('',#7517,5.);
#25=CIRCLE('',#7520,5.);
#26=CIRCLE('',#7521,5.);
#27=CIRCLE('',#7524,5.);
#28=CIRCLE('',#7525,5.);
#29=CIRCLE('',#7527,5.);
#30=CIRCLE('',#7530,5.);
#31=CIRCLE('',#7532,4.75);
#32=CIRCLE('',#7534,0.25);
#33=CIRCLE('',#7535,5.);
#34=CIRCLE('',#7537,5.25);
#35=CIRCLE('',#7539,0.25);
#36=CYLINDRICAL_SURFACE('',#7515,5.);
#37=CYLINDRICAL_SURFACE('',#7519,5.);
#38=CYLINDRICAL_SURFACE('',#7523,5.);
#39=CYLINDRICAL_SURFACE('',#7529,5.);
#40=FACE_OUTER_BOUND('',#551,.T.);
#41=FACE_OUTER_BOUND('',#552,.T.);
#42=FACE_OUTER_BOUND('',#553,.T.);
#43=FACE_OUTER_BOUND('',#554,.T.);
#44=FACE_OUTER_BOUND('',#555,.T.);
#45=FACE_OUTER_BOUND('',#556,.T.);
#46=FACE_OUTER_BOUND('',#557,.T.);
#47=FACE_OUTER_BOUND('',#558,.T.);
#48=FACE_OUTER_BOUND('',#559,.T.);
#49=FACE_OUTER_BOUND('',#560,.T.);
#50=FACE_OUTER_BOUND('',#561,.T.);
#51=FACE_OUTER_BOUND('',#562,.T.);
#52=FACE_OUTER_BOUND('',#563,.T.);
#53=FACE_OUTER_BOUND('',#564,.T.);
#54=FACE_OUTER_BOUND('',#565,.T.);
#55=FACE_OUTER_BOUND('',#566,.T.);
#56=FACE_OUTER_BOUND('',#567,.T.);
#57=FACE_OUTER_BOUND('',#568,.T.);
#58=FACE_OUTER_BOUND('',#569,.T.);
#59=FACE_OUTER_BOUND('',#570,.T.);
#60=FACE_OUTER_BOUND('',#571,.T.);
#61=FACE_OUTER_BOUND('',#572,.T.);
#62=FACE_OUTER_BOUND('',#573,.T.);
#63=FACE_OUTER_BOUND('',#574,.T.);
#64=FACE_OUTER_BOUND('',#575,.T.);
#65=FACE_OUTER_BOUND('',#576,.T.);
#66=FACE_OUTER_BOUND('',#577,.T.);
#67=FACE_OUTER_BOUND('',#578,.T.);
#68=FACE_OUTER_BOUND('',#579,.T.);
#69=FACE_OUTER_BOUND('',#580,.T.);
#70=FACE_OUTER_BOUND('',#581,.T.);
#71=FACE_OUTER_BOUND('',#582,.T.);
#72=FACE_OUTER_BOUND('',#583,.T.);
#73=FACE_OUTER_BOUND('',#584,.T.);
#74=FACE_OUTER_BOUND('',#585,.T.);
#75=FACE_OUTER_BOUND('',#586,.T.);
#76=FACE_OUTER_BOUND('',#587,.T.);
#77=FACE_OUTER_BOUND('',#588,.T.);
#78=FACE_OUTER_BOUND('',#589,.T.);
#79=FACE_OUTER_BOUND('',#590,.T.);
#80=FACE_OUTER_BOUND('',#591,.T.);
#81=FACE_OUTER_BOUND('',#592,.T.);
#82=FACE_OUTER_BOUND('',#593,.T.);
#83=FACE_OUTER_BOUND('',#594,.T.);
#84=FACE_OUTER_BOUND('',#595,.T.);
#85=FACE_OUTER_BOUND('',#596,.T.);
#86=FACE_OUTER_BOUND('',#597,.T.);
#87=FACE_OUTER_BOUND('',#598,.T.);
#88=FACE_OUTER_BOUND('',#599,.T.);
#89=FACE_OUTER_BOUND('',#600,.T.);
#90=FACE_OUTER_BOUND('',#601,.T.);
#91=FACE_OUTER_BOUND('',#602,.T.);
#92=FACE_OUTER_BOUND('',#603,.T.);
#93=FACE_OUTER_BOUND('',#604,.T.);
#94=FACE_OUTER_BOUND('',#605,.T.);
#95=FACE_OUTER_BOUND('',#606,.T.);
#96=FACE_OUTER_BOUND('',#607,.T.);
#97=FACE_OUTER_BOUND('',#608,.T.);
#98=FACE_OUTER_BOUND('',#609,.T.);
#99=FACE_OUTER_BOUND('',#610,.T.);
#100=FACE_OUTER_BOUND('',#611,.T.);
#101=FACE_OUTER_BOUND('',#612,.T.);
#102=FACE_OUTER_BOUND('',#613,.T.);
#103=FACE_OUTER_BOUND('',#614,.T.);
#104=FACE_OUTER_BOUND('',#615,.T.);
#105=FACE_OUTER_BOUND('',#616,.T.);
#106=FACE_OUTER_BOUND('',#617,.T.);
#107=FACE_OUTER_BOUND('',#618,.T.);
#108=FACE_OUTER_BOUND('',#619,.T.);
#109=FACE_OUTER_BOUND('',#620,.T.);
#110=FACE_OUTER_BOUND('',#621,.T.);
#111=FACE_OUTER_BOUND('',#622,.T.);
#112=FACE_OUTER_BOUND('',#623,.T.);
#113=FACE_OUTER_BOUND('',#624,.T.);
#114=FACE_OUTER_BOUND('',#625,.T.);
#115=FACE_OUTER_BOUND('',#626,.T.);
#116=FACE_OUTER_BOUND('',#627,.T.);
#117=FACE_OUTER_BOUND('',#628,.T.);
#118=FACE_OUTER_BOUND('',#629,.T.);
#119=FACE_OUTER_BOUND('',#630,.T.);
#120=FACE_OUTER_BOUND('',#631,.T.);
#121=FACE_OUTER_BOUND('',#632,.T.);
#122=FACE_OUTER_BOUND('',#633,.T.);
#123=FACE_OUTER_BOUND('',#634,.T.);
#124=FACE_OUTER_BOUND('',#635,.T.);
#125=FACE_OUTER_BOUND('',#636,.T.);
#126=FACE_OUTER_BOUND('',#637,.T.);
#127=FACE_OUTER_BOUND('',#638,.T.);
#128=FACE_OUTER_BOUND('',#639,.T.);
#129=FACE_OUTER_BOUND('',#640,.T.);
#130=FACE_OUTER_BOUND('',#641,.T.);
#131=FACE_OUTER_BOUND('',#642,.T.);
#132=FACE_OUTER_BOUND('',#643,.T.);
#133=FACE_OUTER_BOUND('',#644,.T.);
#134=FACE_OUTER_BOUND('',#645,.T.);
#135=FACE_OUTER_BOUND('',#646,.T.);
#136=FACE_OUTER_BOUND('',#647,.T.);
#137=FACE_OUTER_BOUND('',#648,.T.);
#138=FACE_OUTER_BOUND('',#649,.T.);
#139=FACE_OUTER_BOUND('',#650,.T.);
#140=FACE_OUTER_BOUND('',#651,.T.);
#141=FACE_OUTER_BOUND('',#652,.T.);
#142=FACE_OUTER_BOUND('',#653,.T.);
#143=FACE_OUTER_BOUND('',#654,.T.);
#144=FACE_OUTER_BOUND('',#655,.T.);
#145=FACE_OUTER_BOUND('',#656,.T.);
#146=FACE_OUTER_BOUND('',#657,.T.);
#147=FACE_OUTER_BOUND('',#658,.T.);
#148=FACE_OUTER_BOUND('',#659,.T.);
#149=FACE_OUTER_BOUND('',#660,.T.);
#150=FACE_OUTER_BOUND('',#661,.T.);
#151=FACE_OUTER_BOUND('',#662,.T.);
#152=FACE_OUTER_BOUND('',#663,.T.);
#153=FACE_OUTER_BOUND('',#664,.T.);
#154=FACE_OUTER_BOUND('',#665,.T.);
#155=FACE_OUTER_BOUND('',#666,.T.);
#156=FACE_OUTER_BOUND('',#667,.T.);
#157=FACE_OUTER_BOUND('',#668,.T.);
#158=FACE_OUTER_BOUND('',#669,.T.);
#159=FACE_OUTER_BOUND('',#670,.T.);
#160=FACE_OUTER_BOUND('',#671,.T.);
#161=FACE_OUTER_BOUND('',#672,.T.);
#162=FACE_OUTER_BOUND('',#673,.T.);
#163=FACE_OUTER_BOUND('',#674,.T.);
#164=FACE_OUTER_BOUND('',#675,.T.);
#165=FACE_OUTER_BOUND('',#676,.T.);
#166=FACE_OUTER_BOUND('',#677,.T.);
#167=FACE_OUTER_BOUND('',#678,.T.);
#168=FACE_OUTER_BOUND('',#679,.T.);
#169=FACE_OUTER_BOUND('',#680,.T.);
#170=FACE_OUTER_BOUND('',#681,.T.);
#171=FACE_OUTER_BOUND('',#682,.T.);
#172=FACE_OUTER_BOUND('',#683,.T.);
#173=FACE_OUTER_BOUND('',#684,.T.);
#174=FACE_OUTER_BOUND('',#685,.T.);
#175=FACE_OUTER_BOUND('',#686,.T.);
#176=FACE_OUTER_BOUND('',#687,.T.);
#177=FACE_OUTER_BOUND('',#688,.T.);
#178=FACE_OUTER_BOUND('',#689,.T.);
#179=FACE_OUTER_BOUND('',#690,.T.);
#180=FACE_OUTER_BOUND('',#691,.T.);
#181=FACE_OUTER_BOUND('',#692,.T.);
#182=FACE_OUTER_BOUND('',#693,.T.);
#183=FACE_OUTER_BOUND('',#694,.T.);
#184=FACE_OUTER_BOUND('',#695,.T.);
#185=FACE_OUTER_BOUND('',#696,.T.);
#186=FACE_OUTER_BOUND('',#697,.T.);
#187=FACE_OUTER_BOUND('',#698,.T.);
#188=FACE_OUTER_BOUND('',#699,.T.);
#189=FACE_OUTER_BOUND('',#700,.T.);
#190=FACE_OUTER_BOUND('',#701,.T.);
#191=FACE_OUTER_BOUND('',#702,.T.);
#192=FACE_OUTER_BOUND('',#703,.T.);
#193=FACE_OUTER_BOUND('',#704,.T.);
#194=FACE_OUTER_BOUND('',#705,.T.);
#195=FACE_OUTER_BOUND('',#706,.T.);
#196=FACE_OUTER_BOUND('',#707,.T.);
#197=FACE_OUTER_BOUND('',#708,.T.);
#198=FACE_OUTER_BOUND('',#709,.T.);
#199=FACE_OUTER_BOUND('',#710,.T.);
#200=FACE_OUTER_BOUND('',#711,.T.);
#201=FACE_OUTER_BOUND('',#712,.T.);
#202=FACE_OUTER_BOUND('',#713,.T.);
#203=FACE_OUTER_BOUND('',#714,.T.);
#204=FACE_OUTER_BOUND('',#715,.T.);
#205=FACE_OUTER_BOUND('',#716,.T.);
#206=FACE_OUTER_BOUND('',#717,.T.);
#207=FACE_OUTER_BOUND('',#718,.T.);
#208=FACE_OUTER_BOUND('',#719,.T.);
#209=FACE_OUTER_BOUND('',#720,.T.);
#210=FACE_OUTER_BOUND('',#721,.T.);
#211=FACE_OUTER_BOUND('',#722,.T.);
#212=FACE_OUTER_BOUND('',#723,.T.);
#213=FACE_OUTER_BOUND('',#724,.T.);
#214=FACE_OUTER_BOUND('',#725,.T.);
#215=FACE_OUTER_BOUND('',#726,.T.);
#216=FACE_OUTER_BOUND('',#727,.T.);
#217=FACE_OUTER_BOUND('',#728,.T.);
#218=FACE_OUTER_BOUND('',#729,.T.);
#219=FACE_OUTER_BOUND('',#730,.T.);
#220=FACE_OUTER_BOUND('',#731,.T.);
#221=FACE_OUTER_BOUND('',#732,.T.);
#222=FACE_OUTER_BOUND('',#733,.T.);
#223=FACE_OUTER_BOUND('',#734,.T.);
#224=FACE_OUTER_BOUND('',#735,.T.);
#225=FACE_OUTER_BOUND('',#736,.T.);
#226=FACE_OUTER_BOUND('',#737,.T.);
#227=FACE_OUTER_BOUND('',#738,.T.);
#228=FACE_OUTER_BOUND('',#739,.T.);
#229=FACE_OUTER_BOUND('',#740,.T.);
#230=FACE_OUTER_BOUND('',#741,.T.);
#231=FACE_OUTER_BOUND('',#742,.T.);
#232=FACE_OUTER_BOUND('',#743,.T.);
#233=FACE_OUTER_BOUND('',#744,.T.);
#234=FACE_OUTER_BOUND('',#745,.T.);
#235=FACE_OUTER_BOUND('',#746,.T.);
#236=FACE_OUTER_BOUND('',#747,.T.);
#237=FACE_OUTER_BOUND('',#748,.T.);
#238=FACE_OUTER_BOUND('',#749,.T.);
#239=FACE_OUTER_BOUND('',#750,.T.);
#240=FACE_OUTER_BOUND('',#751,.T.);
#241=FACE_OUTER_BOUND('',#752,.T.);
#242=FACE_OUTER_BOUND('',#753,.T.);
#243=FACE_OUTER_BOUND('',#754,.T.);
#244=FACE_OUTER_BOUND('',#755,.T.);
#245=FACE_OUTER_BOUND('',#756,.T.);
#246=FACE_OUTER_BOUND('',#757,.T.);
#247=FACE_OUTER_BOUND('',#758,.T.);
#248=FACE_OUTER_BOUND('',#759,.T.);
#249=FACE_OUTER_BOUND('',#760,.T.);
#250=FACE_OUTER_BOUND('',#761,.T.);
#251=FACE_OUTER_BOUND('',#762,.T.);
#252=FACE_OUTER_BOUND('',#763,.T.);
#253=FACE_OUTER_BOUND('',#764,.T.);
#254=FACE_OUTER_BOUND('',#765,.T.);
#255=FACE_OUTER_BOUND('',#766,.T.);
#256=FACE_OUTER_BOUND('',#767,.T.);
#257=FACE_OUTER_BOUND('',#768,.T.);
#258=FACE_OUTER_BOUND('',#769,.T.);
#259=FACE_OUTER_BOUND('',#770,.T.);
#260=FACE_OUTER_BOUND('',#771,.T.);
#261=FACE_OUTER_BOUND('',#772,.T.);
#262=FACE_OUTER_BOUND('',#773,.T.);
#263=FACE_OUTER_BOUND('',#774,.T.);
#264=FACE_OUTER_BOUND('',#775,.T.);
#265=FACE_OUTER_BOUND('',#776,.T.);
#266=FACE_OUTER_BOUND('',#777,.T.);
#267=FACE_OUTER_BOUND('',#778,.T.);
#268=FACE_OUTER_BOUND('',#779,.T.);
#269=FACE_OUTER_BOUND('',#780,.T.);
#270=FACE_OUTER_BOUND('',#781,.T.);
#271=FACE_OUTER_BOUND('',#782,.T.);
#272=FACE_OUTER_BOUND('',#783,.T.);
#273=FACE_OUTER_BOUND('',#784,.T.);
#274=FACE_OUTER_BOUND('',#785,.T.);
#275=FACE_OUTER_BOUND('',#786,.T.);
#276=FACE_OUTER_BOUND('',#787,.T.);
#277=FACE_OUTER_BOUND('',#788,.T.);
#278=FACE_OUTER_BOUND('',#789,.T.);
#279=FACE_OUTER_BOUND('',#790,.T.);
#280=FACE_OUTER_BOUND('',#791,.T.);
#281=FACE_OUTER_BOUND('',#792,.T.);
#282=FACE_OUTER_BOUND('',#793,.T.);
#283=FACE_OUTER_BOUND('',#794,.T.);
#284=FACE_OUTER_BOUND('',#795,.T.);
#285=FACE_OUTER_BOUND('',#796,.T.);
#286=FACE_OUTER_BOUND('',#797,.T.);
#287=FACE_OUTER_BOUND('',#798,.T.);
#288=FACE_OUTER_BOUND('',#799,.T.);
#289=FACE_OUTER_BOUND('',#800,.T.);
#290=FACE_OUTER_BOUND('',#801,.T.);
#291=FACE_OUTER_BOUND('',#802,.T.);
#292=FACE_OUTER_BOUND('',#803,.T.);
#293=FACE_OUTER_BOUND('',#804,.T.);
#294=FACE_OUTER_BOUND('',#805,.T.);
#295=FACE_OUTER_BOUND('',#806,.T.);
#296=FACE_OUTER_BOUND('',#807,.T.);
#297=FACE_OUTER_BOUND('',#808,.T.);
#298=FACE_OUTER_BOUND('',#809,.T.);
#299=FACE_OUTER_BOUND('',#810,.T.);
#300=FACE_OUTER_BOUND('',#811,.T.);
#301=FACE_OUTER_BOUND('',#812,.T.);
#302=FACE_OUTER_BOUND('',#813,.T.);
#303=FACE_OUTER_BOUND('',#814,.T.);
#304=FACE_OUTER_BOUND('',#815,.T.);
#305=FACE_OUTER_BOUND('',#816,.T.);
#306=FACE_OUTER_BOUND('',#817,.T.);
#307=FACE_OUTER_BOUND('',#818,.T.);
#308=FACE_OUTER_BOUND('',#819,.T.);
#309=FACE_OUTER_BOUND('',#820,.T.);
#310=FACE_OUTER_BOUND('',#821,.T.);
#311=FACE_OUTER_BOUND('',#822,.T.);
#312=FACE_OUTER_BOUND('',#823,.T.);
#313=FACE_OUTER_BOUND('',#824,.T.);
#314=FACE_OUTER_BOUND('',#825,.T.);
#315=FACE_OUTER_BOUND('',#826,.T.);
#316=FACE_OUTER_BOUND('',#827,.T.);
#317=FACE_OUTER_BOUND('',#828,.T.);
#318=FACE_OUTER_BOUND('',#829,.T.);
#319=FACE_OUTER_BOUND('',#830,.T.);
#320=FACE_OUTER_BOUND('',#831,.T.);
#321=FACE_OUTER_BOUND('',#832,.T.);
#322=FACE_OUTER_BOUND('',#833,.T.);
#323=FACE_OUTER_BOUND('',#834,.T.);
#324=FACE_OUTER_BOUND('',#835,.T.);
#325=FACE_OUTER_BOUND('',#836,.T.);
#326=FACE_OUTER_BOUND('',#837,.T.);
#327=FACE_OUTER_BOUND('',#838,.T.);
#328=FACE_OUTER_BOUND('',#839,.T.);
#329=FACE_OUTER_BOUND('',#840,.T.);
#330=FACE_OUTER_BOUND('',#841,.T.);
#331=FACE_OUTER_BOUND('',#842,.T.);
#332=FACE_OUTER_BOUND('',#843,.T.);
#333=FACE_OUTER_BOUND('',#844,.T.);
#334=FACE_OUTER_BOUND('',#845,.T.);
#335=FACE_OUTER_BOUND('',#846,.T.);
#336=FACE_OUTER_BOUND('',#847,.T.);
#337=FACE_OUTER_BOUND('',#848,.T.);
#338=FACE_OUTER_BOUND('',#849,.T.);
#339=FACE_OUTER_BOUND('',#850,.T.);
#340=FACE_OUTER_BOUND('',#851,.T.);
#341=FACE_OUTER_BOUND('',#852,.T.);
#342=FACE_OUTER_BOUND('',#853,.T.);
#343=FACE_OUTER_BOUND('',#854,.T.);
#344=FACE_OUTER_BOUND('',#855,.T.);
#345=FACE_OUTER_BOUND('',#856,.T.);
#346=FACE_OUTER_BOUND('',#857,.T.);
#347=FACE_OUTER_BOUND('',#858,.T.);
#348=FACE_OUTER_BOUND('',#859,.T.);
#349=FACE_OUTER_BOUND('',#860,.T.);
#350=FACE_OUTER_BOUND('',#861,.T.);
#351=FACE_OUTER_BOUND('',#862,.T.);
#352=FACE_OUTER_BOUND('',#863,.T.);
#353=FACE_OUTER_BOUND('',#864,.T.);
#354=FACE_OUTER_BOUND('',#865,.T.);
#355=FACE_OUTER_BOUND('',#866,.T.);
#356=FACE_OUTER_BOUND('',#867,.T.);
#357=FACE_OUTER_BOUND('',#868,.T.);
#358=FACE_OUTER_BOUND('',#869,.T.);
#359=FACE_OUTER_BOUND('',#870,.T.);
#360=FACE_OUTER_BOUND('',#871,.T.);
#361=FACE_OUTER_BOUND('',#872,.T.);
#362=FACE_OUTER_BOUND('',#873,.T.);
#363=FACE_OUTER_BOUND('',#874,.T.);
#364=FACE_OUTER_BOUND('',#875,.T.);
#365=FACE_OUTER_BOUND('',#876,.T.);
#366=FACE_OUTER_BOUND('',#877,.T.);
#367=FACE_OUTER_BOUND('',#878,.T.);
#368=FACE_OUTER_BOUND('',#879,.T.);
#369=FACE_OUTER_BOUND('',#880,.T.);
#370=FACE_OUTER_BOUND('',#881,.T.);
#371=FACE_OUTER_BOUND('',#882,.T.);
#372=FACE_OUTER_BOUND('',#883,.T.);
#373=FACE_OUTER_BOUND('',#884,.T.);
#374=FACE_OUTER_BOUND('',#885,.T.);
#375=FACE_OUTER_BOUND('',#886,.T.);
#376=FACE_OUTER_BOUND('',#887,.T.);
#377=FACE_OUTER_BOUND('',#888,.T.);
#378=FACE_OUTER_BOUND('',#889,.T.);
#379=FACE_OUTER_BOUND('',#890,.T.);
#380=FACE_OUTER_BOUND('',#891,.T.);
#381=FACE_OUTER_BOUND('',#892,.T.);
#382=FACE_OUTER_BOUND('',#893,.T.);
#383=FACE_OUTER_BOUND('',#894,.T.);
#384=FACE_OUTER_BOUND('',#895,.T.);
#385=FACE_OUTER_BOUND('',#896,.T.);
#386=FACE_OUTER_BOUND('',#897,.T.);
#387=FACE_OUTER_BOUND('',#898,.T.);
#388=FACE_OUTER_BOUND('',#899,.T.);
#389=FACE_OUTER_BOUND('',#900,.T.);
#390=FACE_OUTER_BOUND('',#901,.T.);
#391=FACE_OUTER_BOUND('',#902,.T.);
#392=FACE_OUTER_BOUND('',#903,.T.);
#393=FACE_OUTER_BOUND('',#904,.T.);
#394=FACE_OUTER_BOUND('',#905,.T.);
#395=FACE_OUTER_BOUND('',#906,.T.);
#396=FACE_OUTER_BOUND('',#907,.T.);
#397=FACE_OUTER_BOUND('',#908,.T.);
#398=FACE_OUTER_BOUND('',#909,.T.);
#399=FACE_OUTER_BOUND('',#910,.T.);
#400=FACE_OUTER_BOUND('',#911,.T.);
#401=FACE_OUTER_BOUND('',#912,.T.);
#402=FACE_OUTER_BOUND('',#913,.T.);
#403=FACE_OUTER_BOUND('',#914,.T.);
#404=FACE_OUTER_BOUND('',#915,.T.);
#405=FACE_OUTER_BOUND('',#916,.T.);
#406=FACE_OUTER_BOUND('',#917,.T.);
#407=FACE_OUTER_BOUND('',#918,.T.);
#408=FACE_OUTER_BOUND('',#919,.T.);
#409=FACE_OUTER_BOUND('',#920,.T.);
#410=FACE_OUTER_BOUND('',#921,.T.);
#411=FACE_OUTER_BOUND('',#922,.T.);
#412=FACE_OUTER_BOUND('',#923,.T.);
#413=FACE_OUTER_BOUND('',#924,.T.);
#414=FACE_OUTER_BOUND('',#925,.T.);
#415=FACE_OUTER_BOUND('',#926,.T.);
#416=FACE_OUTER_BOUND('',#927,.T.);
#417=FACE_OUTER_BOUND('',#928,.T.);
#418=FACE_OUTER_BOUND('',#929,.T.);
#419=FACE_OUTER_BOUND('',#930,.T.);
#420=FACE_OUTER_BOUND('',#931,.T.);
#421=FACE_OUTER_BOUND('',#932,.T.);
#422=FACE_OUTER_BOUND('',#933,.T.);
#423=FACE_OUTER_BOUND('',#934,.T.);
#424=FACE_OUTER_BOUND('',#935,.T.);
#425=FACE_OUTER_BOUND('',#936,.T.);
#426=FACE_OUTER_BOUND('',#937,.T.);
#427=FACE_OUTER_BOUND('',#938,.T.);
#428=FACE_OUTER_BOUND('',#939,.T.);
#429=FACE_OUTER_BOUND('',#940,.T.);
#430=FACE_OUTER_BOUND('',#941,.T.);
#431=FACE_OUTER_BOUND('',#942,.T.);
#432=FACE_OUTER_BOUND('',#943,.T.);
#433=FACE_OUTER_BOUND('',#944,.T.);
#434=FACE_OUTER_BOUND('',#945,.T.);
#435=FACE_OUTER_BOUND('',#946,.T.);
#436=FACE_OUTER_BOUND('',#947,.T.);
#437=FACE_OUTER_BOUND('',#948,.T.);
#438=FACE_OUTER_BOUND('',#949,.T.);
#439=FACE_OUTER_BOUND('',#950,.T.);
#440=FACE_OUTER_BOUND('',#951,.T.);
#441=FACE_OUTER_BOUND('',#952,.T.);
#442=FACE_OUTER_BOUND('',#953,.T.);
#443=FACE_OUTER_BOUND('',#954,.T.);
#444=FACE_OUTER_BOUND('',#955,.T.);
#445=FACE_OUTER_BOUND('',#956,.T.);
#446=FACE_OUTER_BOUND('',#957,.T.);
#447=FACE_OUTER_BOUND('',#958,.T.);
#448=FACE_OUTER_BOUND('',#959,.T.);
#449=FACE_OUTER_BOUND('',#960,.T.);
#450=FACE_OUTER_BOUND('',#961,.T.);
#451=FACE_OUTER_BOUND('',#962,.T.);
#452=FACE_OUTER_BOUND('',#963,.T.);
#453=FACE_OUTER_BOUND('',#964,.T.);
#454=FACE_OUTER_BOUND('',#965,.T.);
#455=FACE_OUTER_BOUND('',#966,.T.);
#456=FACE_OUTER_BOUND('',#967,.T.);
#457=FACE_OUTER_BOUND('',#968,.T.);
#458=FACE_OUTER_BOUND('',#969,.T.);
#459=FACE_OUTER_BOUND('',#970,.T.);
#460=FACE_OUTER_BOUND('',#971,.T.);
#461=FACE_OUTER_BOUND('',#972,.T.);
#462=FACE_OUTER_BOUND('',#973,.T.);
#463=FACE_OUTER_BOUND('',#974,.T.);
#464=FACE_OUTER_BOUND('',#975,.T.);
#465=FACE_OUTER_BOUND('',#976,.T.);
#466=FACE_OUTER_BOUND('',#977,.T.);
#467=FACE_OUTER_BOUND('',#978,.T.);
#468=FACE_OUTER_BOUND('',#979,.T.);
#469=FACE_OUTER_BOUND('',#980,.T.);
#470=FACE_OUTER_BOUND('',#981,.T.);
#471=FACE_OUTER_BOUND('',#982,.T.);
#472=FACE_OUTER_BOUND('',#983,.T.);
#473=FACE_OUTER_BOUND('',#984,.T.);
#474=FACE_OUTER_BOUND('',#985,.T.);
#475=FACE_OUTER_BOUND('',#986,.T.);
#476=FACE_OUTER_BOUND('',#987,.T.);
#477=FACE_OUTER_BOUND('',#988,.T.);
#478=FACE_OUTER_BOUND('',#989,.T.);
#479=FACE_OUTER_BOUND('',#990,.T.);
#480=FACE_OUTER_BOUND('',#991,.T.);
#481=FACE_OUTER_BOUND('',#992,.T.);
#482=FACE_OUTER_BOUND('',#993,.T.);
#483=FACE_OUTER_BOUND('',#994,.T.);
#484=FACE_OUTER_BOUND('',#995,.T.);
#485=FACE_OUTER_BOUND('',#996,.T.);
#486=FACE_OUTER_BOUND('',#997,.T.);
#487=FACE_OUTER_BOUND('',#998,.T.);
#488=FACE_OUTER_BOUND('',#999,.T.);
#489=FACE_OUTER_BOUND('',#1000,.T.);
#490=FACE_OUTER_BOUND('',#1001,.T.);
#491=FACE_OUTER_BOUND('',#1002,.T.);
#492=FACE_OUTER_BOUND('',#1003,.T.);
#493=FACE_OUTER_BOUND('',#1004,.T.);
#494=FACE_OUTER_BOUND('',#1005,.T.);
#495=FACE_OUTER_BOUND('',#1006,.T.);
#496=FACE_OUTER_BOUND('',#1007,.T.);
#497=FACE_OUTER_BOUND('',#1008,.T.);
#498=FACE_OUTER_BOUND('',#1009,.T.);
#499=FACE_OUTER_BOUND('',#1010,.T.);
#500=FACE_OUTER_BOUND('',#1011,.T.);
#501=FACE_OUTER_BOUND('',#1012,.T.);
#502=FACE_OUTER_BOUND('',#1013,.T.);
#503=FACE_OUTER_BOUND('',#1014,.T.);
#504=FACE_OUTER_BOUND('',#1015,.T.);
#505=FACE_OUTER_BOUND('',#1016,.T.);
#506=FACE_OUTER_BOUND('',#1017,.T.);
#507=FACE_OUTER_BOUND('',#1018,.T.);
#508=FACE_OUTER_BOUND('',#1019,.T.);
#509=FACE_OUTER_BOUND('',#1020,.T.);
#510=FACE_OUTER_BOUND('',#1021,.T.);
#511=FACE_OUTER_BOUND('',#1022,.T.);
#512=FACE_OUTER_BOUND('',#1023,.T.);
#513=FACE_OUTER_BOUND('',#1024,.T.);
#514=FACE_OUTER_BOUND('',#1025,.T.);
#515=FACE_OUTER_BOUND('',#1026,.T.);
#516=FACE_OUTER_BOUND('',#1027,.T.);
#517=FACE_OUTER_BOUND('',#1028,.T.);
#518=FACE_OUTER_BOUND('',#1029,.T.);
#519=FACE_OUTER_BOUND('',#1030,.T.);
#520=FACE_OUTER_BOUND('',#1031,.T.);
#521=FACE_OUTER_BOUND('',#1032,.T.);
#522=FACE_OUTER_BOUND('',#1033,.T.);
#523=FACE_OUTER_BOUND('',#1034,.T.);
#524=FACE_OUTER_BOUND('',#1035,.T.);
#525=FACE_OUTER_BOUND('',#1036,.T.);
#526=FACE_OUTER_BOUND('',#1037,.T.);
#527=FACE_OUTER_BOUND('',#1038,.T.);
#528=FACE_OUTER_BOUND('',#1039,.T.);
#529=FACE_OUTER_BOUND('',#1040,.T.);
#530=FACE_OUTER_BOUND('',#1041,.T.);
#531=FACE_OUTER_BOUND('',#1042,.T.);
#532=FACE_OUTER_BOUND('',#1043,.T.);
#533=FACE_OUTER_BOUND('',#1044,.T.);
#534=FACE_OUTER_BOUND('',#1045,.T.);
#535=FACE_OUTER_BOUND('',#1046,.T.);
#536=FACE_OUTER_BOUND('',#1047,.T.);
#537=FACE_OUTER_BOUND('',#1048,.T.);
#538=FACE_OUTER_BOUND('',#1049,.T.);
#539=FACE_OUTER_BOUND('',#1050,.T.);
#540=FACE_OUTER_BOUND('',#1051,.T.);
#541=FACE_OUTER_BOUND('',#1052,.T.);
#542=FACE_OUTER_BOUND('',#1053,.T.);
#543=FACE_OUTER_BOUND('',#1054,.T.);
#544=FACE_OUTER_BOUND('',#1055,.T.);
#545=FACE_OUTER_BOUND('',#1057,.T.);
#546=FACE_OUTER_BOUND('',#1058,.T.);
#547=FACE_OUTER_BOUND('',#1059,.T.);
#548=FACE_OUTER_BOUND('',#1060,.T.);
#549=FACE_OUTER_BOUND('',#1061,.T.);
#550=FACE_OUTER_BOUND('',#1063,.T.);
#551=EDGE_LOOP('',(#4175,#4176,#4177,#4178));
#552=EDGE_LOOP('',(#4179,#4180,#4181,#4182));
#553=EDGE_LOOP('',(#4183,#4184,#4185));
#554=EDGE_LOOP('',(#4186,#4187,#4188,#4189));
#555=EDGE_LOOP('',(#4190,#4191,#4192,#4193));
#556=EDGE_LOOP('',(#4194,#4195,#4196));
#557=EDGE_LOOP('',(#4197,#4198,#4199,#4200));
#558=EDGE_LOOP('',(#4201,#4202,#4203,#4204));
#559=EDGE_LOOP('',(#4205,#4206,#4207,#4208));
#560=EDGE_LOOP('',(#4209,#4210,#4211,#4212));
#561=EDGE_LOOP('',(#4213,#4214,#4215,#4216));
#562=EDGE_LOOP('',(#4217,#4218,#4219,#4220));
#563=EDGE_LOOP('',(#4221,#4222,#4223));
#564=EDGE_LOOP('',(#4224,#4225,#4226,#4227));
#565=EDGE_LOOP('',(#4228,#4229,#4230));
#566=EDGE_LOOP('',(#4231,#4232,#4233,#4234));
#567=EDGE_LOOP('',(#4235,#4236,#4237,#4238));
#568=EDGE_LOOP('',(#4239,#4240,#4241));
#569=EDGE_LOOP('',(#4242,#4243,#4244,#4245));
#570=EDGE_LOOP('',(#4246,#4247,#4248,#4249));
#571=EDGE_LOOP('',(#4250,#4251,#4252,#4253));
#572=EDGE_LOOP('',(#4254,#4255,#4256,#4257));
#573=EDGE_LOOP('',(#4258,#4259,#4260,#4261));
#574=EDGE_LOOP('',(#4262,#4263,#4264,#4265));
#575=EDGE_LOOP('',(#4266,#4267,#4268,#4269));
#576=EDGE_LOOP('',(#4270,#4271,#4272,#4273));
#577=EDGE_LOOP('',(#4274,#4275,#4276,#4277));
#578=EDGE_LOOP('',(#4278,#4279,#4280));
#579=EDGE_LOOP('',(#4281,#4282,#4283,#4284));
#580=EDGE_LOOP('',(#4285,#4286,#4287,#4288));
#581=EDGE_LOOP('',(#4289,#4290,#4291));
#582=EDGE_LOOP('',(#4292,#4293,#4294,#4295));
#583=EDGE_LOOP('',(#4296,#4297,#4298));
#584=EDGE_LOOP('',(#4299,#4300,#4301,#4302));
#585=EDGE_LOOP('',(#4303,#4304,#4305,#4306));
#586=EDGE_LOOP('',(#4307,#4308,#4309));
#587=EDGE_LOOP('',(#4310,#4311,#4312,#4313));
#588=EDGE_LOOP('',(#4314,#4315,#4316));
#589=EDGE_LOOP('',(#4317,#4318,#4319,#4320));
#590=EDGE_LOOP('',(#4321,#4322,#4323,#4324));
#591=EDGE_LOOP('',(#4325,#4326,#4327));
#592=EDGE_LOOP('',(#4328,#4329,#4330,#4331));
#593=EDGE_LOOP('',(#4332,#4333,#4334,#4335));
#594=EDGE_LOOP('',(#4336,#4337,#4338,#4339));
#595=EDGE_LOOP('',(#4340,#4341,#4342,#4343));
#596=EDGE_LOOP('',(#4344,#4345,#4346,#4347));
#597=EDGE_LOOP('',(#4348,#4349,#4350,#4351));
#598=EDGE_LOOP('',(#4352,#4353,#4354,#4355));
#599=EDGE_LOOP('',(#4356,#4357,#4358,#4359));
#600=EDGE_LOOP('',(#4360,#4361,#4362,#4363));
#601=EDGE_LOOP('',(#4364,#4365,#4366,#4367));
#602=EDGE_LOOP('',(#4368,#4369,#4370,#4371));
#603=EDGE_LOOP('',(#4372,#4373,#4374));
#604=EDGE_LOOP('',(#4375,#4376,#4377,#4378));
#605=EDGE_LOOP('',(#4379,#4380,#4381));
#606=EDGE_LOOP('',(#4382,#4383,#4384,#4385));
#607=EDGE_LOOP('',(#4386,#4387,#4388,#4389));
#608=EDGE_LOOP('',(#4390,#4391,#4392));
#609=EDGE_LOOP('',(#4393,#4394,#4395,#4396));
#610=EDGE_LOOP('',(#4397,#4398,#4399,#4400));
#611=EDGE_LOOP('',(#4401,#4402,#4403,#4404));
#612=EDGE_LOOP('',(#4405,#4406,#4407));
#613=EDGE_LOOP('',(#4408,#4409,#4410,#4411));
#614=EDGE_LOOP('',(#4412,#4413,#4414,#4415));
#615=EDGE_LOOP('',(#4416,#4417,#4418,#4419));
#616=EDGE_LOOP('',(#4420,#4421,#4422,#4423));
#617=EDGE_LOOP('',(#4424,#4425,#4426));
#618=EDGE_LOOP('',(#4427,#4428,#4429,#4430));
#619=EDGE_LOOP('',(#4431,#4432,#4433));
#620=EDGE_LOOP('',(#4434,#4435,#4436,#4437));
#621=EDGE_LOOP('',(#4438,#4439,#4440,#4441));
#622=EDGE_LOOP('',(#4442,#4443,#4444));
#623=EDGE_LOOP('',(#4445,#4446,#4447,#4448));
#624=EDGE_LOOP('',(#4449,#4450,#4451,#4452));
#625=EDGE_LOOP('',(#4453,#4454,#4455,#4456));
#626=EDGE_LOOP('',(#4457,#4458,#4459,#4460));
#627=EDGE_LOOP('',(#4461,#4462,#4463));
#628=EDGE_LOOP('',(#4464,#4465,#4466));
#629=EDGE_LOOP('',(#4467,#4468,#4469));
#630=EDGE_LOOP('',(#4470,#4471,#4472));
#631=EDGE_LOOP('',(#4473,#4474,#4475));
#632=EDGE_LOOP('',(#4476,#4477,#4478));
#633=EDGE_LOOP('',(#4479,#4480,#4481));
#634=EDGE_LOOP('',(#4482,#4483,#4484));
#635=EDGE_LOOP('',(#4485,#4486,#4487));
#636=EDGE_LOOP('',(#4488,#4489,#4490));
#637=EDGE_LOOP('',(#4491,#4492,#4493));
#638=EDGE_LOOP('',(#4494,#4495,#4496,#4497));
#639=EDGE_LOOP('',(#4498,#4499,#4500,#4501));
#640=EDGE_LOOP('',(#4502,#4503,#4504,#4505));
#641=EDGE_LOOP('',(#4506,#4507,#4508));
#642=EDGE_LOOP('',(#4509,#4510,#4511));
#643=EDGE_LOOP('',(#4512,#4513,#4514));
#644=EDGE_LOOP('',(#4515,#4516,#4517,#4518));
#645=EDGE_LOOP('',(#4519,#4520,#4521));
#646=EDGE_LOOP('',(#4522,#4523,#4524));
#647=EDGE_LOOP('',(#4525,#4526,#4527));
#648=EDGE_LOOP('',(#4528,#4529,#4530));
#649=EDGE_LOOP('',(#4531,#4532,#4533));
#650=EDGE_LOOP('',(#4534,#4535,#4536));
#651=EDGE_LOOP('',(#4537,#4538,#4539));
#652=EDGE_LOOP('',(#4540,#4541,#4542));
#653=EDGE_LOOP('',(#4543,#4544,#4545));
#654=EDGE_LOOP('',(#4546,#4547,#4548));
#655=EDGE_LOOP('',(#4549,#4550,#4551));
#656=EDGE_LOOP('',(#4552,#4553,#4554));
#657=EDGE_LOOP('',(#4555,#4556,#4557));
#658=EDGE_LOOP('',(#4558,#4559,#4560));
#659=EDGE_LOOP('',(#4561,#4562,#4563));
#660=EDGE_LOOP('',(#4564,#4565,#4566));
#661=EDGE_LOOP('',(#4567,#4568,#4569,#4570));
#662=EDGE_LOOP('',(#4571,#4572,#4573));
#663=EDGE_LOOP('',(#4574,#4575,#4576));
#664=EDGE_LOOP('',(#4577,#4578,#4579));
#665=EDGE_LOOP('',(#4580,#4581,#4582));
#666=EDGE_LOOP('',(#4583,#4584,#4585));
#667=EDGE_LOOP('',(#4586,#4587,#4588));
#668=EDGE_LOOP('',(#4589,#4590,#4591));
#669=EDGE_LOOP('',(#4592,#4593,#4594));
#670=EDGE_LOOP('',(#4595,#4596,#4597));
#671=EDGE_LOOP('',(#4598,#4599,#4600));
#672=EDGE_LOOP('',(#4601,#4602,#4603));
#673=EDGE_LOOP('',(#4604,#4605,#4606));
#674=EDGE_LOOP('',(#4607,#4608,#4609));
#675=EDGE_LOOP('',(#4610,#4611,#4612));
#676=EDGE_LOOP('',(#4613,#4614,#4615));
#677=EDGE_LOOP('',(#4616,#4617,#4618));
#678=EDGE_LOOP('',(#4619,#4620,#4621));
#679=EDGE_LOOP('',(#4622,#4623,#4624));
#680=EDGE_LOOP('',(#4625,#4626,#4627));
#681=EDGE_LOOP('',(#4628,#4629,#4630));
#682=EDGE_LOOP('',(#4631,#4632,#4633));
#683=EDGE_LOOP('',(#4634,#4635,#4636));
#684=EDGE_LOOP('',(#4637,#4638,#4639));
#685=EDGE_LOOP('',(#4640,#4641,#4642));
#686=EDGE_LOOP('',(#4643,#4644,#4645));
#687=EDGE_LOOP('',(#4646,#4647,#4648));
#688=EDGE_LOOP('',(#4649,#4650,#4651));
#689=EDGE_LOOP('',(#4652,#4653,#4654));
#690=EDGE_LOOP('',(#4655,#4656,#4657));
#691=EDGE_LOOP('',(#4658,#4659,#4660));
#692=EDGE_LOOP('',(#4661,#4662,#4663));
#693=EDGE_LOOP('',(#4664,#4665,#4666));
#694=EDGE_LOOP('',(#4667,#4668,#4669));
#695=EDGE_LOOP('',(#4670,#4671,#4672));
#696=EDGE_LOOP('',(#4673,#4674,#4675));
#697=EDGE_LOOP('',(#4676,#4677,#4678));
#698=EDGE_LOOP('',(#4679,#4680,#4681,#4682));
#699=EDGE_LOOP('',(#4683,#4684,#4685,#4686));
#700=EDGE_LOOP('',(#4687,#4688,#4689,#4690));
#701=EDGE_LOOP('',(#4691,#4692,#4693));
#702=EDGE_LOOP('',(#4694,#4695,#4696,#4697));
#703=EDGE_LOOP('',(#4698,#4699,#4700));
#704=EDGE_LOOP('',(#4701,#4702,#4703));
#705=EDGE_LOOP('',(#4704,#4705,#4706));
#706=EDGE_LOOP('',(#4707,#4708,#4709));
#707=EDGE_LOOP('',(#4710,#4711,#4712));
#708=EDGE_LOOP('',(#4713,#4714,#4715));
#709=EDGE_LOOP('',(#4716,#4717,#4718,#4719));
#710=EDGE_LOOP('',(#4720,#4721,#4722));
#711=EDGE_LOOP('',(#4723,#4724,#4725,#4726));
#712=EDGE_LOOP('',(#4727,#4728,#4729));
#713=EDGE_LOOP('',(#4730,#4731,#4732));
#714=EDGE_LOOP('',(#4733,#4734,#4735,#4736));
#715=EDGE_LOOP('',(#4737,#4738,#4739));
#716=EDGE_LOOP('',(#4740,#4741,#4742));
#717=EDGE_LOOP('',(#4743,#4744,#4745,#4746));
#718=EDGE_LOOP('',(#4747,#4748,#4749));
#719=EDGE_LOOP('',(#4750,#4751,#4752));
#720=EDGE_LOOP('',(#4753,#4754,#4755,#4756));
#721=EDGE_LOOP('',(#4757,#4758,#4759,#4760));
#722=EDGE_LOOP('',(#4761,#4762,#4763,#4764));
#723=EDGE_LOOP('',(#4765,#4766,#4767));
#724=EDGE_LOOP('',(#4768,#4769,#4770,#4771));
#725=EDGE_LOOP('',(#4772,#4773,#4774));
#726=EDGE_LOOP('',(#4775,#4776,#4777));
#727=EDGE_LOOP('',(#4778,#4779,#4780));
#728=EDGE_LOOP('',(#4781,#4782,#4783));
#729=EDGE_LOOP('',(#4784,#4785,#4786));
#730=EDGE_LOOP('',(#4787,#4788,#4789));
#731=EDGE_LOOP('',(#4790,#4791,#4792));
#732=EDGE_LOOP('',(#4793,#4794,#4795));
#733=EDGE_LOOP('',(#4796,#4797,#4798));
#734=EDGE_LOOP('',(#4799,#4800,#4801));
#735=EDGE_LOOP('',(#4802,#4803,#4804));
#736=EDGE_LOOP('',(#4805,#4806,#4807));
#737=EDGE_LOOP('',(#4808,#4809,#4810));
#738=EDGE_LOOP('',(#4811,#4812,#4813));
#739=EDGE_LOOP('',(#4814,#4815,#4816,#4817));
#740=EDGE_LOOP('',(#4818,#4819,#4820));
#741=EDGE_LOOP('',(#4821,#4822,#4823,#4824));
#742=EDGE_LOOP('',(#4825,#4826,#4827));
#743=EDGE_LOOP('',(#4828,#4829,#4830,#4831));
#744=EDGE_LOOP('',(#4832,#4833,#4834));
#745=EDGE_LOOP('',(#4835,#4836,#4837));
#746=EDGE_LOOP('',(#4838,#4839,#4840,#4841));
#747=EDGE_LOOP('',(#4842,#4843,#4844));
#748=EDGE_LOOP('',(#4845,#4846,#4847));
#749=EDGE_LOOP('',(#4848,#4849,#4850));
#750=EDGE_LOOP('',(#4851,#4852,#4853));
#751=EDGE_LOOP('',(#4854,#4855,#4856));
#752=EDGE_LOOP('',(#4857,#4858,#4859));
#753=EDGE_LOOP('',(#4860,#4861,#4862));
#754=EDGE_LOOP('',(#4863,#4864,#4865));
#755=EDGE_LOOP('',(#4866,#4867,#4868));
#756=EDGE_LOOP('',(#4869,#4870,#4871));
#757=EDGE_LOOP('',(#4872,#4873,#4874));
#758=EDGE_LOOP('',(#4875,#4876,#4877));
#759=EDGE_LOOP('',(#4878,#4879,#4880));
#760=EDGE_LOOP('',(#4881,#4882,#4883));
#761=EDGE_LOOP('',(#4884,#4885,#4886));
#762=EDGE_LOOP('',(#4887,#4888,#4889));
#763=EDGE_LOOP('',(#4890,#4891,#4892));
#764=EDGE_LOOP('',(#4893,#4894,#4895));
#765=EDGE_LOOP('',(#4896,#4897,#4898));
#766=EDGE_LOOP('',(#4899,#4900,#4901));
#767=EDGE_LOOP('',(#4902,#4903,#4904));
#768=EDGE_LOOP('',(#4905,#4906,#4907));
#769=EDGE_LOOP('',(#4908,#4909,#4910));
#770=EDGE_LOOP('',(#4911,#4912,#4913));
#771=EDGE_LOOP('',(#4914,#4915,#4916));
#772=EDGE_LOOP('',(#4917,#4918,#4919));
#773=EDGE_LOOP('',(#4920,#4921,#4922));
#774=EDGE_LOOP('',(#4923,#4924,#4925));
#775=EDGE_LOOP('',(#4926,#4927,#4928));
#776=EDGE_LOOP('',(#4929,#4930,#4931));
#777=EDGE_LOOP('',(#4932,#4933,#4934));
#778=EDGE_LOOP('',(#4935,#4936,#4937));
#779=EDGE_LOOP('',(#4938,#4939,#4940));
#780=EDGE_LOOP('',(#4941,#4942,#4943));
#781=EDGE_LOOP('',(#4944,#4945,#4946));
#782=EDGE_LOOP('',(#4947,#4948,#4949));
#783=EDGE_LOOP('',(#4950,#4951,#4952));
#784=EDGE_LOOP('',(#4953,#4954,#4955));
#785=EDGE_LOOP('',(#4956,#4957,#4958));
#786=EDGE_LOOP('',(#4959,#4960,#4961));
#787=EDGE_LOOP('',(#4962,#4963,#4964,#4965));
#788=EDGE_LOOP('',(#4966,#4967,#4968,#4969));
#789=EDGE_LOOP('',(#4970,#4971,#4972));
#790=EDGE_LOOP('',(#4973,#4974,#4975));
#791=EDGE_LOOP('',(#4976,#4977,#4978));
#792=EDGE_LOOP('',(#4979,#4980,#4981));
#793=EDGE_LOOP('',(#4982,#4983,#4984));
#794=EDGE_LOOP('',(#4985,#4986,#4987));
#795=EDGE_LOOP('',(#4988,#4989,#4990));
#796=EDGE_LOOP('',(#4991,#4992,#4993));
#797=EDGE_LOOP('',(#4994,#4995,#4996));
#798=EDGE_LOOP('',(#4997,#4998,#4999));
#799=EDGE_LOOP('',(#5000,#5001,#5002));
#800=EDGE_LOOP('',(#5003,#5004,#5005));
#801=EDGE_LOOP('',(#5006,#5007,#5008));
#802=EDGE_LOOP('',(#5009,#5010,#5011));
#803=EDGE_LOOP('',(#5012,#5013,#5014));
#804=EDGE_LOOP('',(#5015,#5016,#5017));
#805=EDGE_LOOP('',(#5018,#5019,#5020));
#806=EDGE_LOOP('',(#5021,#5022,#5023));
#807=EDGE_LOOP('',(#5024,#5025,#5026));
#808=EDGE_LOOP('',(#5027,#5028,#5029));
#809=EDGE_LOOP('',(#5030,#5031,#5032));
#810=EDGE_LOOP('',(#5033,#5034,#5035));
#811=EDGE_LOOP('',(#5036,#5037,#5038));
#812=EDGE_LOOP('',(#5039,#5040,#5041));
#813=EDGE_LOOP('',(#5042,#5043,#5044));
#814=EDGE_LOOP('',(#5045,#5046,#5047));
#815=EDGE_LOOP('',(#5048,#5049,#5050));
#816=EDGE_LOOP('',(#5051,#5052,#5053));
#817=EDGE_LOOP('',(#5054,#5055,#5056));
#818=EDGE_LOOP('',(#5057,#5058,#5059));
#819=EDGE_LOOP('',(#5060,#5061,#5062));
#820=EDGE_LOOP('',(#5063,#5064,#5065));
#821=EDGE_LOOP('',(#5066,#5067,#5068));
#822=EDGE_LOOP('',(#5069,#5070,#5071));
#823=EDGE_LOOP('',(#5072,#5073,#5074));
#824=EDGE_LOOP('',(#5075,#5076,#5077));
#825=EDGE_LOOP('',(#5078,#5079,#5080));
#826=EDGE_LOOP('',(#5081,#5082,#5083));
#827=EDGE_LOOP('',(#5084,#5085,#5086));
#828=EDGE_LOOP('',(#5087,#5088,#5089));
#829=EDGE_LOOP('',(#5090,#5091,#5092));
#830=EDGE_LOOP('',(#5093,#5094,#5095));
#831=EDGE_LOOP('',(#5096,#5097,#5098));
#832=EDGE_LOOP('',(#5099,#5100,#5101));
#833=EDGE_LOOP('',(#5102,#5103,#5104));
#834=EDGE_LOOP('',(#5105,#5106,#5107));
#835=EDGE_LOOP('',(#5108,#5109,#5110));
#836=EDGE_LOOP('',(#5111,#5112,#5113));
#837=EDGE_LOOP('',(#5114,#5115,#5116));
#838=EDGE_LOOP('',(#5117,#5118,#5119));
#839=EDGE_LOOP('',(#5120,#5121,#5122));
#840=EDGE_LOOP('',(#5123,#5124,#5125));
#841=EDGE_LOOP('',(#5126,#5127,#5128));
#842=EDGE_LOOP('',(#5129,#5130,#5131));
#843=EDGE_LOOP('',(#5132,#5133,#5134));
#844=EDGE_LOOP('',(#5135,#5136,#5137));
#845=EDGE_LOOP('',(#5138,#5139,#5140));
#846=EDGE_LOOP('',(#5141,#5142,#5143));
#847=EDGE_LOOP('',(#5144,#5145,#5146));
#848=EDGE_LOOP('',(#5147,#5148,#5149));
#849=EDGE_LOOP('',(#5150,#5151,#5152));
#850=EDGE_LOOP('',(#5153,#5154,#5155));
#851=EDGE_LOOP('',(#5156,#5157,#5158));
#852=EDGE_LOOP('',(#5159,#5160,#5161));
#853=EDGE_LOOP('',(#5162,#5163,#5164));
#854=EDGE_LOOP('',(#5165,#5166,#5167));
#855=EDGE_LOOP('',(#5168,#5169,#5170));
#856=EDGE_LOOP('',(#5171,#5172,#5173));
#857=EDGE_LOOP('',(#5174,#5175,#5176));
#858=EDGE_LOOP('',(#5177,#5178,#5179,#5180,#5181));
#859=EDGE_LOOP('',(#5182,#5183,#5184));
#860=EDGE_LOOP('',(#5185,#5186,#5187));
#861=EDGE_LOOP('',(#5188,#5189,#5190));
#862=EDGE_LOOP('',(#5191,#5192,#5193));
#863=EDGE_LOOP('',(#5194,#5195,#5196));
#864=EDGE_LOOP('',(#5197,#5198,#5199));
#865=EDGE_LOOP('',(#5200,#5201,#5202));
#866=EDGE_LOOP('',(#5203,#5204,#5205));
#867=EDGE_LOOP('',(#5206,#5207,#5208,#5209,#5210));
#868=EDGE_LOOP('',(#5211,#5212,#5213));
#869=EDGE_LOOP('',(#5214,#5215,#5216));
#870=EDGE_LOOP('',(#5217,#5218,#5219,#5220));
#871=EDGE_LOOP('',(#5221,#5222,#5223));
#872=EDGE_LOOP('',(#5224,#5225,#5226));
#873=EDGE_LOOP('',(#5227,#5228,#5229));
#874=EDGE_LOOP('',(#5230,#5231,#5232,#5233));
#875=EDGE_LOOP('',(#5234,#5235,#5236));
#876=EDGE_LOOP('',(#5237,#5238,#5239,#5240));
#877=EDGE_LOOP('',(#5241,#5242,#5243,#5244));
#878=EDGE_LOOP('',(#5245,#5246,#5247,#5248));
#879=EDGE_LOOP('',(#5249,#5250,#5251,#5252));
#880=EDGE_LOOP('',(#5253,#5254,#5255,#5256));
#881=EDGE_LOOP('',(#5257,#5258,#5259,#5260));
#882=EDGE_LOOP('',(#5261,#5262,#5263,#5264));
#883=EDGE_LOOP('',(#5265,#5266,#5267,#5268));
#884=EDGE_LOOP('',(#5269,#5270,#5271,#5272));
#885=EDGE_LOOP('',(#5273,#5274,#5275,#5276));
#886=EDGE_LOOP('',(#5277,#5278,#5279,#5280));
#887=EDGE_LOOP('',(#5281,#5282,#5283));
#888=EDGE_LOOP('',(#5284,#5285,#5286));
#889=EDGE_LOOP('',(#5287,#5288,#5289,#5290));
#890=EDGE_LOOP('',(#5291,#5292,#5293));
#891=EDGE_LOOP('',(#5294,#5295,#5296,#5297));
#892=EDGE_LOOP('',(#5298,#5299,#5300,#5301));
#893=EDGE_LOOP('',(#5302,#5303,#5304));
#894=EDGE_LOOP('',(#5305,#5306,#5307,#5308));
#895=EDGE_LOOP('',(#5309,#5310,#5311));
#896=EDGE_LOOP('',(#5312,#5313,#5314));
#897=EDGE_LOOP('',(#5315,#5316,#5317,#5318));
#898=EDGE_LOOP('',(#5319,#5320,#5321));
#899=EDGE_LOOP('',(#5322,#5323,#5324));
#900=EDGE_LOOP('',(#5325,#5326,#5327));
#901=EDGE_LOOP('',(#5328,#5329,#5330));
#902=EDGE_LOOP('',(#5331,#5332,#5333));
#903=EDGE_LOOP('',(#5334,#5335,#5336,#5337));
#904=EDGE_LOOP('',(#5338,#5339,#5340,#5341));
#905=EDGE_LOOP('',(#5342,#5343,#5344,#5345));
#906=EDGE_LOOP('',(#5346,#5347,#5348));
#907=EDGE_LOOP('',(#5349,#5350,#5351));
#908=EDGE_LOOP('',(#5352,#5353,#5354));
#909=EDGE_LOOP('',(#5355,#5356,#5357));
#910=EDGE_LOOP('',(#5358,#5359,#5360));
#911=EDGE_LOOP('',(#5361,#5362,#5363));
#912=EDGE_LOOP('',(#5364,#5365,#5366));
#913=EDGE_LOOP('',(#5367,#5368,#5369));
#914=EDGE_LOOP('',(#5370,#5371,#5372,#5373));
#915=EDGE_LOOP('',(#5374,#5375,#5376));
#916=EDGE_LOOP('',(#5377,#5378,#5379));
#917=EDGE_LOOP('',(#5380,#5381,#5382));
#918=EDGE_LOOP('',(#5383,#5384,#5385));
#919=EDGE_LOOP('',(#5386,#5387,#5388));
#920=EDGE_LOOP('',(#5389,#5390,#5391,#5392));
#921=EDGE_LOOP('',(#5393,#5394,#5395));
#922=EDGE_LOOP('',(#5396,#5397,#5398));
#923=EDGE_LOOP('',(#5399,#5400,#5401));
#924=EDGE_LOOP('',(#5402,#5403,#5404));
#925=EDGE_LOOP('',(#5405,#5406,#5407));
#926=EDGE_LOOP('',(#5408,#5409,#5410,#5411));
#927=EDGE_LOOP('',(#5412,#5413,#5414));
#928=EDGE_LOOP('',(#5415,#5416,#5417));
#929=EDGE_LOOP('',(#5418,#5419,#5420));
#930=EDGE_LOOP('',(#5421,#5422,#5423,#5424));
#931=EDGE_LOOP('',(#5425,#5426,#5427));
#932=EDGE_LOOP('',(#5428,#5429,#5430,#5431));
#933=EDGE_LOOP('',(#5432,#5433,#5434,#5435));
#934=EDGE_LOOP('',(#5436,#5437,#5438));
#935=EDGE_LOOP('',(#5439,#5440,#5441));
#936=EDGE_LOOP('',(#5442,#5443,#5444));
#937=EDGE_LOOP('',(#5445,#5446,#5447));
#938=EDGE_LOOP('',(#5448,#5449,#5450));
#939=EDGE_LOOP('',(#5451,#5452,#5453));
#940=EDGE_LOOP('',(#5454,#5455,#5456));
#941=EDGE_LOOP('',(#5457,#5458,#5459));
#942=EDGE_LOOP('',(#5460,#5461,#5462));
#943=EDGE_LOOP('',(#5463,#5464,#5465));
#944=EDGE_LOOP('',(#5466,#5467,#5468));
#945=EDGE_LOOP('',(#5469,#5470,#5471));
#946=EDGE_LOOP('',(#5472,#5473,#5474));
#947=EDGE_LOOP('',(#5475,#5476,#5477));
#948=EDGE_LOOP('',(#5478,#5479,#5480));
#949=EDGE_LOOP('',(#5481,#5482,#5483));
#950=EDGE_LOOP('',(#5484,#5485,#5486));
#951=EDGE_LOOP('',(#5487,#5488,#5489));
#952=EDGE_LOOP('',(#5490,#5491,#5492));
#953=EDGE_LOOP('',(#5493,#5494,#5495));
#954=EDGE_LOOP('',(#5496,#5497,#5498));
#955=EDGE_LOOP('',(#5499,#5500,#5501));
#956=EDGE_LOOP('',(#5502,#5503,#5504));
#957=EDGE_LOOP('',(#5505,#5506,#5507));
#958=EDGE_LOOP('',(#5508,#5509,#5510));
#959=EDGE_LOOP('',(#5511,#5512,#5513));
#960=EDGE_LOOP('',(#5514,#5515,#5516));
#961=EDGE_LOOP('',(#5517,#5518,#5519));
#962=EDGE_LOOP('',(#5520,#5521,#5522));
#963=EDGE_LOOP('',(#5523,#5524,#5525));
#964=EDGE_LOOP('',(#5526,#5527,#5528));
#965=EDGE_LOOP('',(#5529,#5530,#5531));
#966=EDGE_LOOP('',(#5532,#5533,#5534));
#967=EDGE_LOOP('',(#5535,#5536,#5537));
#968=EDGE_LOOP('',(#5538,#5539,#5540));
#969=EDGE_LOOP('',(#5541,#5542,#5543));
#970=EDGE_LOOP('',(#5544,#5545,#5546));
#971=EDGE_LOOP('',(#5547,#5548,#5549));
#972=EDGE_LOOP('',(#5550,#5551,#5552));
#973=EDGE_LOOP('',(#5553,#5554,#5555));
#974=EDGE_LOOP('',(#5556,#5557,#5558));
#975=EDGE_LOOP('',(#5559,#5560,#5561));
#976=EDGE_LOOP('',(#5562,#5563,#5564));
#977=EDGE_LOOP('',(#5565,#5566,#5567));
#978=EDGE_LOOP('',(#5568,#5569,#5570));
#979=EDGE_LOOP('',(#5571,#5572,#5573));
#980=EDGE_LOOP('',(#5574,#5575,#5576));
#981=EDGE_LOOP('',(#5577,#5578,#5579));
#982=EDGE_LOOP('',(#5580,#5581,#5582));
#983=EDGE_LOOP('',(#5583,#5584,#5585));
#984=EDGE_LOOP('',(#5586,#5587,#5588));
#985=EDGE_LOOP('',(#5589,#5590,#5591));
#986=EDGE_LOOP('',(#5592,#5593,#5594));
#987=EDGE_LOOP('',(#5595,#5596,#5597));
#988=EDGE_LOOP('',(#5598,#5599,#5600));
#989=EDGE_LOOP('',(#5601,#5602,#5603));
#990=EDGE_LOOP('',(#5604,#5605,#5606));
#991=EDGE_LOOP('',(#5607,#5608,#5609));
#992=EDGE_LOOP('',(#5610,#5611,#5612));
#993=EDGE_LOOP('',(#5613,#5614,#5615));
#994=EDGE_LOOP('',(#5616,#5617,#5618));
#995=EDGE_LOOP('',(#5619,#5620,#5621));
#996=EDGE_LOOP('',(#5622,#5623,#5624));
#997=EDGE_LOOP('',(#5625,#5626,#5627));
#998=EDGE_LOOP('',(#5628,#5629,#5630));
#999=EDGE_LOOP('',(#5631,#5632,#5633));
#1000=EDGE_LOOP('',(#5634,#5635,#5636));
#1001=EDGE_LOOP('',(#5637,#5638,#5639));
#1002=EDGE_LOOP('',(#5640,#5641,#5642));
#1003=EDGE_LOOP('',(#5643,#5644,#5645));
#1004=EDGE_LOOP('',(#5646,#5647,#5648));
#1005=EDGE_LOOP('',(#5649,#5650,#5651));
#1006=EDGE_LOOP('',(#5652,#5653,#5654,#5655));
#1007=EDGE_LOOP('',(#5656,#5657,#5658,#5659));
#1008=EDGE_LOOP('',(#5660,#5661,#5662));
#1009=EDGE_LOOP('',(#5663,#5664,#5665));
#1010=EDGE_LOOP('',(#5666,#5667,#5668));
#1011=EDGE_LOOP('',(#5669,#5670,#5671));
#1012=EDGE_LOOP('',(#5672,#5673,#5674));
#1013=EDGE_LOOP('',(#5675,#5676,#5677,#5678));
#1014=EDGE_LOOP('',(#5679,#5680,#5681,#5682));
#1015=EDGE_LOOP('',(#5683,#5684,#5685,#5686));
#1016=EDGE_LOOP('',(#5687,#5688,#5689));
#1017=EDGE_LOOP('',(#5690,#5691,#5692));
#1018=EDGE_LOOP('',(#5693,#5694,#5695));
#1019=EDGE_LOOP('',(#5696,#5697,#5698));
#1020=EDGE_LOOP('',(#5699,#5700,#5701,#5702));
#1021=EDGE_LOOP('',(#5703,#5704,#5705));
#1022=EDGE_LOOP('',(#5706,#5707,#5708));
#1023=EDGE_LOOP('',(#5709,#5710,#5711));
#1024=EDGE_LOOP('',(#5712,#5713,#5714,#5715));
#1025=EDGE_LOOP('',(#5716,#5717,#5718));
#1026=EDGE_LOOP('',(#5719,#5720,#5721));
#1027=EDGE_LOOP('',(#5722,#5723,#5724));
#1028=EDGE_LOOP('',(#5725,#5726,#5727));
#1029=EDGE_LOOP('',(#5728,#5729,#5730));
#1030=EDGE_LOOP('',(#5731,#5732,#5733));
#1031=EDGE_LOOP('',(#5734,#5735,#5736));
#1032=EDGE_LOOP('',(#5737,#5738,#5739));
#1033=EDGE_LOOP('',(#5740,#5741,#5742));
#1034=EDGE_LOOP('',(#5743,#5744,#5745));
#1035=EDGE_LOOP('',(#5746,#5747,#5748));
#1036=EDGE_LOOP('',(#5749,#5750,#5751));
#1037=EDGE_LOOP('',(#5752,#5753,#5754));
#1038=EDGE_LOOP('',(#5755,#5756,#5757));
#1039=EDGE_LOOP('',(#5758,#5759,#5760));
#1040=EDGE_LOOP('',(#5761,#5762,#5763));
#1041=EDGE_LOOP('',(#5764,#5765,#5766));
#1042=EDGE_LOOP('',(#5767,#5768,#5769));
#1043=EDGE_LOOP('',(#5770,#5771,#5772));
#1044=EDGE_LOOP('',(#5773,#5774,#5775));
#1045=EDGE_LOOP('',(#5776,#5777,#5778));
#1046=EDGE_LOOP('',(#5779,#5780,#5781));
#1047=EDGE_LOOP('',(#5782,#5783,#5784));
#1048=EDGE_LOOP('',(#5785,#5786,#5787));
#1049=EDGE_LOOP('',(#5788,#5789,#5790,#5791));
#1050=EDGE_LOOP('',(#5792,#5793,#5794,#5795));
#1051=EDGE_LOOP('',(#5796,#5797,#5798,#5799));
#1052=EDGE_LOOP('',(#5800,#5801,#5802,#5803));
#1053=EDGE_LOOP('',(#5804,#5805,#5806,#5807));
#1054=EDGE_LOOP('',(#5808,#5809,#5810,#5811));
#1055=EDGE_LOOP('',(#5812,#5813,#5814,#5815,#5816,#5817,#5818,#5819));
#1056=EDGE_LOOP('',(#5820,#5821,#5822,#5823,#5824,#5825,#5826,#5827,#5828,
#5829,#5830,#5831,#5832,#5833,#5834,#5835,#5836,#5837,#5838,#5839,#5840,
#5841,#5842,#5843,#5844,#5845,#5846,#5847,#5848,#5849,#5850,#5851,#5852,
#5853,#5854,#5855,#5856,#5857,#5858,#5859,#5860,#5861,#5862,#5863,#5864,
#5865,#5866,#5867,#5868,#5869,#5870,#5871,#5872,#5873,#5874,#5875,#5876,
#5877,#5878,#5879,#5880,#5881,#5882,#5883,#5884,#5885,#5886,#5887,#5888,
#5889,#5890,#5891,#5892,#5893,#5894,#5895,#5896,#5897,#5898,#5899,#5900,
#5901,#5902,#5903,#5904,#5905,#5906,#5907,#5908,#5909,#5910,#5911,#5912,
#5913,#5914,#5915,#5916,#5917,#5918,#5919,#5920,#5921,#5922,#5923,#5924,
#5925,#5926,#5927,#5928,#5929,#5930,#5931,#5932,#5933,#5934,#5935,#5936,
#5937,#5938,#5939,#5940,#5941,#5942,#5943,#5944,#5945,#5946,#5947,#5948,
#5949,#5950,#5951,#5952,#5953,#5954,#5955,#5956,#5957,#5958,#5959,#5960,
#5961,#5962,#5963,#5964,#5965,#5966,#5967,#5968,#5969,#5970));
#1057=EDGE_LOOP('',(#5971,#5972,#5973,#5974));
#1058=EDGE_LOOP('',(#5975,#5976,#5977,#5978));
#1059=EDGE_LOOP('',(#5979));
#1060=EDGE_LOOP('',(#5980,#5981,#5982,#5983));
#1061=EDGE_LOOP('',(#5984,#5985,#5986,#5987,#5988,#5989,#5990,#5991));
#1062=EDGE_LOOP('',(#5992));
#1063=EDGE_LOOP('',(#5993,#5994,#5995,#5996));
#1064=LINE('',#9498,#1962);
#1065=LINE('',#9500,#1963);
#1066=LINE('',#9502,#1964);
#1067=LINE('',#9503,#1965);
#1068=LINE('',#9506,#1966);
#1069=LINE('',#9508,#1967);
#1070=LINE('',#9509,#1968);
#1071=LINE('',#9512,#1969);
#1072=LINE('',#9513,#1970);
#1073=LINE('',#9516,#1971);
#1074=LINE('',#9518,#1972);
#1075=LINE('',#9519,#1973);
#1076=LINE('',#9522,#1974);
#1077=LINE('',#9524,#1975);
#1078=LINE('',#9525,#1976);
#1079=LINE('',#9528,#1977);
#1080=LINE('',#9529,#1978);
#1081=LINE('',#9532,#1979);
#1082=LINE('',#9534,#1980);
#1083=LINE('',#9535,#1981);
#1084=LINE('',#9538,#1982);
#1085=LINE('',#9540,#1983);
#1086=LINE('',#9541,#1984);
#1087=LINE('',#9544,#1985);
#1088=LINE('',#9546,#1986);
#1089=LINE('',#9547,#1987);
#1090=LINE('',#9550,#1988);
#1091=LINE('',#9552,#1989);
#1092=LINE('',#9553,#1990);
#1093=LINE('',#9556,#1991);
#1094=LINE('',#9558,#1992);
#1095=LINE('',#9559,#1993);
#1096=LINE('',#9562,#1994);
#1097=LINE('',#9564,#1995);
#1098=LINE('',#9565,#1996);
#1099=LINE('',#9568,#1997);
#1100=LINE('',#9569,#1998);
#1101=LINE('',#9572,#1999);
#1102=LINE('',#9574,#2000);
#1103=LINE('',#9575,#2001);
#1104=LINE('',#9578,#2002);
#1105=LINE('',#9579,#2003);
#1106=LINE('',#9582,#2004);
#1107=LINE('',#9584,#2005);
#1108=LINE('',#9585,#2006);
#1109=LINE('',#9588,#2007);
#1110=LINE('',#9590,#2008);
#1111=LINE('',#9591,#2009);
#1112=LINE('',#9594,#2010);
#1113=LINE('',#9595,#2011);
#1114=LINE('',#9598,#2012);
#1115=LINE('',#9600,#2013);
#1116=LINE('',#9601,#2014);
#1117=LINE('',#9604,#2015);
#1118=LINE('',#9606,#2016);
#1119=LINE('',#9607,#2017);
#1120=LINE('',#9610,#2018);
#1121=LINE('',#9612,#2019);
#1122=LINE('',#9613,#2020);
#1123=LINE('',#9616,#2021);
#1124=LINE('',#9618,#2022);
#1125=LINE('',#9619,#2023);
#1126=LINE('',#9622,#2024);
#1127=LINE('',#9624,#2025);
#1128=LINE('',#9625,#2026);
#1129=LINE('',#9628,#2027);
#1130=LINE('',#9630,#2028);
#1131=LINE('',#9631,#2029);
#1132=LINE('',#9634,#2030);
#1133=LINE('',#9636,#2031);
#1134=LINE('',#9637,#2032);
#1135=LINE('',#9640,#2033);
#1136=LINE('',#9642,#2034);
#1137=LINE('',#9643,#2035);
#1138=LINE('',#9646,#2036);
#1139=LINE('',#9648,#2037);
#1140=LINE('',#9649,#2038);
#1141=LINE('',#9652,#2039);
#1142=LINE('',#9653,#2040);
#1143=LINE('',#9656,#2041);
#1144=LINE('',#9658,#2042);
#1145=LINE('',#9659,#2043);
#1146=LINE('',#9662,#2044);
#1147=LINE('',#9664,#2045);
#1148=LINE('',#9665,#2046);
#1149=LINE('',#9668,#2047);
#1150=LINE('',#9669,#2048);
#1151=LINE('',#9672,#2049);
#1152=LINE('',#9674,#2050);
#1153=LINE('',#9675,#2051);
#1154=LINE('',#9678,#2052);
#1155=LINE('',#9679,#2053);
#1156=LINE('',#9682,#2054);
#1157=LINE('',#9684,#2055);
#1158=LINE('',#9685,#2056);
#1159=LINE('',#9688,#2057);
#1160=LINE('',#9690,#2058);
#1161=LINE('',#9691,#2059);
#1162=LINE('',#9694,#2060);
#1163=LINE('',#9695,#2061);
#1164=LINE('',#9698,#2062);
#1165=LINE('',#9700,#2063);
#1166=LINE('',#9701,#2064);
#1167=LINE('',#9704,#2065);
#1168=LINE('',#9705,#2066);
#1169=LINE('',#9708,#2067);
#1170=LINE('',#9710,#2068);
#1171=LINE('',#9711,#2069);
#1172=LINE('',#9714,#2070);
#1173=LINE('',#9716,#2071);
#1174=LINE('',#9717,#2072);
#1175=LINE('',#9720,#2073);
#1176=LINE('',#9721,#2074);
#1177=LINE('',#9724,#2075);
#1178=LINE('',#9726,#2076);
#1179=LINE('',#9727,#2077);
#1180=LINE('',#9730,#2078);
#1181=LINE('',#9732,#2079);
#1182=LINE('',#9733,#2080);
#1183=LINE('',#9736,#2081);
#1184=LINE('',#9738,#2082);
#1185=LINE('',#9739,#2083);
#1186=LINE('',#9742,#2084);
#1187=LINE('',#9744,#2085);
#1188=LINE('',#9745,#2086);
#1189=LINE('',#9748,#2087);
#1190=LINE('',#9750,#2088);
#1191=LINE('',#9751,#2089);
#1192=LINE('',#9754,#2090);
#1193=LINE('',#9756,#2091);
#1194=LINE('',#9757,#2092);
#1195=LINE('',#9760,#2093);
#1196=LINE('',#9762,#2094);
#1197=LINE('',#9763,#2095);
#1198=LINE('',#9766,#2096);
#1199=LINE('',#9768,#2097);
#1200=LINE('',#9769,#2098);
#1201=LINE('',#9772,#2099);
#1202=LINE('',#9774,#2100);
#1203=LINE('',#9775,#2101);
#1204=LINE('',#9778,#2102);
#1205=LINE('',#9780,#2103);
#1206=LINE('',#9781,#2104);
#1207=LINE('',#9784,#2105);
#1208=LINE('',#9786,#2106);
#1209=LINE('',#9787,#2107);
#1210=LINE('',#9790,#2108);
#1211=LINE('',#9791,#2109);
#1212=LINE('',#9794,#2110);
#1213=LINE('',#9796,#2111);
#1214=LINE('',#9797,#2112);
#1215=LINE('',#9800,#2113);
#1216=LINE('',#9801,#2114);
#1217=LINE('',#9804,#2115);
#1218=LINE('',#9806,#2116);
#1219=LINE('',#9807,#2117);
#1220=LINE('',#9810,#2118);
#1221=LINE('',#9812,#2119);
#1222=LINE('',#9813,#2120);
#1223=LINE('',#9816,#2121);
#1224=LINE('',#9817,#2122);
#1225=LINE('',#9820,#2123);
#1226=LINE('',#9822,#2124);
#1227=LINE('',#9823,#2125);
#1228=LINE('',#9826,#2126);
#1229=LINE('',#9828,#2127);
#1230=LINE('',#9829,#2128);
#1231=LINE('',#9832,#2129);
#1232=LINE('',#9834,#2130);
#1233=LINE('',#9835,#2131);
#1234=LINE('',#9838,#2132);
#1235=LINE('',#9839,#2133);
#1236=LINE('',#9842,#2134);
#1237=LINE('',#9844,#2135);
#1238=LINE('',#9845,#2136);
#1239=LINE('',#9848,#2137);
#1240=LINE('',#9850,#2138);
#1241=LINE('',#9851,#2139);
#1242=LINE('',#9854,#2140);
#1243=LINE('',#9856,#2141);
#1244=LINE('',#9857,#2142);
#1245=LINE('',#9860,#2143);
#1246=LINE('',#9862,#2144);
#1247=LINE('',#9863,#2145);
#1248=LINE('',#9866,#2146);
#1249=LINE('',#9867,#2147);
#1250=LINE('',#9870,#2148);
#1251=LINE('',#9872,#2149);
#1252=LINE('',#9873,#2150);
#1253=LINE('',#9876,#2151);
#1254=LINE('',#9877,#2152);
#1255=LINE('',#9880,#2153);
#1256=LINE('',#9882,#2154);
#1257=LINE('',#9883,#2155);
#1258=LINE('',#9886,#2156);
#1259=LINE('',#9888,#2157);
#1260=LINE('',#9889,#2158);
#1261=LINE('',#9892,#2159);
#1262=LINE('',#9893,#2160);
#1263=LINE('',#9896,#2161);
#1264=LINE('',#9898,#2162);
#1265=LINE('',#9899,#2163);
#1266=LINE('',#9902,#2164);
#1267=LINE('',#9904,#2165);
#1268=LINE('',#9905,#2166);
#1269=LINE('',#9908,#2167);
#1270=LINE('',#9910,#2168);
#1271=LINE('',#9911,#2169);
#1272=LINE('',#9914,#2170);
#1273=LINE('',#9916,#2171);
#1274=LINE('',#9917,#2172);
#1275=LINE('',#9920,#2173);
#1276=LINE('',#9921,#2174);
#1277=LINE('',#9924,#2175);
#1278=LINE('',#9925,#2176);
#1279=LINE('',#9928,#2177);
#1280=LINE('',#9930,#2178);
#1281=LINE('',#9931,#2179);
#1282=LINE('',#9934,#2180);
#1283=LINE('',#9936,#2181);
#1284=LINE('',#9937,#2182);
#1285=LINE('',#9939,#2183);
#1286=LINE('',#9940,#2184);
#1287=LINE('',#9942,#2185);
#1288=LINE('',#9943,#2186);
#1289=LINE('',#9945,#2187);
#1290=LINE('',#9946,#2188);
#1291=LINE('',#9948,#2189);
#1292=LINE('',#9950,#2190);
#1293=LINE('',#9951,#2191);
#1294=LINE('',#9954,#2192);
#1295=LINE('',#9955,#2193);
#1296=LINE('',#9956,#2194);
#1297=LINE('',#9959,#2195);
#1298=LINE('',#9961,#2196);
#1299=LINE('',#9962,#2197);
#1300=LINE('',#9966,#2198);
#1301=LINE('',#9967,#2199);
#1302=LINE('',#9968,#2200);
#1303=LINE('',#9972,#2201);
#1304=LINE('',#9974,#2202);
#1305=LINE('',#9976,#2203);
#1306=LINE('',#9977,#2204);
#1307=LINE('',#9981,#2205);
#1308=LINE('',#9983,#2206);
#1309=LINE('',#9985,#2207);
#1310=LINE('',#9986,#2208);
#1311=LINE('',#9989,#2209);
#1312=LINE('',#9990,#2210);
#1313=LINE('',#9994,#2211);
#1314=LINE('',#9995,#2212);
#1315=LINE('',#9996,#2213);
#1316=LINE('',#9999,#2214);
#1317=LINE('',#10001,#2215);
#1318=LINE('',#10002,#2216);
#1319=LINE('',#10006,#2217);
#1320=LINE('',#10008,#2218);
#1321=LINE('',#10010,#2219);
#1322=LINE('',#10011,#2220);
#1323=LINE('',#10013,#2221);
#1324=LINE('',#10016,#2222);
#1325=LINE('',#10018,#2223);
#1326=LINE('',#10019,#2224);
#1327=LINE('',#10022,#2225);
#1328=LINE('',#10024,#2226);
#1329=LINE('',#10025,#2227);
#1330=LINE('',#10028,#2228);
#1331=LINE('',#10030,#2229);
#1332=LINE('',#10031,#2230);
#1333=LINE('',#10034,#2231);
#1334=LINE('',#10036,#2232);
#1335=LINE('',#10037,#2233);
#1336=LINE('',#10040,#2234);
#1337=LINE('',#10042,#2235);
#1338=LINE('',#10043,#2236);
#1339=LINE('',#10046,#2237);
#1340=LINE('',#10048,#2238);
#1341=LINE('',#10049,#2239);
#1342=LINE('',#10053,#2240);
#1343=LINE('',#10054,#2241);
#1344=LINE('',#10055,#2242);
#1345=LINE('',#10058,#2243);
#1346=LINE('',#10060,#2244);
#1347=LINE('',#10061,#2245);
#1348=LINE('',#10065,#2246);
#1349=LINE('',#10066,#2247);
#1350=LINE('',#10067,#2248);
#1351=LINE('',#10071,#2249);
#1352=LINE('',#10072,#2250);
#1353=LINE('',#10073,#2251);
#1354=LINE('',#10076,#2252);
#1355=LINE('',#10078,#2253);
#1356=LINE('',#10079,#2254);
#1357=LINE('',#10082,#2255);
#1358=LINE('',#10084,#2256);
#1359=LINE('',#10085,#2257);
#1360=LINE('',#10088,#2258);
#1361=LINE('',#10090,#2259);
#1362=LINE('',#10091,#2260);
#1363=LINE('',#10094,#2261);
#1364=LINE('',#10096,#2262);
#1365=LINE('',#10097,#2263);
#1366=LINE('',#10100,#2264);
#1367=LINE('',#10102,#2265);
#1368=LINE('',#10103,#2266);
#1369=LINE('',#10107,#2267);
#1370=LINE('',#10109,#2268);
#1371=LINE('',#10110,#2269);
#1372=LINE('',#10111,#2270);
#1373=LINE('',#10114,#2271);
#1374=LINE('',#10116,#2272);
#1375=LINE('',#10117,#2273);
#1376=LINE('',#10120,#2274);
#1377=LINE('',#10121,#2275);
#1378=LINE('',#10125,#2276);
#1379=LINE('',#10126,#2277);
#1380=LINE('',#10127,#2278);
#1381=LINE('',#10130,#2279);
#1382=LINE('',#10132,#2280);
#1383=LINE('',#10133,#2281);
#1384=LINE('',#10136,#2282);
#1385=LINE('',#10137,#2283);
#1386=LINE('',#10140,#2284);
#1387=LINE('',#10142,#2285);
#1388=LINE('',#10143,#2286);
#1389=LINE('',#10146,#2287);
#1390=LINE('',#10148,#2288);
#1391=LINE('',#10149,#2289);
#1392=LINE('',#10152,#2290);
#1393=LINE('',#10153,#2291);
#1394=LINE('',#10157,#2292);
#1395=LINE('',#10158,#2293);
#1396=LINE('',#10159,#2294);
#1397=LINE('',#10162,#2295);
#1398=LINE('',#10164,#2296);
#1399=LINE('',#10165,#2297);
#1400=LINE('',#10168,#2298);
#1401=LINE('',#10170,#2299);
#1402=LINE('',#10171,#2300);
#1403=LINE('',#10174,#2301);
#1404=LINE('',#10176,#2302);
#1405=LINE('',#10177,#2303);
#1406=LINE('',#10181,#2304);
#1407=LINE('',#10182,#2305);
#1408=LINE('',#10183,#2306);
#1409=LINE('',#10186,#2307);
#1410=LINE('',#10188,#2308);
#1411=LINE('',#10189,#2309);
#1412=LINE('',#10191,#2310);
#1413=LINE('',#10193,#2311);
#1414=LINE('',#10195,#2312);
#1415=LINE('',#10197,#2313);
#1416=LINE('',#10201,#2314);
#1417=LINE('',#10202,#2315);
#1418=LINE('',#10203,#2316);
#1419=LINE('',#10206,#2317);
#1420=LINE('',#10207,#2318);
#1421=LINE('',#10210,#2319);
#1422=LINE('',#10211,#2320);
#1423=LINE('',#10214,#2321);
#1424=LINE('',#10215,#2322);
#1425=LINE('',#10219,#2323);
#1426=LINE('',#10220,#2324);
#1427=LINE('',#10221,#2325);
#1428=LINE('',#10224,#2326);
#1429=LINE('',#10226,#2327);
#1430=LINE('',#10227,#2328);
#1431=LINE('',#10230,#2329);
#1432=LINE('',#10231,#2330);
#1433=LINE('',#10234,#2331);
#1434=LINE('',#10235,#2332);
#1435=LINE('',#10237,#2333);
#1436=LINE('',#10239,#2334);
#1437=LINE('',#10241,#2335);
#1438=LINE('',#10244,#2336);
#1439=LINE('',#10245,#2337);
#1440=LINE('',#10248,#2338);
#1441=LINE('',#10249,#2339);
#1442=LINE('',#10252,#2340);
#1443=LINE('',#10253,#2341);
#1444=LINE('',#10256,#2342);
#1445=LINE('',#10257,#2343);
#1446=LINE('',#10261,#2344);
#1447=LINE('',#10262,#2345);
#1448=LINE('',#10263,#2346);
#1449=LINE('',#10266,#2347);
#1450=LINE('',#10268,#2348);
#1451=LINE('',#10269,#2349);
#1452=LINE('',#10272,#2350);
#1453=LINE('',#10274,#2351);
#1454=LINE('',#10275,#2352);
#1455=LINE('',#10279,#2353);
#1456=LINE('',#10280,#2354);
#1457=LINE('',#10281,#2355);
#1458=LINE('',#10285,#2356);
#1459=LINE('',#10287,#2357);
#1460=LINE('',#10289,#2358);
#1461=LINE('',#10290,#2359);
#1462=LINE('',#10294,#2360);
#1463=LINE('',#10296,#2361);
#1464=LINE('',#10298,#2362);
#1465=LINE('',#10299,#2363);
#1466=LINE('',#10302,#2364);
#1467=LINE('',#10303,#2365);
#1468=LINE('',#10306,#2366);
#1469=LINE('',#10308,#2367);
#1470=LINE('',#10309,#2368);
#1471=LINE('',#10312,#2369);
#1472=LINE('',#10314,#2370);
#1473=LINE('',#10315,#2371);
#1474=LINE('',#10319,#2372);
#1475=LINE('',#10320,#2373);
#1476=LINE('',#10321,#2374);
#1477=LINE('',#10324,#2375);
#1478=LINE('',#10325,#2376);
#1479=LINE('',#10328,#2377);
#1480=LINE('',#10330,#2378);
#1481=LINE('',#10331,#2379);
#1482=LINE('',#10334,#2380);
#1483=LINE('',#10336,#2381);
#1484=LINE('',#10337,#2382);
#1485=LINE('',#10341,#2383);
#1486=LINE('',#10342,#2384);
#1487=LINE('',#10343,#2385);
#1488=LINE('',#10346,#2386);
#1489=LINE('',#10347,#2387);
#1490=LINE('',#10350,#2388);
#1491=LINE('',#10351,#2389);
#1492=LINE('',#10354,#2390);
#1493=LINE('',#10355,#2391);
#1494=LINE('',#10358,#2392);
#1495=LINE('',#10359,#2393);
#1496=LINE('',#10361,#2394);
#1497=LINE('',#10364,#2395);
#1498=LINE('',#10365,#2396);
#1499=LINE('',#10367,#2397);
#1500=LINE('',#10371,#2398);
#1501=LINE('',#10373,#2399);
#1502=LINE('',#10374,#2400);
#1503=LINE('',#10378,#2401);
#1504=LINE('',#10380,#2402);
#1505=LINE('',#10382,#2403);
#1506=LINE('',#10383,#2404);
#1507=LINE('',#10387,#2405);
#1508=LINE('',#10389,#2406);
#1509=LINE('',#10390,#2407);
#1510=LINE('',#10393,#2408);
#1511=LINE('',#10394,#2409);
#1512=LINE('',#10397,#2410);
#1513=LINE('',#10398,#2411);
#1514=LINE('',#10401,#2412);
#1515=LINE('',#10402,#2413);
#1516=LINE('',#10404,#2414);
#1517=LINE('',#10405,#2415);
#1518=LINE('',#10407,#2416);
#1519=LINE('',#10409,#2417);
#1520=LINE('',#10410,#2418);
#1521=LINE('',#10412,#2419);
#1522=LINE('',#10414,#2420);
#1523=LINE('',#10417,#2421);
#1524=LINE('',#10419,#2422);
#1525=LINE('',#10420,#2423);
#1526=LINE('',#10423,#2424);
#1527=LINE('',#10424,#2425);
#1528=LINE('',#10427,#2426);
#1529=LINE('',#10428,#2427);
#1530=LINE('',#10430,#2428);
#1531=LINE('',#10433,#2429);
#1532=LINE('',#10434,#2430);
#1533=LINE('',#10437,#2431);
#1534=LINE('',#10438,#2432);
#1535=LINE('',#10440,#2433);
#1536=LINE('',#10443,#2434);
#1537=LINE('',#10444,#2435);
#1538=LINE('',#10447,#2436);
#1539=LINE('',#10448,#2437);
#1540=LINE('',#10451,#2438);
#1541=LINE('',#10452,#2439);
#1542=LINE('',#10455,#2440);
#1543=LINE('',#10456,#2441);
#1544=LINE('',#10459,#2442);
#1545=LINE('',#10460,#2443);
#1546=LINE('',#10464,#2444);
#1547=LINE('',#10466,#2445);
#1548=LINE('',#10468,#2446);
#1549=LINE('',#10469,#2447);
#1550=LINE('',#10472,#2448);
#1551=LINE('',#10474,#2449);
#1552=LINE('',#10475,#2450);
#1553=LINE('',#10479,#2451);
#1554=LINE('',#10480,#2452);
#1555=LINE('',#10481,#2453);
#1556=LINE('',#10485,#2454);
#1557=LINE('',#10487,#2455);
#1558=LINE('',#10488,#2456);
#1559=LINE('',#10490,#2457);
#1560=LINE('',#10491,#2458);
#1561=LINE('',#10493,#2459);
#1562=LINE('',#10495,#2460);
#1563=LINE('',#10498,#2461);
#1564=LINE('',#10499,#2462);
#1565=LINE('',#10502,#2463);
#1566=LINE('',#10503,#2464);
#1567=LINE('',#10505,#2465);
#1568=LINE('',#10507,#2466);
#1569=LINE('',#10510,#2467);
#1570=LINE('',#10512,#2468);
#1571=LINE('',#10513,#2469);
#1572=LINE('',#10515,#2470);
#1573=LINE('',#10516,#2471);
#1574=LINE('',#10519,#2472);
#1575=LINE('',#10520,#2473);
#1576=LINE('',#10524,#2474);
#1577=LINE('',#10525,#2475);
#1578=LINE('',#10526,#2476);
#1579=LINE('',#10530,#2477);
#1580=LINE('',#10531,#2478);
#1581=LINE('',#10532,#2479);
#1582=LINE('',#10535,#2480);
#1583=LINE('',#10537,#2481);
#1584=LINE('',#10538,#2482);
#1585=LINE('',#10541,#2483);
#1586=LINE('',#10542,#2484);
#1587=LINE('',#10545,#2485);
#1588=LINE('',#10547,#2486);
#1589=LINE('',#10548,#2487);
#1590=LINE('',#10552,#2488);
#1591=LINE('',#10553,#2489);
#1592=LINE('',#10554,#2490);
#1593=LINE('',#10556,#2491);
#1594=LINE('',#10558,#2492);
#1595=LINE('',#10560,#2493);
#1596=LINE('',#10563,#2494);
#1597=LINE('',#10564,#2495);
#1598=LINE('',#10567,#2496);
#1599=LINE('',#10568,#2497);
#1600=LINE('',#10572,#2498);
#1601=LINE('',#10573,#2499);
#1602=LINE('',#10574,#2500);
#1603=LINE('',#10577,#2501);
#1604=LINE('',#10578,#2502);
#1605=LINE('',#10582,#2503);
#1606=LINE('',#10583,#2504);
#1607=LINE('',#10584,#2505);
#1608=LINE('',#10587,#2506);
#1609=LINE('',#10588,#2507);
#1610=LINE('',#10592,#2508);
#1611=LINE('',#10593,#2509);
#1612=LINE('',#10594,#2510);
#1613=LINE('',#10597,#2511);
#1614=LINE('',#10598,#2512);
#1615=LINE('',#10602,#2513);
#1616=LINE('',#10603,#2514);
#1617=LINE('',#10604,#2515);
#1618=LINE('',#10607,#2516);
#1619=LINE('',#10608,#2517);
#1620=LINE('',#10611,#2518);
#1621=LINE('',#10612,#2519);
#1622=LINE('',#10615,#2520);
#1623=LINE('',#10617,#2521);
#1624=LINE('',#10618,#2522);
#1625=LINE('',#10622,#2523);
#1626=LINE('',#10623,#2524);
#1627=LINE('',#10624,#2525);
#1628=LINE('',#10626,#2526);
#1629=LINE('',#10628,#2527);
#1630=LINE('',#10630,#2528);
#1631=LINE('',#10633,#2529);
#1632=LINE('',#10634,#2530);
#1633=LINE('',#10636,#2531);
#1634=LINE('',#10638,#2532);
#1635=LINE('',#10640,#2533);
#1636=LINE('',#10643,#2534);
#1637=LINE('',#10644,#2535);
#1638=LINE('',#10648,#2536);
#1639=LINE('',#10649,#2537);
#1640=LINE('',#10650,#2538);
#1641=LINE('',#10653,#2539);
#1642=LINE('',#10654,#2540);
#1643=LINE('',#10655,#2541);
#1644=LINE('',#10657,#2542);
#1645=LINE('',#10658,#2543);
#1646=LINE('',#10660,#2544);
#1647=LINE('',#10661,#2545);
#1648=LINE('',#10664,#2546);
#1649=LINE('',#10666,#2547);
#1650=LINE('',#10667,#2548);
#1651=LINE('',#10669,#2549);
#1652=LINE('',#10670,#2550);
#1653=LINE('',#10672,#2551);
#1654=LINE('',#10674,#2552);
#1655=LINE('',#10676,#2553);
#1656=LINE('',#10678,#2554);
#1657=LINE('',#10681,#2555);
#1658=LINE('',#10683,#2556);
#1659=LINE('',#10685,#2557);
#1660=LINE('',#10687,#2558);
#1661=LINE('',#10689,#2559);
#1662=LINE('',#10691,#2560);
#1663=LINE('',#10693,#2561);
#1664=LINE('',#10696,#2562);
#1665=LINE('',#10699,#2563);
#1666=LINE('',#10701,#2564);
#1667=LINE('',#10703,#2565);
#1668=LINE('',#10705,#2566);
#1669=LINE('',#10708,#2567);
#1670=LINE('',#10709,#2568);
#1671=LINE('',#10711,#2569);
#1672=LINE('',#10713,#2570);
#1673=LINE('',#10715,#2571);
#1674=LINE('',#10717,#2572);
#1675=LINE('',#10719,#2573);
#1676=LINE('',#10721,#2574);
#1677=LINE('',#10723,#2575);
#1678=LINE('',#10725,#2576);
#1679=LINE('',#10727,#2577);
#1680=LINE('',#10729,#2578);
#1681=LINE('',#10731,#2579);
#1682=LINE('',#10733,#2580);
#1683=LINE('',#10735,#2581);
#1684=LINE('',#10737,#2582);
#1685=LINE('',#10739,#2583);
#1686=LINE('',#10741,#2584);
#1687=LINE('',#10743,#2585);
#1688=LINE('',#10745,#2586);
#1689=LINE('',#10747,#2587);
#1690=LINE('',#10749,#2588);
#1691=LINE('',#10751,#2589);
#1692=LINE('',#10753,#2590);
#1693=LINE('',#10755,#2591);
#1694=LINE('',#10757,#2592);
#1695=LINE('',#10759,#2593);
#1696=LINE('',#10761,#2594);
#1697=LINE('',#10763,#2595);
#1698=LINE('',#10765,#2596);
#1699=LINE('',#10767,#2597);
#1700=LINE('',#10769,#2598);
#1701=LINE('',#10771,#2599);
#1702=LINE('',#10773,#2600);
#1703=LINE('',#10775,#2601);
#1704=LINE('',#10777,#2602);
#1705=LINE('',#10779,#2603);
#1706=LINE('',#10781,#2604);
#1707=LINE('',#10783,#2605);
#1708=LINE('',#10785,#2606);
#1709=LINE('',#10787,#2607);
#1710=LINE('',#10789,#2608);
#1711=LINE('',#10791,#2609);
#1712=LINE('',#10793,#2610);
#1713=LINE('',#10795,#2611);
#1714=LINE('',#10797,#2612);
#1715=LINE('',#10799,#2613);
#1716=LINE('',#10801,#2614);
#1717=LINE('',#10803,#2615);
#1718=LINE('',#10805,#2616);
#1719=LINE('',#10807,#2617);
#1720=LINE('',#10809,#2618);
#1721=LINE('',#10811,#2619);
#1722=LINE('',#10813,#2620);
#1723=LINE('',#10815,#2621);
#1724=LINE('',#10818,#2622);
#1725=LINE('',#10820,#2623);
#1726=LINE('',#10822,#2624);
#1727=LINE('',#10824,#2625);
#1728=LINE('',#10826,#2626);
#1729=LINE('',#10830,#2627);
#1730=LINE('',#10831,#2628);
#1731=LINE('',#10833,#2629);
#1732=LINE('',#10834,#2630);
#1733=LINE('',#10836,#2631);
#1734=LINE('',#10838,#2632);
#1735=LINE('',#10840,#2633);
#1736=LINE('',#10843,#2634);
#1737=LINE('',#10844,#2635);
#1738=LINE('',#10847,#2636);
#1739=LINE('',#10848,#2637);
#1740=LINE('',#10851,#2638);
#1741=LINE('',#10852,#2639);
#1742=LINE('',#10855,#2640);
#1743=LINE('',#10856,#2641);
#1744=LINE('',#10859,#2642);
#1745=LINE('',#10860,#2643);
#1746=LINE('',#10863,#2644);
#1747=LINE('',#10864,#2645);
#1748=LINE('',#10867,#2646);
#1749=LINE('',#10868,#2647);
#1750=LINE('',#10871,#2648);
#1751=LINE('',#10872,#2649);
#1752=LINE('',#10875,#2650);
#1753=LINE('',#10876,#2651);
#1754=LINE('',#10879,#2652);
#1755=LINE('',#10880,#2653);
#1756=LINE('',#10883,#2654);
#1757=LINE('',#10884,#2655);
#1758=LINE('',#10887,#2656);
#1759=LINE('',#10888,#2657);
#1760=LINE('',#10891,#2658);
#1761=LINE('',#10893,#2659);
#1762=LINE('',#10894,#2660);
#1763=LINE('',#10896,#2661);
#1764=LINE('',#10898,#2662);
#1765=LINE('',#10901,#2663);
#1766=LINE('',#10902,#2664);
#1767=LINE('',#10905,#2665);
#1768=LINE('',#10906,#2666);
#1769=LINE('',#10909,#2667);
#1770=LINE('',#10910,#2668);
#1771=LINE('',#10913,#2669);
#1772=LINE('',#10914,#2670);
#1773=LINE('',#10917,#2671);
#1774=LINE('',#10918,#2672);
#1775=LINE('',#10920,#2673);
#1776=LINE('',#10921,#2674);
#1777=LINE('',#10923,#2675);
#1778=LINE('',#10925,#2676);
#1779=LINE('',#10928,#2677);
#1780=LINE('',#10929,#2678);
#1781=LINE('',#10931,#2679);
#1782=LINE('',#10934,#2680);
#1783=LINE('',#10935,#2681);
#1784=LINE('',#10937,#2682);
#1785=LINE('',#10939,#2683);
#1786=LINE('',#10941,#2684);
#1787=LINE('',#10944,#2685);
#1788=LINE('',#10945,#2686);
#1789=LINE('',#10947,#2687);
#1790=LINE('',#10948,#2688);
#1791=LINE('',#10950,#2689);
#1792=LINE('',#10952,#2690);
#1793=LINE('',#10954,#2691);
#1794=LINE('',#10956,#2692);
#1795=LINE('',#10958,#2693);
#1796=LINE('',#10960,#2694);
#1797=LINE('',#10962,#2695);
#1798=LINE('',#10964,#2696);
#1799=LINE('',#10966,#2697);
#1800=LINE('',#10968,#2698);
#1801=LINE('',#10970,#2699);
#1802=LINE('',#10972,#2700);
#1803=LINE('',#10974,#2701);
#1804=LINE('',#10976,#2702);
#1805=LINE('',#10978,#2703);
#1806=LINE('',#10980,#2704);
#1807=LINE('',#10981,#2705);
#1808=LINE('',#10983,#2706);
#1809=LINE('',#10985,#2707);
#1810=LINE('',#10987,#2708);
#1811=LINE('',#10989,#2709);
#1812=LINE('',#10991,#2710);
#1813=LINE('',#10994,#2711);
#1814=LINE('',#10995,#2712);
#1815=LINE('',#10997,#2713);
#1816=LINE('',#11000,#2714);
#1817=LINE('',#11001,#2715);
#1818=LINE('',#11003,#2716);
#1819=LINE('',#11006,#2717);
#1820=LINE('',#11007,#2718);
#1821=LINE('',#11010,#2719);
#1822=LINE('',#11011,#2720);
#1823=LINE('',#11014,#2721);
#1824=LINE('',#11015,#2722);
#1825=LINE('',#11017,#2723);
#1826=LINE('',#11018,#2724);
#1827=LINE('',#11020,#2725);
#1828=LINE('',#11022,#2726);
#1829=LINE('',#11024,#2727);
#1830=LINE('',#11026,#2728);
#1831=LINE('',#11028,#2729);
#1832=LINE('',#11030,#2730);
#1833=LINE('',#11032,#2731);
#1834=LINE('',#11034,#2732);
#1835=LINE('',#11036,#2733);
#1836=LINE('',#11038,#2734);
#1837=LINE('',#11040,#2735);
#1838=LINE('',#11042,#2736);
#1839=LINE('',#11044,#2737);
#1840=LINE('',#11046,#2738);
#1841=LINE('',#11048,#2739);
#1842=LINE('',#11050,#2740);
#1843=LINE('',#11052,#2741);
#1844=LINE('',#11054,#2742);
#1845=LINE('',#11056,#2743);
#1846=LINE('',#11058,#2744);
#1847=LINE('',#11060,#2745);
#1848=LINE('',#11062,#2746);
#1849=LINE('',#11064,#2747);
#1850=LINE('',#11066,#2748);
#1851=LINE('',#11068,#2749);
#1852=LINE('',#11070,#2750);
#1853=LINE('',#11072,#2751);
#1854=LINE('',#11074,#2752);
#1855=LINE('',#11076,#2753);
#1856=LINE('',#11078,#2754);
#1857=LINE('',#11080,#2755);
#1858=LINE('',#11082,#2756);
#1859=LINE('',#11084,#2757);
#1860=LINE('',#11086,#2758);
#1861=LINE('',#11088,#2759);
#1862=LINE('',#11090,#2760);
#1863=LINE('',#11092,#2761);
#1864=LINE('',#11094,#2762);
#1865=LINE('',#11096,#2763);
#1866=LINE('',#11098,#2764);
#1867=LINE('',#11100,#2765);
#1868=LINE('',#11102,#2766);
#1869=LINE('',#11104,#2767);
#1870=LINE('',#11106,#2768);
#1871=LINE('',#11108,#2769);
#1872=LINE('',#11110,#2770);
#1873=LINE('',#11112,#2771);
#1874=LINE('',#11114,#2772);
#1875=LINE('',#11116,#2773);
#1876=LINE('',#11118,#2774);
#1877=LINE('',#11120,#2775);
#1878=LINE('',#11122,#2776);
#1879=LINE('',#11124,#2777);
#1880=LINE('',#11126,#2778);
#1881=LINE('',#11128,#2779);
#1882=LINE('',#11130,#2780);
#1883=LINE('',#11132,#2781);
#1884=LINE('',#11134,#2782);
#1885=LINE('',#11136,#2783);
#1886=LINE('',#11138,#2784);
#1887=LINE('',#11140,#2785);
#1888=LINE('',#11142,#2786);
#1889=LINE('',#11144,#2787);
#1890=LINE('',#11146,#2788);
#1891=LINE('',#11148,#2789);
#1892=LINE('',#11150,#2790);
#1893=LINE('',#11152,#2791);
#1894=LINE('',#11154,#2792);
#1895=LINE('',#11156,#2793);
#1896=LINE('',#11158,#2794);
#1897=LINE('',#11160,#2795);
#1898=LINE('',#11162,#2796);
#1899=LINE('',#11165,#2797);
#1900=LINE('',#11167,#2798);
#1901=LINE('',#11168,#2799);
#1902=LINE('',#11170,#2800);
#1903=LINE('',#11171,#2801);
#1904=LINE('',#11173,#2802);
#1905=LINE('',#11175,#2803);
#1906=LINE('',#11177,#2804);
#1907=LINE('',#11179,#2805);
#1908=LINE('',#11181,#2806);
#1909=LINE('',#11184,#2807);
#1910=LINE('',#11185,#2808);
#1911=LINE('',#11188,#2809);
#1912=LINE('',#11189,#2810);
#1913=LINE('',#11191,#2811);
#1914=LINE('',#11192,#2812);
#1915=LINE('',#11194,#2813);
#1916=LINE('',#11196,#2814);
#1917=LINE('',#11198,#2815);
#1918=LINE('',#11200,#2816);
#1919=LINE('',#11203,#2817);
#1920=LINE('',#11204,#2818);
#1921=LINE('',#11206,#2819);
#1922=LINE('',#11209,#2820);
#1923=LINE('',#11210,#2821);
#1924=LINE('',#11213,#2822);
#1925=LINE('',#11214,#2823);
#1926=LINE('',#11216,#2824);
#1927=LINE('',#11217,#2825);
#1928=LINE('',#11219,#2826);
#1929=LINE('',#11221,#2827);
#1930=LINE('',#11223,#2828);
#1931=LINE('',#11226,#2829);
#1932=LINE('',#11228,#2830);
#1933=LINE('',#11231,#2831);
#1934=LINE('',#11233,#2832);
#1935=LINE('',#11236,#2833);
#1936=LINE('',#11238,#2834);
#1937=LINE('',#11241,#2835);
#1938=LINE('',#11243,#2836);
#1939=LINE('',#11246,#2837);
#1940=LINE('',#11248,#2838);
#1941=LINE('',#11250,#2839);
#1942=LINE('',#11252,#2840);
#1943=LINE('',#11254,#2841);
#1944=LINE('',#11256,#2842);
#1945=LINE('',#11258,#2843);
#1946=LINE('',#11263,#2844);
#1947=LINE('',#11265,#2845);
#1948=LINE('',#11267,#2846);
#1949=LINE('',#11268,#2847);
#1950=LINE('',#11273,#2848);
#1951=LINE('',#11278,#2849);
#1952=LINE('',#11279,#2850);
#1953=LINE('',#11280,#2851);
#1954=LINE('',#11285,#2852);
#1955=LINE('',#11290,#2853);
#1956=LINE('',#11291,#2854);
#1957=LINE('',#11292,#2855);
#1958=LINE('',#11297,#2856);
#1959=LINE('',#11302,#2857);
#1960=LINE('',#11305,#2858);
#1961=LINE('',#11306,#2859);
#1962=VECTOR('',#7547,10.);
#1963=VECTOR('',#7548,10.);
#1964=VECTOR('',#7549,10.);
#1965=VECTOR('',#7550,10.);
#1966=VECTOR('',#7553,10.);
#1967=VECTOR('',#7554,10.);
#1968=VECTOR('',#7555,10.);
#1969=VECTOR('',#7558,10.);
#1970=VECTOR('',#7559,10.);
#1971=VECTOR('',#7562,10.);
#1972=VECTOR('',#7563,10.);
#1973=VECTOR('',#7564,10.);
#1974=VECTOR('',#7567,10.);
#1975=VECTOR('',#7568,10.);
#1976=VECTOR('',#7569,10.);
#1977=VECTOR('',#7572,10.);
#1978=VECTOR('',#7573,10.);
#1979=VECTOR('',#7576,10.);
#1980=VECTOR('',#7577,10.);
#1981=VECTOR('',#7578,10.);
#1982=VECTOR('',#7581,10.);
#1983=VECTOR('',#7582,10.);
#1984=VECTOR('',#7583,10.);
#1985=VECTOR('',#7586,10.);
#1986=VECTOR('',#7587,10.);
#1987=VECTOR('',#7588,10.);
#1988=VECTOR('',#7591,10.);
#1989=VECTOR('',#7592,10.);
#1990=VECTOR('',#7593,10.);
#1991=VECTOR('',#7596,10.);
#1992=VECTOR('',#7597,10.);
#1993=VECTOR('',#7598,10.);
#1994=VECTOR('',#7601,10.);
#1995=VECTOR('',#7602,10.);
#1996=VECTOR('',#7603,10.);
#1997=VECTOR('',#7606,10.);
#1998=VECTOR('',#7607,10.);
#1999=VECTOR('',#7610,10.);
#2000=VECTOR('',#7611,10.);
#2001=VECTOR('',#7612,10.);
#2002=VECTOR('',#7615,10.);
#2003=VECTOR('',#7616,10.);
#2004=VECTOR('',#7619,10.);
#2005=VECTOR('',#7620,10.);
#2006=VECTOR('',#7621,10.);
#2007=VECTOR('',#7624,10.);
#2008=VECTOR('',#7625,10.);
#2009=VECTOR('',#7626,10.);
#2010=VECTOR('',#7629,10.);
#2011=VECTOR('',#7630,10.);
#2012=VECTOR('',#7633,10.);
#2013=VECTOR('',#7634,10.);
#2014=VECTOR('',#7635,10.);
#2015=VECTOR('',#7638,10.);
#2016=VECTOR('',#7639,10.);
#2017=VECTOR('',#7640,10.);
#2018=VECTOR('',#7643,10.);
#2019=VECTOR('',#7644,10.);
#2020=VECTOR('',#7645,10.);
#2021=VECTOR('',#7648,10.);
#2022=VECTOR('',#7649,10.);
#2023=VECTOR('',#7650,10.);
#2024=VECTOR('',#7653,10.);
#2025=VECTOR('',#7654,10.);
#2026=VECTOR('',#7655,10.);
#2027=VECTOR('',#7658,10.);
#2028=VECTOR('',#7659,10.);
#2029=VECTOR('',#7660,10.);
#2030=VECTOR('',#7663,10.);
#2031=VECTOR('',#7664,10.);
#2032=VECTOR('',#7665,10.);
#2033=VECTOR('',#7668,10.);
#2034=VECTOR('',#7669,10.);
#2035=VECTOR('',#7670,10.);
#2036=VECTOR('',#7673,10.);
#2037=VECTOR('',#7674,10.);
#2038=VECTOR('',#7675,10.);
#2039=VECTOR('',#7678,10.);
#2040=VECTOR('',#7679,10.);
#2041=VECTOR('',#7682,10.);
#2042=VECTOR('',#7683,10.);
#2043=VECTOR('',#7684,10.);
#2044=VECTOR('',#7687,10.);
#2045=VECTOR('',#7688,10.);
#2046=VECTOR('',#7689,10.);
#2047=VECTOR('',#7692,10.);
#2048=VECTOR('',#7693,10.);
#2049=VECTOR('',#7696,10.);
#2050=VECTOR('',#7697,10.);
#2051=VECTOR('',#7698,10.);
#2052=VECTOR('',#7701,10.);
#2053=VECTOR('',#7702,10.);
#2054=VECTOR('',#7705,10.);
#2055=VECTOR('',#7706,10.);
#2056=VECTOR('',#7707,10.);
#2057=VECTOR('',#7710,10.);
#2058=VECTOR('',#7711,10.);
#2059=VECTOR('',#7712,10.);
#2060=VECTOR('',#7715,10.);
#2061=VECTOR('',#7716,10.);
#2062=VECTOR('',#7719,10.);
#2063=VECTOR('',#7720,10.);
#2064=VECTOR('',#7721,10.);
#2065=VECTOR('',#7724,10.);
#2066=VECTOR('',#7725,10.);
#2067=VECTOR('',#7728,10.);
#2068=VECTOR('',#7729,10.);
#2069=VECTOR('',#7730,10.);
#2070=VECTOR('',#7733,10.);
#2071=VECTOR('',#7734,10.);
#2072=VECTOR('',#7735,10.);
#2073=VECTOR('',#7738,10.);
#2074=VECTOR('',#7739,10.);
#2075=VECTOR('',#7742,10.);
#2076=VECTOR('',#7743,10.);
#2077=VECTOR('',#7744,10.);
#2078=VECTOR('',#7747,10.);
#2079=VECTOR('',#7748,10.);
#2080=VECTOR('',#7749,10.);
#2081=VECTOR('',#7752,10.);
#2082=VECTOR('',#7753,10.);
#2083=VECTOR('',#7754,10.);
#2084=VECTOR('',#7757,10.);
#2085=VECTOR('',#7758,10.);
#2086=VECTOR('',#7759,10.);
#2087=VECTOR('',#7762,10.);
#2088=VECTOR('',#7763,10.);
#2089=VECTOR('',#7764,10.);
#2090=VECTOR('',#7767,10.);
#2091=VECTOR('',#7768,10.);
#2092=VECTOR('',#7769,10.);
#2093=VECTOR('',#7772,10.);
#2094=VECTOR('',#7773,10.);
#2095=VECTOR('',#7774,10.);
#2096=VECTOR('',#7777,10.);
#2097=VECTOR('',#7778,10.);
#2098=VECTOR('',#7779,10.);
#2099=VECTOR('',#7782,10.);
#2100=VECTOR('',#7783,10.);
#2101=VECTOR('',#7784,10.);
#2102=VECTOR('',#7787,10.);
#2103=VECTOR('',#7788,10.);
#2104=VECTOR('',#7789,10.);
#2105=VECTOR('',#7792,10.);
#2106=VECTOR('',#7793,10.);
#2107=VECTOR('',#7794,10.);
#2108=VECTOR('',#7797,10.);
#2109=VECTOR('',#7798,10.);
#2110=VECTOR('',#7801,10.);
#2111=VECTOR('',#7802,10.);
#2112=VECTOR('',#7803,10.);
#2113=VECTOR('',#7806,10.);
#2114=VECTOR('',#7807,10.);
#2115=VECTOR('',#7810,10.);
#2116=VECTOR('',#7811,10.);
#2117=VECTOR('',#7812,10.);
#2118=VECTOR('',#7815,10.);
#2119=VECTOR('',#7816,10.);
#2120=VECTOR('',#7817,10.);
#2121=VECTOR('',#7820,10.);
#2122=VECTOR('',#7821,10.);
#2123=VECTOR('',#7824,10.);
#2124=VECTOR('',#7825,10.);
#2125=VECTOR('',#7826,10.);
#2126=VECTOR('',#7829,10.);
#2127=VECTOR('',#7830,10.);
#2128=VECTOR('',#7831,10.);
#2129=VECTOR('',#7834,10.);
#2130=VECTOR('',#7835,10.);
#2131=VECTOR('',#7836,10.);
#2132=VECTOR('',#7839,10.);
#2133=VECTOR('',#7840,10.);
#2134=VECTOR('',#7843,10.);
#2135=VECTOR('',#7844,10.);
#2136=VECTOR('',#7845,10.);
#2137=VECTOR('',#7848,10.);
#2138=VECTOR('',#7849,10.);
#2139=VECTOR('',#7850,10.);
#2140=VECTOR('',#7853,10.);
#2141=VECTOR('',#7854,10.);
#2142=VECTOR('',#7855,10.);
#2143=VECTOR('',#7858,10.);
#2144=VECTOR('',#7859,10.);
#2145=VECTOR('',#7860,10.);
#2146=VECTOR('',#7863,10.);
#2147=VECTOR('',#7864,10.);
#2148=VECTOR('',#7867,10.);
#2149=VECTOR('',#7868,10.);
#2150=VECTOR('',#7869,10.);
#2151=VECTOR('',#7872,10.);
#2152=VECTOR('',#7873,10.);
#2153=VECTOR('',#7876,10.);
#2154=VECTOR('',#7877,10.);
#2155=VECTOR('',#7878,10.);
#2156=VECTOR('',#7881,10.);
#2157=VECTOR('',#7882,10.);
#2158=VECTOR('',#7883,10.);
#2159=VECTOR('',#7886,10.);
#2160=VECTOR('',#7887,10.);
#2161=VECTOR('',#7890,10.);
#2162=VECTOR('',#7891,10.);
#2163=VECTOR('',#7892,10.);
#2164=VECTOR('',#7895,10.);
#2165=VECTOR('',#7896,10.);
#2166=VECTOR('',#7897,10.);
#2167=VECTOR('',#7900,10.);
#2168=VECTOR('',#7901,10.);
#2169=VECTOR('',#7902,10.);
#2170=VECTOR('',#7905,10.);
#2171=VECTOR('',#7906,10.);
#2172=VECTOR('',#7907,10.);
#2173=VECTOR('',#7910,10.);
#2174=VECTOR('',#7911,10.);
#2175=VECTOR('',#7914,10.);
#2176=VECTOR('',#7915,10.);
#2177=VECTOR('',#7918,10.);
#2178=VECTOR('',#7919,10.);
#2179=VECTOR('',#7920,10.);
#2180=VECTOR('',#7923,10.);
#2181=VECTOR('',#7924,10.);
#2182=VECTOR('',#7925,10.);
#2183=VECTOR('',#7928,10.);
#2184=VECTOR('',#7929,10.);
#2185=VECTOR('',#7932,10.);
#2186=VECTOR('',#7933,10.);
#2187=VECTOR('',#7936,10.);
#2188=VECTOR('',#7937,10.);
#2189=VECTOR('',#7940,10.);
#2190=VECTOR('',#7943,10.);
#2191=VECTOR('',#7944,10.);
#2192=VECTOR('',#7947,10.);
#2193=VECTOR('',#7948,10.);
#2194=VECTOR('',#7949,10.);
#2195=VECTOR('',#7952,10.);
#2196=VECTOR('',#7953,10.);
#2197=VECTOR('',#7954,10.);
#2198=VECTOR('',#7957,10.);
#2199=VECTOR('',#7958,10.);
#2200=VECTOR('',#7959,10.);
#2201=VECTOR('',#7962,10.);
#2202=VECTOR('',#7963,10.);
#2203=VECTOR('',#7964,10.);
#2204=VECTOR('',#7965,10.);
#2205=VECTOR('',#7968,10.);
#2206=VECTOR('',#7969,10.);
#2207=VECTOR('',#7970,10.);
#2208=VECTOR('',#7971,10.);
#2209=VECTOR('',#7974,10.);
#2210=VECTOR('',#7975,10.);
#2211=VECTOR('',#7978,10.);
#2212=VECTOR('',#7979,10.);
#2213=VECTOR('',#7980,10.);
#2214=VECTOR('',#7983,10.);
#2215=VECTOR('',#7984,10.);
#2216=VECTOR('',#7985,10.);
#2217=VECTOR('',#7988,10.);
#2218=VECTOR('',#7989,10.);
#2219=VECTOR('',#7990,10.);
#2220=VECTOR('',#7991,10.);
#2221=VECTOR('',#7994,10.);
#2222=VECTOR('',#7997,10.);
#2223=VECTOR('',#7998,10.);
#2224=VECTOR('',#7999,10.);
#2225=VECTOR('',#8002,10.);
#2226=VECTOR('',#8003,10.);
#2227=VECTOR('',#8004,10.);
#2228=VECTOR('',#8007,10.);
#2229=VECTOR('',#8008,10.);
#2230=VECTOR('',#8009,10.);
#2231=VECTOR('',#8012,10.);
#2232=VECTOR('',#8013,10.);
#2233=VECTOR('',#8014,10.);
#2234=VECTOR('',#8017,10.);
#2235=VECTOR('',#8018,10.);
#2236=VECTOR('',#8019,10.);
#2237=VECTOR('',#8022,10.);
#2238=VECTOR('',#8023,10.);
#2239=VECTOR('',#8024,10.);
#2240=VECTOR('',#8027,10.);
#2241=VECTOR('',#8028,10.);
#2242=VECTOR('',#8029,10.);
#2243=VECTOR('',#8032,10.);
#2244=VECTOR('',#8033,10.);
#2245=VECTOR('',#8034,10.);
#2246=VECTOR('',#8037,10.);
#2247=VECTOR('',#8038,10.);
#2248=VECTOR('',#8039,10.);
#2249=VECTOR('',#8042,10.);
#2250=VECTOR('',#8043,10.);
#2251=VECTOR('',#8044,10.);
#2252=VECTOR('',#8047,10.);
#2253=VECTOR('',#8048,10.);
#2254=VECTOR('',#8049,10.);
#2255=VECTOR('',#8052,10.);
#2256=VECTOR('',#8053,10.);
#2257=VECTOR('',#8054,10.);
#2258=VECTOR('',#8057,10.);
#2259=VECTOR('',#8058,10.);
#2260=VECTOR('',#8059,10.);
#2261=VECTOR('',#8062,10.);
#2262=VECTOR('',#8063,10.);
#2263=VECTOR('',#8064,10.);
#2264=VECTOR('',#8067,10.);
#2265=VECTOR('',#8068,10.);
#2266=VECTOR('',#8069,10.);
#2267=VECTOR('',#8072,10.);
#2268=VECTOR('',#8073,10.);
#2269=VECTOR('',#8074,10.);
#2270=VECTOR('',#8075,10.);
#2271=VECTOR('',#8078,10.);
#2272=VECTOR('',#8079,10.);
#2273=VECTOR('',#8080,10.);
#2274=VECTOR('',#8083,10.);
#2275=VECTOR('',#8084,10.);
#2276=VECTOR('',#8087,10.);
#2277=VECTOR('',#8088,10.);
#2278=VECTOR('',#8089,10.);
#2279=VECTOR('',#8092,10.);
#2280=VECTOR('',#8093,10.);
#2281=VECTOR('',#8094,10.);
#2282=VECTOR('',#8097,10.);
#2283=VECTOR('',#8098,10.);
#2284=VECTOR('',#8101,10.);
#2285=VECTOR('',#8102,10.);
#2286=VECTOR('',#8103,10.);
#2287=VECTOR('',#8106,10.);
#2288=VECTOR('',#8107,10.);
#2289=VECTOR('',#8108,10.);
#2290=VECTOR('',#8111,10.);
#2291=VECTOR('',#8112,10.);
#2292=VECTOR('',#8115,10.);
#2293=VECTOR('',#8116,10.);
#2294=VECTOR('',#8117,10.);
#2295=VECTOR('',#8120,10.);
#2296=VECTOR('',#8121,10.);
#2297=VECTOR('',#8122,10.);
#2298=VECTOR('',#8125,10.);
#2299=VECTOR('',#8126,10.);
#2300=VECTOR('',#8127,10.);
#2301=VECTOR('',#8130,10.);
#2302=VECTOR('',#8131,10.);
#2303=VECTOR('',#8132,10.);
#2304=VECTOR('',#8135,10.);
#2305=VECTOR('',#8136,10.);
#2306=VECTOR('',#8137,10.);
#2307=VECTOR('',#8140,10.);
#2308=VECTOR('',#8141,10.);
#2309=VECTOR('',#8142,10.);
#2310=VECTOR('',#8145,10.);
#2311=VECTOR('',#8148,10.);
#2312=VECTOR('',#8151,10.);
#2313=VECTOR('',#8154,10.);
#2314=VECTOR('',#8157,10.);
#2315=VECTOR('',#8158,10.);
#2316=VECTOR('',#8159,10.);
#2317=VECTOR('',#8162,10.);
#2318=VECTOR('',#8163,10.);
#2319=VECTOR('',#8166,10.);
#2320=VECTOR('',#8167,10.);
#2321=VECTOR('',#8170,10.);
#2322=VECTOR('',#8171,10.);
#2323=VECTOR('',#8174,10.);
#2324=VECTOR('',#8175,10.);
#2325=VECTOR('',#8176,10.);
#2326=VECTOR('',#8179,10.);
#2327=VECTOR('',#8180,10.);
#2328=VECTOR('',#8181,10.);
#2329=VECTOR('',#8184,10.);
#2330=VECTOR('',#8185,10.);
#2331=VECTOR('',#8188,10.);
#2332=VECTOR('',#8189,10.);
#2333=VECTOR('',#8192,10.);
#2334=VECTOR('',#8195,10.);
#2335=VECTOR('',#8198,10.);
#2336=VECTOR('',#8201,10.);
#2337=VECTOR('',#8202,10.);
#2338=VECTOR('',#8205,10.);
#2339=VECTOR('',#8206,10.);
#2340=VECTOR('',#8209,10.);
#2341=VECTOR('',#8210,10.);
#2342=VECTOR('',#8213,10.);
#2343=VECTOR('',#8214,10.);
#2344=VECTOR('',#8217,10.);
#2345=VECTOR('',#8218,10.);
#2346=VECTOR('',#8219,10.);
#2347=VECTOR('',#8222,10.);
#2348=VECTOR('',#8223,10.);
#2349=VECTOR('',#8224,10.);
#2350=VECTOR('',#8227,10.);
#2351=VECTOR('',#8228,10.);
#2352=VECTOR('',#8229,10.);
#2353=VECTOR('',#8232,10.);
#2354=VECTOR('',#8233,10.);
#2355=VECTOR('',#8234,10.);
#2356=VECTOR('',#8237,10.);
#2357=VECTOR('',#8238,10.);
#2358=VECTOR('',#8239,10.);
#2359=VECTOR('',#8240,10.);
#2360=VECTOR('',#8243,10.);
#2361=VECTOR('',#8244,10.);
#2362=VECTOR('',#8245,10.);
#2363=VECTOR('',#8246,10.);
#2364=VECTOR('',#8249,10.);
#2365=VECTOR('',#8250,10.);
#2366=VECTOR('',#8253,10.);
#2367=VECTOR('',#8254,10.);
#2368=VECTOR('',#8255,10.);
#2369=VECTOR('',#8258,10.);
#2370=VECTOR('',#8259,10.);
#2371=VECTOR('',#8260,10.);
#2372=VECTOR('',#8263,10.);
#2373=VECTOR('',#8264,10.);
#2374=VECTOR('',#8265,10.);
#2375=VECTOR('',#8268,10.);
#2376=VECTOR('',#8269,10.);
#2377=VECTOR('',#8272,10.);
#2378=VECTOR('',#8273,10.);
#2379=VECTOR('',#8274,10.);
#2380=VECTOR('',#8277,10.);
#2381=VECTOR('',#8278,10.);
#2382=VECTOR('',#8279,10.);
#2383=VECTOR('',#8282,10.);
#2384=VECTOR('',#8283,10.);
#2385=VECTOR('',#8284,10.);
#2386=VECTOR('',#8287,10.);
#2387=VECTOR('',#8288,10.);
#2388=VECTOR('',#8291,10.);
#2389=VECTOR('',#8292,10.);
#2390=VECTOR('',#8295,10.);
#2391=VECTOR('',#8296,10.);
#2392=VECTOR('',#8299,10.);
#2393=VECTOR('',#8300,10.);
#2394=VECTOR('',#8303,10.);
#2395=VECTOR('',#8306,10.);
#2396=VECTOR('',#8307,10.);
#2397=VECTOR('',#8310,10.);
#2398=VECTOR('',#8313,10.);
#2399=VECTOR('',#8314,10.);
#2400=VECTOR('',#8315,10.);
#2401=VECTOR('',#8318,10.);
#2402=VECTOR('',#8319,10.);
#2403=VECTOR('',#8320,10.);
#2404=VECTOR('',#8321,10.);
#2405=VECTOR('',#8324,10.);
#2406=VECTOR('',#8325,10.);
#2407=VECTOR('',#8326,10.);
#2408=VECTOR('',#8329,10.);
#2409=VECTOR('',#8330,10.);
#2410=VECTOR('',#8333,10.);
#2411=VECTOR('',#8334,10.);
#2412=VECTOR('',#8337,10.);
#2413=VECTOR('',#8338,10.);
#2414=VECTOR('',#8341,10.);
#2415=VECTOR('',#8342,10.);
#2416=VECTOR('',#8345,10.);
#2417=VECTOR('',#8348,10.);
#2418=VECTOR('',#8349,10.);
#2419=VECTOR('',#8352,10.);
#2420=VECTOR('',#8355,10.);
#2421=VECTOR('',#8358,10.);
#2422=VECTOR('',#8359,10.);
#2423=VECTOR('',#8360,10.);
#2424=VECTOR('',#8363,10.);
#2425=VECTOR('',#8364,10.);
#2426=VECTOR('',#8367,10.);
#2427=VECTOR('',#8368,10.);
#2428=VECTOR('',#8371,10.);
#2429=VECTOR('',#8374,10.);
#2430=VECTOR('',#8375,10.);
#2431=VECTOR('',#8378,10.);
#2432=VECTOR('',#8379,10.);
#2433=VECTOR('',#8382,10.);
#2434=VECTOR('',#8385,10.);
#2435=VECTOR('',#8386,10.);
#2436=VECTOR('',#8389,10.);
#2437=VECTOR('',#8390,10.);
#2438=VECTOR('',#8393,10.);
#2439=VECTOR('',#8394,10.);
#2440=VECTOR('',#8397,10.);
#2441=VECTOR('',#8398,10.);
#2442=VECTOR('',#8401,10.);
#2443=VECTOR('',#8402,10.);
#2444=VECTOR('',#8405,10.);
#2445=VECTOR('',#8406,10.);
#2446=VECTOR('',#8407,10.);
#2447=VECTOR('',#8408,10.);
#2448=VECTOR('',#8411,10.);
#2449=VECTOR('',#8412,10.);
#2450=VECTOR('',#8413,10.);
#2451=VECTOR('',#8416,10.);
#2452=VECTOR('',#8417,10.);
#2453=VECTOR('',#8418,10.);
#2454=VECTOR('',#8421,10.);
#2455=VECTOR('',#8422,10.);
#2456=VECTOR('',#8423,10.);
#2457=VECTOR('',#8426,10.);
#2458=VECTOR('',#8427,10.);
#2459=VECTOR('',#8430,10.);
#2460=VECTOR('',#8433,10.);
#2461=VECTOR('',#8436,10.);
#2462=VECTOR('',#8437,10.);
#2463=VECTOR('',#8440,10.);
#2464=VECTOR('',#8441,10.);
#2465=VECTOR('',#8444,10.);
#2466=VECTOR('',#8447,10.);
#2467=VECTOR('',#8450,10.);
#2468=VECTOR('',#8451,10.);
#2469=VECTOR('',#8452,10.);
#2470=VECTOR('',#8455,10.);
#2471=VECTOR('',#8456,10.);
#2472=VECTOR('',#8459,10.);
#2473=VECTOR('',#8460,10.);
#2474=VECTOR('',#8463,10.);
#2475=VECTOR('',#8464,10.);
#2476=VECTOR('',#8465,10.);
#2477=VECTOR('',#8468,10.);
#2478=VECTOR('',#8469,10.);
#2479=VECTOR('',#8470,10.);
#2480=VECTOR('',#8473,10.);
#2481=VECTOR('',#8474,10.);
#2482=VECTOR('',#8475,10.);
#2483=VECTOR('',#8478,10.);
#2484=VECTOR('',#8479,10.);
#2485=VECTOR('',#8482,10.);
#2486=VECTOR('',#8483,10.);
#2487=VECTOR('',#8484,10.);
#2488=VECTOR('',#8487,10.);
#2489=VECTOR('',#8488,10.);
#2490=VECTOR('',#8489,10.);
#2491=VECTOR('',#8492,10.);
#2492=VECTOR('',#8495,10.);
#2493=VECTOR('',#8498,10.);
#2494=VECTOR('',#8501,10.);
#2495=VECTOR('',#8502,10.);
#2496=VECTOR('',#8505,10.);
#2497=VECTOR('',#8506,10.);
#2498=VECTOR('',#8509,10.);
#2499=VECTOR('',#8510,10.);
#2500=VECTOR('',#8511,10.);
#2501=VECTOR('',#8514,10.);
#2502=VECTOR('',#8515,10.);
#2503=VECTOR('',#8518,10.);
#2504=VECTOR('',#8519,10.);
#2505=VECTOR('',#8520,10.);
#2506=VECTOR('',#8523,10.);
#2507=VECTOR('',#8524,10.);
#2508=VECTOR('',#8527,10.);
#2509=VECTOR('',#8528,10.);
#2510=VECTOR('',#8529,10.);
#2511=VECTOR('',#8532,10.);
#2512=VECTOR('',#8533,10.);
#2513=VECTOR('',#8536,10.);
#2514=VECTOR('',#8537,10.);
#2515=VECTOR('',#8538,10.);
#2516=VECTOR('',#8541,10.);
#2517=VECTOR('',#8542,10.);
#2518=VECTOR('',#8545,10.);
#2519=VECTOR('',#8546,10.);
#2520=VECTOR('',#8549,10.);
#2521=VECTOR('',#8550,10.);
#2522=VECTOR('',#8551,10.);
#2523=VECTOR('',#8554,10.);
#2524=VECTOR('',#8555,10.);
#2525=VECTOR('',#8556,10.);
#2526=VECTOR('',#8559,10.);
#2527=VECTOR('',#8562,10.);
#2528=VECTOR('',#8565,10.);
#2529=VECTOR('',#8568,10.);
#2530=VECTOR('',#8569,10.);
#2531=VECTOR('',#8572,10.);
#2532=VECTOR('',#8575,10.);
#2533=VECTOR('',#8578,10.);
#2534=VECTOR('',#8581,10.);
#2535=VECTOR('',#8582,10.);
#2536=VECTOR('',#8585,10.);
#2537=VECTOR('',#8586,10.);
#2538=VECTOR('',#8587,10.);
#2539=VECTOR('',#8590,10.);
#2540=VECTOR('',#8591,10.);
#2541=VECTOR('',#8592,10.);
#2542=VECTOR('',#8595,10.);
#2543=VECTOR('',#8596,10.);
#2544=VECTOR('',#8599,10.);
#2545=VECTOR('',#8600,10.);
#2546=VECTOR('',#8603,10.);
#2547=VECTOR('',#8604,10.);
#2548=VECTOR('',#8605,10.);
#2549=VECTOR('',#8608,10.);
#2550=VECTOR('',#8609,10.);
#2551=VECTOR('',#8612,10.);
#2552=VECTOR('',#8615,10.);
#2553=VECTOR('',#8618,10.);
#2554=VECTOR('',#8621,10.);
#2555=VECTOR('',#8626,10.);
#2556=VECTOR('',#8629,10.);
#2557=VECTOR('',#8632,10.);
#2558=VECTOR('',#8635,10.);
#2559=VECTOR('',#8638,10.);
#2560=VECTOR('',#8641,10.);
#2561=VECTOR('',#8644,10.);
#2562=VECTOR('',#8649,10.);
#2563=VECTOR('',#8654,10.);
#2564=VECTOR('',#8657,10.);
#2565=VECTOR('',#8660,10.);
#2566=VECTOR('',#8663,10.);
#2567=VECTOR('',#8666,10.);
#2568=VECTOR('',#8667,10.);
#2569=VECTOR('',#8670,10.);
#2570=VECTOR('',#8673,10.);
#2571=VECTOR('',#8676,10.);
#2572=VECTOR('',#8679,10.);
#2573=VECTOR('',#8682,10.);
#2574=VECTOR('',#8685,10.);
#2575=VECTOR('',#8688,10.);
#2576=VECTOR('',#8691,10.);
#2577=VECTOR('',#8694,10.);
#2578=VECTOR('',#8697,10.);
#2579=VECTOR('',#8700,10.);
#2580=VECTOR('',#8703,10.);
#2581=VECTOR('',#8706,10.);
#2582=VECTOR('',#8709,10.);
#2583=VECTOR('',#8712,10.);
#2584=VECTOR('',#8715,10.);
#2585=VECTOR('',#8718,10.);
#2586=VECTOR('',#8721,10.);
#2587=VECTOR('',#8724,10.);
#2588=VECTOR('',#8727,10.);
#2589=VECTOR('',#8730,10.);
#2590=VECTOR('',#8733,10.);
#2591=VECTOR('',#8736,10.);
#2592=VECTOR('',#8739,10.);
#2593=VECTOR('',#8742,10.);
#2594=VECTOR('',#8745,10.);
#2595=VECTOR('',#8748,10.);
#2596=VECTOR('',#8751,10.);
#2597=VECTOR('',#8754,10.);
#2598=VECTOR('',#8757,10.);
#2599=VECTOR('',#8760,10.);
#2600=VECTOR('',#8763,10.);
#2601=VECTOR('',#8766,10.);
#2602=VECTOR('',#8769,10.);
#2603=VECTOR('',#8772,10.);
#2604=VECTOR('',#8775,10.);
#2605=VECTOR('',#8778,10.);
#2606=VECTOR('',#8781,10.);
#2607=VECTOR('',#8784,10.);
#2608=VECTOR('',#8787,10.);
#2609=VECTOR('',#8790,10.);
#2610=VECTOR('',#8793,10.);
#2611=VECTOR('',#8796,10.);
#2612=VECTOR('',#8799,10.);
#2613=VECTOR('',#8802,10.);
#2614=VECTOR('',#8805,10.);
#2615=VECTOR('',#8808,10.);
#2616=VECTOR('',#8811,10.);
#2617=VECTOR('',#8814,10.);
#2618=VECTOR('',#8817,10.);
#2619=VECTOR('',#8820,10.);
#2620=VECTOR('',#8823,10.);
#2621=VECTOR('',#8826,10.);
#2622=VECTOR('',#8831,10.);
#2623=VECTOR('',#8834,10.);
#2624=VECTOR('',#8837,10.);
#2625=VECTOR('',#8840,10.);
#2626=VECTOR('',#8843,10.);
#2627=VECTOR('',#8848,10.);
#2628=VECTOR('',#8849,10.);
#2629=VECTOR('',#8852,10.);
#2630=VECTOR('',#8853,10.);
#2631=VECTOR('',#8856,10.);
#2632=VECTOR('',#8859,10.);
#2633=VECTOR('',#8862,10.);
#2634=VECTOR('',#8865,10.);
#2635=VECTOR('',#8866,10.);
#2636=VECTOR('',#8869,10.);
#2637=VECTOR('',#8870,10.);
#2638=VECTOR('',#8873,10.);
#2639=VECTOR('',#8874,10.);
#2640=VECTOR('',#8877,10.);
#2641=VECTOR('',#8878,10.);
#2642=VECTOR('',#8881,10.);
#2643=VECTOR('',#8882,10.);
#2644=VECTOR('',#8885,10.);
#2645=VECTOR('',#8886,10.);
#2646=VECTOR('',#8889,10.);
#2647=VECTOR('',#8890,10.);
#2648=VECTOR('',#8893,10.);
#2649=VECTOR('',#8894,10.);
#2650=VECTOR('',#8897,10.);
#2651=VECTOR('',#8898,10.);
#2652=VECTOR('',#8901,10.);
#2653=VECTOR('',#8902,10.);
#2654=VECTOR('',#8905,10.);
#2655=VECTOR('',#8906,10.);
#2656=VECTOR('',#8909,10.);
#2657=VECTOR('',#8910,10.);
#2658=VECTOR('',#8913,10.);
#2659=VECTOR('',#8914,10.);
#2660=VECTOR('',#8915,10.);
#2661=VECTOR('',#8918,10.);
#2662=VECTOR('',#8921,10.);
#2663=VECTOR('',#8924,10.);
#2664=VECTOR('',#8925,10.);
#2665=VECTOR('',#8928,10.);
#2666=VECTOR('',#8929,10.);
#2667=VECTOR('',#8932,10.);
#2668=VECTOR('',#8933,10.);
#2669=VECTOR('',#8936,10.);
#2670=VECTOR('',#8937,10.);
#2671=VECTOR('',#8940,10.);
#2672=VECTOR('',#8941,10.);
#2673=VECTOR('',#8944,10.);
#2674=VECTOR('',#8945,10.);
#2675=VECTOR('',#8948,10.);
#2676=VECTOR('',#8951,10.);
#2677=VECTOR('',#8954,10.);
#2678=VECTOR('',#8955,10.);
#2679=VECTOR('',#8958,10.);
#2680=VECTOR('',#8961,10.);
#2681=VECTOR('',#8962,10.);
#2682=VECTOR('',#8965,10.);
#2683=VECTOR('',#8968,10.);
#2684=VECTOR('',#8971,10.);
#2685=VECTOR('',#8974,10.);
#2686=VECTOR('',#8975,10.);
#2687=VECTOR('',#8978,10.);
#2688=VECTOR('',#8979,10.);
#2689=VECTOR('',#8982,10.);
#2690=VECTOR('',#8985,10.);
#2691=VECTOR('',#8988,10.);
#2692=VECTOR('',#8991,10.);
#2693=VECTOR('',#8994,10.);
#2694=VECTOR('',#8997,10.);
#2695=VECTOR('',#9000,10.);
#2696=VECTOR('',#9003,10.);
#2697=VECTOR('',#9006,10.);
#2698=VECTOR('',#9009,10.);
#2699=VECTOR('',#9012,10.);
#2700=VECTOR('',#9015,10.);
#2701=VECTOR('',#9018,10.);
#2702=VECTOR('',#9021,10.);
#2703=VECTOR('',#9024,10.);
#2704=VECTOR('',#9027,10.);
#2705=VECTOR('',#9028,10.);
#2706=VECTOR('',#9031,10.);
#2707=VECTOR('',#9034,10.);
#2708=VECTOR('',#9037,10.);
#2709=VECTOR('',#9040,10.);
#2710=VECTOR('',#9043,10.);
#2711=VECTOR('',#9046,10.);
#2712=VECTOR('',#9047,10.);
#2713=VECTOR('',#9050,10.);
#2714=VECTOR('',#9053,10.);
#2715=VECTOR('',#9054,10.);
#2716=VECTOR('',#9057,10.);
#2717=VECTOR('',#9060,10.);
#2718=VECTOR('',#9061,10.);
#2719=VECTOR('',#9064,10.);
#2720=VECTOR('',#9065,10.);
#2721=VECTOR('',#9068,10.);
#2722=VECTOR('',#9069,10.);
#2723=VECTOR('',#9072,10.);
#2724=VECTOR('',#9073,10.);
#2725=VECTOR('',#9076,10.);
#2726=VECTOR('',#9079,10.);
#2727=VECTOR('',#9082,10.);
#2728=VECTOR('',#9085,10.);
#2729=VECTOR('',#9088,10.);
#2730=VECTOR('',#9091,10.);
#2731=VECTOR('',#9094,10.);
#2732=VECTOR('',#9097,10.);
#2733=VECTOR('',#9100,10.);
#2734=VECTOR('',#9103,10.);
#2735=VECTOR('',#9106,10.);
#2736=VECTOR('',#9109,10.);
#2737=VECTOR('',#9112,10.);
#2738=VECTOR('',#9115,10.);
#2739=VECTOR('',#9118,10.);
#2740=VECTOR('',#9121,10.);
#2741=VECTOR('',#9124,10.);
#2742=VECTOR('',#9127,10.);
#2743=VECTOR('',#9130,10.);
#2744=VECTOR('',#9133,10.);
#2745=VECTOR('',#9136,10.);
#2746=VECTOR('',#9139,10.);
#2747=VECTOR('',#9142,10.);
#2748=VECTOR('',#9145,10.);
#2749=VECTOR('',#9148,10.);
#2750=VECTOR('',#9151,10.);
#2751=VECTOR('',#9154,10.);
#2752=VECTOR('',#9157,10.);
#2753=VECTOR('',#9160,10.);
#2754=VECTOR('',#9163,10.);
#2755=VECTOR('',#9166,10.);
#2756=VECTOR('',#9169,10.);
#2757=VECTOR('',#9172,10.);
#2758=VECTOR('',#9175,10.);
#2759=VECTOR('',#9178,10.);
#2760=VECTOR('',#9181,10.);
#2761=VECTOR('',#9184,10.);
#2762=VECTOR('',#9187,10.);
#2763=VECTOR('',#9190,10.);
#2764=VECTOR('',#9193,10.);
#2765=VECTOR('',#9196,10.);
#2766=VECTOR('',#9199,10.);
#2767=VECTOR('',#9202,10.);
#2768=VECTOR('',#9205,10.);
#2769=VECTOR('',#9208,10.);
#2770=VECTOR('',#9211,10.);
#2771=VECTOR('',#9214,10.);
#2772=VECTOR('',#9217,10.);
#2773=VECTOR('',#9220,10.);
#2774=VECTOR('',#9223,10.);
#2775=VECTOR('',#9226,10.);
#2776=VECTOR('',#9229,10.);
#2777=VECTOR('',#9232,10.);
#2778=VECTOR('',#9235,10.);
#2779=VECTOR('',#9238,10.);
#2780=VECTOR('',#9241,10.);
#2781=VECTOR('',#9244,10.);
#2782=VECTOR('',#9247,10.);
#2783=VECTOR('',#9250,10.);
#2784=VECTOR('',#9253,10.);
#2785=VECTOR('',#9256,10.);
#2786=VECTOR('',#9259,10.);
#2787=VECTOR('',#9262,10.);
#2788=VECTOR('',#9265,10.);
#2789=VECTOR('',#9268,10.);
#2790=VECTOR('',#9271,10.);
#2791=VECTOR('',#9274,10.);
#2792=VECTOR('',#9277,10.);
#2793=VECTOR('',#9280,10.);
#2794=VECTOR('',#9283,10.);
#2795=VECTOR('',#9286,10.);
#2796=VECTOR('',#9289,10.);
#2797=VECTOR('',#9292,10.);
#2798=VECTOR('',#9293,10.);
#2799=VECTOR('',#9294,10.);
#2800=VECTOR('',#9297,10.);
#2801=VECTOR('',#9298,10.);
#2802=VECTOR('',#9301,10.);
#2803=VECTOR('',#9304,10.);
#2804=VECTOR('',#9307,10.);
#2805=VECTOR('',#9310,10.);
#2806=VECTOR('',#9313,10.);
#2807=VECTOR('',#9316,10.);
#2808=VECTOR('',#9317,10.);
#2809=VECTOR('',#9320,10.);
#2810=VECTOR('',#9321,10.);
#2811=VECTOR('',#9324,10.);
#2812=VECTOR('',#9325,10.);
#2813=VECTOR('',#9328,10.);
#2814=VECTOR('',#9331,10.);
#2815=VECTOR('',#9334,10.);
#2816=VECTOR('',#9337,10.);
#2817=VECTOR('',#9340,10.);
#2818=VECTOR('',#9341,10.);
#2819=VECTOR('',#9344,10.);
#2820=VECTOR('',#9347,10.);
#2821=VECTOR('',#9348,10.);
#2822=VECTOR('',#9351,10.);
#2823=VECTOR('',#9352,10.);
#2824=VECTOR('',#9355,10.);
#2825=VECTOR('',#9356,10.);
#2826=VECTOR('',#9359,10.);
#2827=VECTOR('',#9362,10.);
#2828=VECTOR('',#9365,10.);
#2829=VECTOR('',#9370,10.);
#2830=VECTOR('',#9373,10.);
#2831=VECTOR('',#9378,10.);
#2832=VECTOR('',#9381,10.);
#2833=VECTOR('',#9386,10.);
#2834=VECTOR('',#9389,10.);
#2835=VECTOR('',#9394,10.);
#2836=VECTOR('',#9397,10.);
#2837=VECTOR('',#9402,10.);
#2838=VECTOR('',#9405,10.);
#2839=VECTOR('',#9408,10.);
#2840=VECTOR('',#9411,10.);
#2841=VECTOR('',#9414,10.);
#2842=VECTOR('',#9417,10.);
#2843=VECTOR('',#9420,10.);
#2844=VECTOR('',#9425,10.);
#2845=VECTOR('',#9426,10.);
#2846=VECTOR('',#9427,10.);
#2847=VECTOR('',#9428,10.);
#2848=VECTOR('',#9433,10.);
#2849=VECTOR('',#9438,10.);
#2850=VECTOR('',#9439,10.);
#2851=VECTOR('',#9440,10.);
#2852=VECTOR('',#9445,10.);
#2853=VECTOR('',#9450,10.);
#2854=VECTOR('',#9451,10.);
#2855=VECTOR('',#9452,10.);
#2856=VECTOR('',#9457,10.);
#2857=VECTOR('',#9464,10.);
#2858=VECTOR('',#9467,10.);
#2859=VECTOR('',#9468,10.);
#2860=VERTEX_POINT('',#9496);
#2861=VERTEX_POINT('',#9497);
#2862=VERTEX_POINT('',#9499);
#2863=VERTEX_POINT('',#9501);
#2864=VERTEX_POINT('',#9505);
#2865=VERTEX_POINT('',#9507);
#2866=VERTEX_POINT('',#9511);
#2867=VERTEX_POINT('',#9515);
#2868=VERTEX_POINT('',#9517);
#2869=VERTEX_POINT('',#9521);
#2870=VERTEX_POINT('',#9523);
#2871=VERTEX_POINT('',#9527);
#2872=VERTEX_POINT('',#9531);
#2873=VERTEX_POINT('',#9533);
#2874=VERTEX_POINT('',#9537);
#2875=VERTEX_POINT('',#9539);
#2876=VERTEX_POINT('',#9543);
#2877=VERTEX_POINT('',#9545);
#2878=VERTEX_POINT('',#9549);
#2879=VERTEX_POINT('',#9551);
#2880=VERTEX_POINT('',#9555);
#2881=VERTEX_POINT('',#9557);
#2882=VERTEX_POINT('',#9561);
#2883=VERTEX_POINT('',#9563);
#2884=VERTEX_POINT('',#9567);
#2885=VERTEX_POINT('',#9571);
#2886=VERTEX_POINT('',#9573);
#2887=VERTEX_POINT('',#9577);
#2888=VERTEX_POINT('',#9581);
#2889=VERTEX_POINT('',#9583);
#2890=VERTEX_POINT('',#9587);
#2891=VERTEX_POINT('',#9589);
#2892=VERTEX_POINT('',#9593);
#2893=VERTEX_POINT('',#9597);
#2894=VERTEX_POINT('',#9599);
#2895=VERTEX_POINT('',#9603);
#2896=VERTEX_POINT('',#9605);
#2897=VERTEX_POINT('',#9609);
#2898=VERTEX_POINT('',#9611);
#2899=VERTEX_POINT('',#9615);
#2900=VERTEX_POINT('',#9617);
#2901=VERTEX_POINT('',#9621);
#2902=VERTEX_POINT('',#9623);
#2903=VERTEX_POINT('',#9627);
#2904=VERTEX_POINT('',#9629);
#2905=VERTEX_POINT('',#9633);
#2906=VERTEX_POINT('',#9635);
#2907=VERTEX_POINT('',#9639);
#2908=VERTEX_POINT('',#9641);
#2909=VERTEX_POINT('',#9645);
#2910=VERTEX_POINT('',#9647);
#2911=VERTEX_POINT('',#9651);
#2912=VERTEX_POINT('',#9655);
#2913=VERTEX_POINT('',#9657);
#2914=VERTEX_POINT('',#9661);
#2915=VERTEX_POINT('',#9663);
#2916=VERTEX_POINT('',#9667);
#2917=VERTEX_POINT('',#9671);
#2918=VERTEX_POINT('',#9673);
#2919=VERTEX_POINT('',#9677);
#2920=VERTEX_POINT('',#9681);
#2921=VERTEX_POINT('',#9683);
#2922=VERTEX_POINT('',#9687);
#2923=VERTEX_POINT('',#9689);
#2924=VERTEX_POINT('',#9693);
#2925=VERTEX_POINT('',#9697);
#2926=VERTEX_POINT('',#9699);
#2927=VERTEX_POINT('',#9703);
#2928=VERTEX_POINT('',#9707);
#2929=VERTEX_POINT('',#9709);
#2930=VERTEX_POINT('',#9713);
#2931=VERTEX_POINT('',#9715);
#2932=VERTEX_POINT('',#9719);
#2933=VERTEX_POINT('',#9723);
#2934=VERTEX_POINT('',#9725);
#2935=VERTEX_POINT('',#9729);
#2936=VERTEX_POINT('',#9731);
#2937=VERTEX_POINT('',#9735);
#2938=VERTEX_POINT('',#9737);
#2939=VERTEX_POINT('',#9741);
#2940=VERTEX_POINT('',#9743);
#2941=VERTEX_POINT('',#9747);
#2942=VERTEX_POINT('',#9749);
#2943=VERTEX_POINT('',#9753);
#2944=VERTEX_POINT('',#9755);
#2945=VERTEX_POINT('',#9759);
#2946=VERTEX_POINT('',#9761);
#2947=VERTEX_POINT('',#9765);
#2948=VERTEX_POINT('',#9767);
#2949=VERTEX_POINT('',#9771);
#2950=VERTEX_POINT('',#9773);
#2951=VERTEX_POINT('',#9777);
#2952=VERTEX_POINT('',#9779);
#2953=VERTEX_POINT('',#9783);
#2954=VERTEX_POINT('',#9785);
#2955=VERTEX_POINT('',#9789);
#2956=VERTEX_POINT('',#9793);
#2957=VERTEX_POINT('',#9795);
#2958=VERTEX_POINT('',#9799);
#2959=VERTEX_POINT('',#9803);
#2960=VERTEX_POINT('',#9805);
#2961=VERTEX_POINT('',#9809);
#2962=VERTEX_POINT('',#9811);
#2963=VERTEX_POINT('',#9815);
#2964=VERTEX_POINT('',#9819);
#2965=VERTEX_POINT('',#9821);
#2966=VERTEX_POINT('',#9825);
#2967=VERTEX_POINT('',#9827);
#2968=VERTEX_POINT('',#9831);
#2969=VERTEX_POINT('',#9833);
#2970=VERTEX_POINT('',#9837);
#2971=VERTEX_POINT('',#9841);
#2972=VERTEX_POINT('',#9843);
#2973=VERTEX_POINT('',#9847);
#2974=VERTEX_POINT('',#9849);
#2975=VERTEX_POINT('',#9853);
#2976=VERTEX_POINT('',#9855);
#2977=VERTEX_POINT('',#9859);
#2978=VERTEX_POINT('',#9861);
#2979=VERTEX_POINT('',#9865);
#2980=VERTEX_POINT('',#9869);
#2981=VERTEX_POINT('',#9871);
#2982=VERTEX_POINT('',#9875);
#2983=VERTEX_POINT('',#9879);
#2984=VERTEX_POINT('',#9881);
#2985=VERTEX_POINT('',#9885);
#2986=VERTEX_POINT('',#9887);
#2987=VERTEX_POINT('',#9891);
#2988=VERTEX_POINT('',#9895);
#2989=VERTEX_POINT('',#9897);
#2990=VERTEX_POINT('',#9901);
#2991=VERTEX_POINT('',#9903);
#2992=VERTEX_POINT('',#9907);
#2993=VERTEX_POINT('',#9909);
#2994=VERTEX_POINT('',#9913);
#2995=VERTEX_POINT('',#9915);
#2996=VERTEX_POINT('',#9919);
#2997=VERTEX_POINT('',#9923);
#2998=VERTEX_POINT('',#9927);
#2999=VERTEX_POINT('',#9929);
#3000=VERTEX_POINT('',#9933);
#3001=VERTEX_POINT('',#9935);
#3002=VERTEX_POINT('',#9953);
#3003=VERTEX_POINT('',#9958);
#3004=VERTEX_POINT('',#9960);
#3005=VERTEX_POINT('',#9964);
#3006=VERTEX_POINT('',#9965);
#3007=VERTEX_POINT('',#9970);
#3008=VERTEX_POINT('',#9971);
#3009=VERTEX_POINT('',#9973);
#3010=VERTEX_POINT('',#9975);
#3011=VERTEX_POINT('',#9979);
#3012=VERTEX_POINT('',#9980);
#3013=VERTEX_POINT('',#9982);
#3014=VERTEX_POINT('',#9984);
#3015=VERTEX_POINT('',#9988);
#3016=VERTEX_POINT('',#9992);
#3017=VERTEX_POINT('',#9993);
#3018=VERTEX_POINT('',#9998);
#3019=VERTEX_POINT('',#10000);
#3020=VERTEX_POINT('',#10004);
#3021=VERTEX_POINT('',#10005);
#3022=VERTEX_POINT('',#10007);
#3023=VERTEX_POINT('',#10009);
#3024=VERTEX_POINT('',#10015);
#3025=VERTEX_POINT('',#10017);
#3026=VERTEX_POINT('',#10021);
#3027=VERTEX_POINT('',#10023);
#3028=VERTEX_POINT('',#10027);
#3029=VERTEX_POINT('',#10029);
#3030=VERTEX_POINT('',#10033);
#3031=VERTEX_POINT('',#10035);
#3032=VERTEX_POINT('',#10039);
#3033=VERTEX_POINT('',#10041);
#3034=VERTEX_POINT('',#10045);
#3035=VERTEX_POINT('',#10047);
#3036=VERTEX_POINT('',#10051);
#3037=VERTEX_POINT('',#10052);
#3038=VERTEX_POINT('',#10057);
#3039=VERTEX_POINT('',#10059);
#3040=VERTEX_POINT('',#10063);
#3041=VERTEX_POINT('',#10064);
#3042=VERTEX_POINT('',#10069);
#3043=VERTEX_POINT('',#10070);
#3044=VERTEX_POINT('',#10075);
#3045=VERTEX_POINT('',#10077);
#3046=VERTEX_POINT('',#10081);
#3047=VERTEX_POINT('',#10083);
#3048=VERTEX_POINT('',#10087);
#3049=VERTEX_POINT('',#10089);
#3050=VERTEX_POINT('',#10093);
#3051=VERTEX_POINT('',#10095);
#3052=VERTEX_POINT('',#10099);
#3053=VERTEX_POINT('',#10101);
#3054=VERTEX_POINT('',#10105);
#3055=VERTEX_POINT('',#10106);
#3056=VERTEX_POINT('',#10108);
#3057=VERTEX_POINT('',#10113);
#3058=VERTEX_POINT('',#10115);
#3059=VERTEX_POINT('',#10119);
#3060=VERTEX_POINT('',#10123);
#3061=VERTEX_POINT('',#10124);
#3062=VERTEX_POINT('',#10129);
#3063=VERTEX_POINT('',#10131);
#3064=VERTEX_POINT('',#10135);
#3065=VERTEX_POINT('',#10139);
#3066=VERTEX_POINT('',#10141);
#3067=VERTEX_POINT('',#10145);
#3068=VERTEX_POINT('',#10147);
#3069=VERTEX_POINT('',#10151);
#3070=VERTEX_POINT('',#10155);
#3071=VERTEX_POINT('',#10156);
#3072=VERTEX_POINT('',#10161);
#3073=VERTEX_POINT('',#10163);
#3074=VERTEX_POINT('',#10167);
#3075=VERTEX_POINT('',#10169);
#3076=VERTEX_POINT('',#10173);
#3077=VERTEX_POINT('',#10175);
#3078=VERTEX_POINT('',#10179);
#3079=VERTEX_POINT('',#10180);
#3080=VERTEX_POINT('',#10185);
#3081=VERTEX_POINT('',#10187);
#3082=VERTEX_POINT('',#10199);
#3083=VERTEX_POINT('',#10200);
#3084=VERTEX_POINT('',#10205);
#3085=VERTEX_POINT('',#10209);
#3086=VERTEX_POINT('',#10213);
#3087=VERTEX_POINT('',#10217);
#3088=VERTEX_POINT('',#10218);
#3089=VERTEX_POINT('',#10223);
#3090=VERTEX_POINT('',#10225);
#3091=VERTEX_POINT('',#10229);
#3092=VERTEX_POINT('',#10233);
#3093=VERTEX_POINT('',#10243);
#3094=VERTEX_POINT('',#10247);
#3095=VERTEX_POINT('',#10251);
#3096=VERTEX_POINT('',#10255);
#3097=VERTEX_POINT('',#10259);
#3098=VERTEX_POINT('',#10260);
#3099=VERTEX_POINT('',#10265);
#3100=VERTEX_POINT('',#10267);
#3101=VERTEX_POINT('',#10271);
#3102=VERTEX_POINT('',#10273);
#3103=VERTEX_POINT('',#10277);
#3104=VERTEX_POINT('',#10278);
#3105=VERTEX_POINT('',#10283);
#3106=VERTEX_POINT('',#10284);
#3107=VERTEX_POINT('',#10286);
#3108=VERTEX_POINT('',#10288);
#3109=VERTEX_POINT('',#10292);
#3110=VERTEX_POINT('',#10293);
#3111=VERTEX_POINT('',#10295);
#3112=VERTEX_POINT('',#10297);
#3113=VERTEX_POINT('',#10301);
#3114=VERTEX_POINT('',#10305);
#3115=VERTEX_POINT('',#10307);
#3116=VERTEX_POINT('',#10311);
#3117=VERTEX_POINT('',#10313);
#3118=VERTEX_POINT('',#10317);
#3119=VERTEX_POINT('',#10318);
#3120=VERTEX_POINT('',#10323);
#3121=VERTEX_POINT('',#10327);
#3122=VERTEX_POINT('',#10329);
#3123=VERTEX_POINT('',#10333);
#3124=VERTEX_POINT('',#10335);
#3125=VERTEX_POINT('',#10339);
#3126=VERTEX_POINT('',#10340);
#3127=VERTEX_POINT('',#10345);
#3128=VERTEX_POINT('',#10349);
#3129=VERTEX_POINT('',#10353);
#3130=VERTEX_POINT('',#10357);
#3131=VERTEX_POINT('',#10363);
#3132=VERTEX_POINT('',#10369);
#3133=VERTEX_POINT('',#10370);
#3134=VERTEX_POINT('',#10372);
#3135=VERTEX_POINT('',#10376);
#3136=VERTEX_POINT('',#10377);
#3137=VERTEX_POINT('',#10379);
#3138=VERTEX_POINT('',#10381);
#3139=VERTEX_POINT('',#10385);
#3140=VERTEX_POINT('',#10386);
#3141=VERTEX_POINT('',#10388);
#3142=VERTEX_POINT('',#10392);
#3143=VERTEX_POINT('',#10396);
#3144=VERTEX_POINT('',#10400);
#3145=VERTEX_POINT('',#10416);
#3146=VERTEX_POINT('',#10418);
#3147=VERTEX_POINT('',#10422);
#3148=VERTEX_POINT('',#10426);
#3149=VERTEX_POINT('',#10432);
#3150=VERTEX_POINT('',#10436);
#3151=VERTEX_POINT('',#10442);
#3152=VERTEX_POINT('',#10446);
#3153=VERTEX_POINT('',#10450);
#3154=VERTEX_POINT('',#10454);
#3155=VERTEX_POINT('',#10458);
#3156=VERTEX_POINT('',#10462);
#3157=VERTEX_POINT('',#10463);
#3158=VERTEX_POINT('',#10465);
#3159=VERTEX_POINT('',#10467);
#3160=VERTEX_POINT('',#10471);
#3161=VERTEX_POINT('',#10473);
#3162=VERTEX_POINT('',#10477);
#3163=VERTEX_POINT('',#10478);
#3164=VERTEX_POINT('',#10483);
#3165=VERTEX_POINT('',#10484);
#3166=VERTEX_POINT('',#10486);
#3167=VERTEX_POINT('',#10497);
#3168=VERTEX_POINT('',#10501);
#3169=VERTEX_POINT('',#10509);
#3170=VERTEX_POINT('',#10511);
#3171=VERTEX_POINT('',#10518);
#3172=VERTEX_POINT('',#10522);
#3173=VERTEX_POINT('',#10523);
#3174=VERTEX_POINT('',#10528);
#3175=VERTEX_POINT('',#10529);
#3176=VERTEX_POINT('',#10534);
#3177=VERTEX_POINT('',#10536);
#3178=VERTEX_POINT('',#10540);
#3179=VERTEX_POINT('',#10544);
#3180=VERTEX_POINT('',#10546);
#3181=VERTEX_POINT('',#10550);
#3182=VERTEX_POINT('',#10551);
#3183=VERTEX_POINT('',#10562);
#3184=VERTEX_POINT('',#10566);
#3185=VERTEX_POINT('',#10570);
#3186=VERTEX_POINT('',#10571);
#3187=VERTEX_POINT('',#10576);
#3188=VERTEX_POINT('',#10580);
#3189=VERTEX_POINT('',#10581);
#3190=VERTEX_POINT('',#10586);
#3191=VERTEX_POINT('',#10590);
#3192=VERTEX_POINT('',#10591);
#3193=VERTEX_POINT('',#10596);
#3194=VERTEX_POINT('',#10600);
#3195=VERTEX_POINT('',#10601);
#3196=VERTEX_POINT('',#10606);
#3197=VERTEX_POINT('',#10610);
#3198=VERTEX_POINT('',#10614);
#3199=VERTEX_POINT('',#10616);
#3200=VERTEX_POINT('',#10620);
#3201=VERTEX_POINT('',#10621);
#3202=VERTEX_POINT('',#10632);
#3203=VERTEX_POINT('',#10642);
#3204=VERTEX_POINT('',#10646);
#3205=VERTEX_POINT('',#10647);
#3206=VERTEX_POINT('',#10652);
#3207=VERTEX_POINT('',#10663);
#3208=VERTEX_POINT('',#10665);
#3209=VERTEX_POINT('',#10707);
#3210=VERTEX_POINT('',#10829);
#3211=VERTEX_POINT('',#10842);
#3212=VERTEX_POINT('',#10846);
#3213=VERTEX_POINT('',#10850);
#3214=VERTEX_POINT('',#10854);
#3215=VERTEX_POINT('',#10858);
#3216=VERTEX_POINT('',#10862);
#3217=VERTEX_POINT('',#10866);
#3218=VERTEX_POINT('',#10870);
#3219=VERTEX_POINT('',#10874);
#3220=VERTEX_POINT('',#10878);
#3221=VERTEX_POINT('',#10882);
#3222=VERTEX_POINT('',#10886);
#3223=VERTEX_POINT('',#10890);
#3224=VERTEX_POINT('',#10892);
#3225=VERTEX_POINT('',#10900);
#3226=VERTEX_POINT('',#10904);
#3227=VERTEX_POINT('',#10908);
#3228=VERTEX_POINT('',#10912);
#3229=VERTEX_POINT('',#10916);
#3230=VERTEX_POINT('',#10927);
#3231=VERTEX_POINT('',#10933);
#3232=VERTEX_POINT('',#10943);
#3233=VERTEX_POINT('',#10993);
#3234=VERTEX_POINT('',#10999);
#3235=VERTEX_POINT('',#11005);
#3236=VERTEX_POINT('',#11009);
#3237=VERTEX_POINT('',#11013);
#3238=VERTEX_POINT('',#11164);
#3239=VERTEX_POINT('',#11166);
#3240=VERTEX_POINT('',#11183);
#3241=VERTEX_POINT('',#11187);
#3242=VERTEX_POINT('',#11202);
#3243=VERTEX_POINT('',#11208);
#3244=VERTEX_POINT('',#11212);
#3245=VERTEX_POINT('',#11261);
#3246=VERTEX_POINT('',#11262);
#3247=VERTEX_POINT('',#11264);
#3248=VERTEX_POINT('',#11266);
#3249=VERTEX_POINT('',#11270);
#3250=VERTEX_POINT('',#11272);
#3251=VERTEX_POINT('',#11276);
#3252=VERTEX_POINT('',#11277);
#3253=VERTEX_POINT('',#11282);
#3254=VERTEX_POINT('',#11284);
#3255=VERTEX_POINT('',#11288);
#3256=VERTEX_POINT('',#11289);
#3257=VERTEX_POINT('',#11294);
#3258=VERTEX_POINT('',#11296);
#3259=VERTEX_POINT('',#11300);
#3260=VERTEX_POINT('',#11304);
#3261=VERTEX_POINT('',#11310);
#3262=VERTEX_POINT('',#11313);
#3263=VERTEX_POINT('',#11317);
#3264=EDGE_CURVE('',#2860,#2861,#1064,.T.);
#3265=EDGE_CURVE('',#2860,#2862,#1065,.T.);
#3266=EDGE_CURVE('',#2863,#2862,#1066,.T.);
#3267=EDGE_CURVE('',#2863,#2861,#1067,.T.);
#3268=EDGE_CURVE('',#2864,#2860,#1068,.T.);
#3269=EDGE_CURVE('',#2864,#2865,#1069,.T.);
#3270=EDGE_CURVE('',#2862,#2865,#1070,.T.);
#3271=EDGE_CURVE('',#2866,#2864,#1071,.T.);
#3272=EDGE_CURVE('',#2865,#2866,#1072,.T.);
#3273=EDGE_CURVE('',#2867,#2866,#1073,.T.);
#3274=EDGE_CURVE('',#2867,#2868,#1074,.T.);
#3275=EDGE_CURVE('',#2865,#2868,#1075,.T.);
#3276=EDGE_CURVE('',#2869,#2867,#1076,.T.);
#3277=EDGE_CURVE('',#2869,#2870,#1077,.T.);
#3278=EDGE_CURVE('',#2868,#2870,#1078,.T.);
#3279=EDGE_CURVE('',#2871,#2869,#1079,.T.);
#3280=EDGE_CURVE('',#2870,#2871,#1080,.T.);
#3281=EDGE_CURVE('',#2872,#2871,#1081,.T.);
#3282=EDGE_CURVE('',#2872,#2873,#1082,.T.);
#3283=EDGE_CURVE('',#2870,#2873,#1083,.T.);
#3284=EDGE_CURVE('',#2874,#2872,#1084,.T.);
#3285=EDGE_CURVE('',#2874,#2875,#1085,.T.);
#3286=EDGE_CURVE('',#2873,#2875,#1086,.T.);
#3287=EDGE_CURVE('',#2876,#2874,#1087,.T.);
#3288=EDGE_CURVE('',#2876,#2877,#1088,.T.);
#3289=EDGE_CURVE('',#2875,#2877,#1089,.T.);
#3290=EDGE_CURVE('',#2878,#2876,#1090,.T.);
#3291=EDGE_CURVE('',#2878,#2879,#1091,.T.);
#3292=EDGE_CURVE('',#2877,#2879,#1092,.T.);
#3293=EDGE_CURVE('',#2880,#2878,#1093,.T.);
#3294=EDGE_CURVE('',#2880,#2881,#1094,.T.);
#3295=EDGE_CURVE('',#2879,#2881,#1095,.T.);
#3296=EDGE_CURVE('',#2882,#2880,#1096,.T.);
#3297=EDGE_CURVE('',#2882,#2883,#1097,.T.);
#3298=EDGE_CURVE('',#2881,#2883,#1098,.T.);
#3299=EDGE_CURVE('',#2884,#2882,#1099,.T.);
#3300=EDGE_CURVE('',#2883,#2884,#1100,.T.);
#3301=EDGE_CURVE('',#2885,#2884,#1101,.T.);
#3302=EDGE_CURVE('',#2885,#2886,#1102,.T.);
#3303=EDGE_CURVE('',#2883,#2886,#1103,.T.);
#3304=EDGE_CURVE('',#2887,#2885,#1104,.T.);
#3305=EDGE_CURVE('',#2886,#2887,#1105,.T.);
#3306=EDGE_CURVE('',#2888,#2887,#1106,.T.);
#3307=EDGE_CURVE('',#2888,#2889,#1107,.T.);
#3308=EDGE_CURVE('',#2886,#2889,#1108,.T.);
#3309=EDGE_CURVE('',#2890,#2888,#1109,.T.);
#3310=EDGE_CURVE('',#2890,#2891,#1110,.T.);
#3311=EDGE_CURVE('',#2889,#2891,#1111,.T.);
#3312=EDGE_CURVE('',#2892,#2890,#1112,.T.);
#3313=EDGE_CURVE('',#2891,#2892,#1113,.T.);
#3314=EDGE_CURVE('',#2893,#2892,#1114,.T.);
#3315=EDGE_CURVE('',#2893,#2894,#1115,.T.);
#3316=EDGE_CURVE('',#2891,#2894,#1116,.T.);
#3317=EDGE_CURVE('',#2895,#2893,#1117,.T.);
#3318=EDGE_CURVE('',#2895,#2896,#1118,.T.);
#3319=EDGE_CURVE('',#2894,#2896,#1119,.T.);
#3320=EDGE_CURVE('',#2897,#2895,#1120,.T.);
#3321=EDGE_CURVE('',#2897,#2898,#1121,.T.);
#3322=EDGE_CURVE('',#2896,#2898,#1122,.T.);
#3323=EDGE_CURVE('',#2899,#2897,#1123,.T.);
#3324=EDGE_CURVE('',#2899,#2900,#1124,.T.);
#3325=EDGE_CURVE('',#2898,#2900,#1125,.T.);
#3326=EDGE_CURVE('',#2901,#2899,#1126,.T.);
#3327=EDGE_CURVE('',#2901,#2902,#1127,.T.);
#3328=EDGE_CURVE('',#2900,#2902,#1128,.T.);
#3329=EDGE_CURVE('',#2903,#2901,#1129,.T.);
#3330=EDGE_CURVE('',#2903,#2904,#1130,.T.);
#3331=EDGE_CURVE('',#2902,#2904,#1131,.T.);
#3332=EDGE_CURVE('',#2905,#2903,#1132,.T.);
#3333=EDGE_CURVE('',#2905,#2906,#1133,.T.);
#3334=EDGE_CURVE('',#2904,#2906,#1134,.T.);
#3335=EDGE_CURVE('',#2907,#2905,#1135,.T.);
#3336=EDGE_CURVE('',#2907,#2908,#1136,.T.);
#3337=EDGE_CURVE('',#2906,#2908,#1137,.T.);
#3338=EDGE_CURVE('',#2909,#2907,#1138,.T.);
#3339=EDGE_CURVE('',#2909,#2910,#1139,.T.);
#3340=EDGE_CURVE('',#2908,#2910,#1140,.T.);
#3341=EDGE_CURVE('',#2911,#2909,#1141,.T.);
#3342=EDGE_CURVE('',#2910,#2911,#1142,.T.);
#3343=EDGE_CURVE('',#2912,#2911,#1143,.T.);
#3344=EDGE_CURVE('',#2912,#2913,#1144,.T.);
#3345=EDGE_CURVE('',#2910,#2913,#1145,.T.);
#3346=EDGE_CURVE('',#2914,#2912,#1146,.T.);
#3347=EDGE_CURVE('',#2914,#2915,#1147,.T.);
#3348=EDGE_CURVE('',#2913,#2915,#1148,.T.);
#3349=EDGE_CURVE('',#2916,#2914,#1149,.T.);
#3350=EDGE_CURVE('',#2915,#2916,#1150,.T.);
#3351=EDGE_CURVE('',#2917,#2916,#1151,.T.);
#3352=EDGE_CURVE('',#2917,#2918,#1152,.T.);
#3353=EDGE_CURVE('',#2915,#2918,#1153,.T.);
#3354=EDGE_CURVE('',#2919,#2917,#1154,.T.);
#3355=EDGE_CURVE('',#2918,#2919,#1155,.T.);
#3356=EDGE_CURVE('',#2920,#2919,#1156,.T.);
#3357=EDGE_CURVE('',#2921,#2920,#1157,.T.);
#3358=EDGE_CURVE('',#2918,#2921,#1158,.T.);
#3359=EDGE_CURVE('',#2922,#2920,#1159,.T.);
#3360=EDGE_CURVE('',#2923,#2922,#1160,.T.);
#3361=EDGE_CURVE('',#2923,#2921,#1161,.T.);
#3362=EDGE_CURVE('',#2924,#2922,#1162,.T.);
#3363=EDGE_CURVE('',#2924,#2923,#1163,.T.);
#3364=EDGE_CURVE('',#2925,#2924,#1164,.T.);
#3365=EDGE_CURVE('',#2926,#2925,#1165,.T.);
#3366=EDGE_CURVE('',#2926,#2923,#1166,.T.);
#3367=EDGE_CURVE('',#2927,#2925,#1167,.T.);
#3368=EDGE_CURVE('',#2927,#2926,#1168,.T.);
#3369=EDGE_CURVE('',#2928,#2927,#1169,.T.);
#3370=EDGE_CURVE('',#2929,#2928,#1170,.T.);
#3371=EDGE_CURVE('',#2929,#2926,#1171,.T.);
#3372=EDGE_CURVE('',#2930,#2928,#1172,.T.);
#3373=EDGE_CURVE('',#2931,#2930,#1173,.T.);
#3374=EDGE_CURVE('',#2931,#2929,#1174,.T.);
#3375=EDGE_CURVE('',#2932,#2930,#1175,.T.);
#3376=EDGE_CURVE('',#2932,#2931,#1176,.T.);
#3377=EDGE_CURVE('',#2933,#2932,#1177,.T.);
#3378=EDGE_CURVE('',#2933,#2934,#1178,.T.);
#3379=EDGE_CURVE('',#2934,#2931,#1179,.T.);
#3380=EDGE_CURVE('',#2935,#2933,#1180,.T.);
#3381=EDGE_CURVE('',#2935,#2936,#1181,.T.);
#3382=EDGE_CURVE('',#2936,#2934,#1182,.T.);
#3383=EDGE_CURVE('',#2937,#2935,#1183,.T.);
#3384=EDGE_CURVE('',#2937,#2938,#1184,.T.);
#3385=EDGE_CURVE('',#2938,#2936,#1185,.T.);
#3386=EDGE_CURVE('',#2939,#2937,#1186,.T.);
#3387=EDGE_CURVE('',#2939,#2940,#1187,.T.);
#3388=EDGE_CURVE('',#2940,#2938,#1188,.T.);
#3389=EDGE_CURVE('',#2941,#2939,#1189,.T.);
#3390=EDGE_CURVE('',#2941,#2942,#1190,.T.);
#3391=EDGE_CURVE('',#2942,#2940,#1191,.T.);
#3392=EDGE_CURVE('',#2943,#2941,#1192,.T.);
#3393=EDGE_CURVE('',#2943,#2944,#1193,.T.);
#3394=EDGE_CURVE('',#2944,#2942,#1194,.T.);
#3395=EDGE_CURVE('',#2945,#2943,#1195,.T.);
#3396=EDGE_CURVE('',#2945,#2946,#1196,.T.);
#3397=EDGE_CURVE('',#2946,#2944,#1197,.T.);
#3398=EDGE_CURVE('',#2947,#2945,#1198,.T.);
#3399=EDGE_CURVE('',#2947,#2948,#1199,.T.);
#3400=EDGE_CURVE('',#2948,#2946,#1200,.T.);
#3401=EDGE_CURVE('',#2949,#2947,#1201,.T.);
#3402=EDGE_CURVE('',#2949,#2950,#1202,.T.);
#3403=EDGE_CURVE('',#2950,#2948,#1203,.T.);
#3404=EDGE_CURVE('',#2951,#2949,#1204,.T.);
#3405=EDGE_CURVE('',#2951,#2952,#1205,.T.);
#3406=EDGE_CURVE('',#2952,#2950,#1206,.T.);
#3407=EDGE_CURVE('',#2953,#2951,#1207,.T.);
#3408=EDGE_CURVE('',#2954,#2953,#1208,.T.);
#3409=EDGE_CURVE('',#2954,#2952,#1209,.T.);
#3410=EDGE_CURVE('',#2955,#2953,#1210,.T.);
#3411=EDGE_CURVE('',#2955,#2954,#1211,.T.);
#3412=EDGE_CURVE('',#2956,#2955,#1212,.T.);
#3413=EDGE_CURVE('',#2957,#2956,#1213,.T.);
#3414=EDGE_CURVE('',#2957,#2954,#1214,.T.);
#3415=EDGE_CURVE('',#2958,#2956,#1215,.T.);
#3416=EDGE_CURVE('',#2958,#2957,#1216,.T.);
#3417=EDGE_CURVE('',#2959,#2958,#1217,.T.);
#3418=EDGE_CURVE('',#2960,#2959,#1218,.T.);
#3419=EDGE_CURVE('',#2960,#2957,#1219,.T.);
#3420=EDGE_CURVE('',#2961,#2959,#1220,.T.);
#3421=EDGE_CURVE('',#2962,#2961,#1221,.T.);
#3422=EDGE_CURVE('',#2962,#2960,#1222,.T.);
#3423=EDGE_CURVE('',#2963,#2961,#1223,.T.);
#3424=EDGE_CURVE('',#2963,#2962,#1224,.T.);
#3425=EDGE_CURVE('',#2964,#2963,#1225,.T.);
#3426=EDGE_CURVE('',#2964,#2965,#1226,.T.);
#3427=EDGE_CURVE('',#2965,#2962,#1227,.T.);
#3428=EDGE_CURVE('',#2966,#2964,#1228,.T.);
#3429=EDGE_CURVE('',#2966,#2967,#1229,.T.);
#3430=EDGE_CURVE('',#2967,#2965,#1230,.T.);
#3431=EDGE_CURVE('',#2968,#2966,#1231,.T.);
#3432=EDGE_CURVE('',#2969,#2968,#1232,.T.);
#3433=EDGE_CURVE('',#2969,#2967,#1233,.T.);
#3434=EDGE_CURVE('',#2970,#2968,#1234,.T.);
#3435=EDGE_CURVE('',#2970,#2969,#1235,.T.);
#3436=EDGE_CURVE('',#2971,#2970,#1236,.T.);
#3437=EDGE_CURVE('',#2971,#2972,#1237,.T.);
#3438=EDGE_CURVE('',#2972,#2969,#1238,.T.);
#3439=EDGE_CURVE('',#2973,#2971,#1239,.T.);
#3440=EDGE_CURVE('',#2973,#2974,#1240,.T.);
#3441=EDGE_CURVE('',#2974,#2972,#1241,.T.);
#3442=EDGE_CURVE('',#2975,#2973,#1242,.T.);
#3443=EDGE_CURVE('',#2975,#2976,#1243,.T.);
#3444=EDGE_CURVE('',#2976,#2974,#1244,.T.);
#3445=EDGE_CURVE('',#2977,#2975,#1245,.T.);
#3446=EDGE_CURVE('',#2978,#2977,#1246,.T.);
#3447=EDGE_CURVE('',#2978,#2976,#1247,.T.);
#3448=EDGE_CURVE('',#2979,#2977,#1248,.T.);
#3449=EDGE_CURVE('',#2979,#2978,#1249,.T.);
#3450=EDGE_CURVE('',#2980,#2979,#1250,.T.);
#3451=EDGE_CURVE('',#2981,#2980,#1251,.T.);
#3452=EDGE_CURVE('',#2981,#2978,#1252,.T.);
#3453=EDGE_CURVE('',#2982,#2980,#1253,.T.);
#3454=EDGE_CURVE('',#2982,#2981,#1254,.T.);
#3455=EDGE_CURVE('',#2983,#2982,#1255,.T.);
#3456=EDGE_CURVE('',#2983,#2984,#1256,.T.);
#3457=EDGE_CURVE('',#2984,#2981,#1257,.T.);
#3458=EDGE_CURVE('',#2985,#2983,#1258,.T.);
#3459=EDGE_CURVE('',#2986,#2985,#1259,.T.);
#3460=EDGE_CURVE('',#2986,#2984,#1260,.T.);
#3461=EDGE_CURVE('',#2987,#2985,#1261,.T.);
#3462=EDGE_CURVE('',#2987,#2986,#1262,.T.);
#3463=EDGE_CURVE('',#2988,#2987,#1263,.T.);
#3464=EDGE_CURVE('',#2988,#2989,#1264,.T.);
#3465=EDGE_CURVE('',#2989,#2986,#1265,.T.);
#3466=EDGE_CURVE('',#2990,#2988,#1266,.T.);
#3467=EDGE_CURVE('',#2990,#2991,#1267,.T.);
#3468=EDGE_CURVE('',#2991,#2989,#1268,.T.);
#3469=EDGE_CURVE('',#2992,#2990,#1269,.T.);
#3470=EDGE_CURVE('',#2992,#2993,#1270,.T.);
#3471=EDGE_CURVE('',#2993,#2991,#1271,.T.);
#3472=EDGE_CURVE('',#2994,#2992,#1272,.T.);
#3473=EDGE_CURVE('',#2994,#2995,#1273,.T.);
#3474=EDGE_CURVE('',#2995,#2993,#1274,.T.);
#3475=EDGE_CURVE('',#2915,#2996,#1275,.T.);
#3476=EDGE_CURVE('',#2918,#2996,#1276,.T.);
#3477=EDGE_CURVE('',#2908,#2997,#1277,.T.);
#3478=EDGE_CURVE('',#2906,#2997,#1278,.T.);
#3479=EDGE_CURVE('',#2998,#2996,#1279,.T.);
#3480=EDGE_CURVE('',#2999,#2998,#1280,.T.);
#3481=EDGE_CURVE('',#2999,#2996,#1281,.T.);
#3482=EDGE_CURVE('',#2999,#3000,#1282,.T.);
#3483=EDGE_CURVE('',#2999,#3001,#1283,.T.);
#3484=EDGE_CURVE('',#3001,#3000,#1284,.T.);
#3485=EDGE_CURVE('',#3000,#2904,#1285,.T.);
#3486=EDGE_CURVE('',#2902,#3000,#1286,.T.);
#3487=EDGE_CURVE('',#3001,#2896,#1287,.T.);
#3488=EDGE_CURVE('',#2896,#3000,#1288,.T.);
#3489=EDGE_CURVE('',#3001,#2886,#1289,.T.);
#3490=EDGE_CURVE('',#3001,#2889,#1290,.T.);
#3491=EDGE_CURVE('',#3001,#2883,#1291,.T.);
#3492=EDGE_CURVE('',#2877,#3001,#1292,.T.);
#3493=EDGE_CURVE('',#2875,#3001,#1293,.T.);
#3494=EDGE_CURVE('',#3002,#3001,#1294,.T.);
#3495=EDGE_CURVE('',#3002,#2868,#1295,.T.);
#3496=EDGE_CURVE('',#2868,#3001,#1296,.T.);
#3497=EDGE_CURVE('',#3002,#3003,#1297,.T.);
#3498=EDGE_CURVE('',#3003,#3004,#1298,.T.);
#3499=EDGE_CURVE('',#3002,#3004,#1299,.T.);
#3500=EDGE_CURVE('',#3005,#3006,#1300,.T.);
#3501=EDGE_CURVE('',#3005,#3004,#1301,.T.);
#3502=EDGE_CURVE('',#3006,#3003,#1302,.T.);
#3503=EDGE_CURVE('',#3007,#3008,#1303,.T.);
#3504=EDGE_CURVE('',#3007,#3009,#1304,.T.);
#3505=EDGE_CURVE('',#3010,#3009,#1305,.T.);
#3506=EDGE_CURVE('',#3010,#3008,#1306,.T.);
#3507=EDGE_CURVE('',#3011,#3012,#1307,.T.);
#3508=EDGE_CURVE('',#3011,#3013,#1308,.T.);
#3509=EDGE_CURVE('',#3014,#3013,#1309,.T.);
#3510=EDGE_CURVE('',#3014,#3012,#1310,.T.);
#3511=EDGE_CURVE('',#3015,#3014,#1311,.T.);
#3512=EDGE_CURVE('',#3015,#3013,#1312,.T.);
#3513=EDGE_CURVE('',#3016,#3017,#1313,.T.);
#3514=EDGE_CURVE('',#3015,#3016,#1314,.T.);
#3515=EDGE_CURVE('',#3015,#3017,#1315,.T.);
#3516=EDGE_CURVE('',#3018,#3017,#1316,.T.);
#3517=EDGE_CURVE('',#3018,#3019,#1317,.T.);
#3518=EDGE_CURVE('',#3019,#3017,#1318,.T.);
#3519=EDGE_CURVE('',#3020,#3021,#1319,.T.);
#3520=EDGE_CURVE('',#3020,#3022,#1320,.T.);
#3521=EDGE_CURVE('',#3023,#3022,#1321,.T.);
#3522=EDGE_CURVE('',#3021,#3023,#1322,.T.);
#3523=EDGE_CURVE('',#3002,#2999,#1323,.T.);
#3524=EDGE_CURVE('',#3024,#3016,#1324,.T.);
#3525=EDGE_CURVE('',#3024,#3025,#1325,.T.);
#3526=EDGE_CURVE('',#3025,#3016,#1326,.T.);
#3527=EDGE_CURVE('',#3026,#2999,#1327,.T.);
#3528=EDGE_CURVE('',#3027,#3026,#1328,.T.);
#3529=EDGE_CURVE('',#3027,#2999,#1329,.T.);
#3530=EDGE_CURVE('',#3028,#3024,#1330,.T.);
#3531=EDGE_CURVE('',#3029,#3028,#1331,.T.);
#3532=EDGE_CURVE('',#3029,#3024,#1332,.T.);
#3533=EDGE_CURVE('',#3030,#3027,#1333,.T.);
#3534=EDGE_CURVE('',#3027,#3031,#1334,.T.);
#3535=EDGE_CURVE('',#3030,#3031,#1335,.T.);
#3536=EDGE_CURVE('',#3032,#3030,#1336,.T.);
#3537=EDGE_CURVE('',#3033,#3032,#1337,.T.);
#3538=EDGE_CURVE('',#3033,#3030,#1338,.T.);
#3539=EDGE_CURVE('',#3034,#3028,#1339,.T.);
#3540=EDGE_CURVE('',#3034,#3035,#1340,.T.);
#3541=EDGE_CURVE('',#3035,#3028,#1341,.T.);
#3542=EDGE_CURVE('',#3036,#3037,#1342,.T.);
#3543=EDGE_CURVE('',#3036,#3033,#1343,.T.);
#3544=EDGE_CURVE('',#3037,#3033,#1344,.T.);
#3545=EDGE_CURVE('',#3038,#3036,#1345,.T.);
#3546=EDGE_CURVE('',#3039,#3036,#1346,.T.);
#3547=EDGE_CURVE('',#3038,#3039,#1347,.T.);
#3548=EDGE_CURVE('',#3040,#3041,#1348,.T.);
#3549=EDGE_CURVE('',#3040,#3038,#1349,.T.);
#3550=EDGE_CURVE('',#3038,#3041,#1350,.T.);
#3551=EDGE_CURVE('',#3042,#3043,#1351,.T.);
#3552=EDGE_CURVE('',#3042,#3040,#1352,.T.);
#3553=EDGE_CURVE('',#3040,#3043,#1353,.T.);
#3554=EDGE_CURVE('',#3044,#3034,#1354,.T.);
#3555=EDGE_CURVE('',#3044,#3045,#1355,.T.);
#3556=EDGE_CURVE('',#3045,#3034,#1356,.T.);
#3557=EDGE_CURVE('',#3046,#3042,#1357,.T.);
#3558=EDGE_CURVE('',#3047,#3042,#1358,.T.);
#3559=EDGE_CURVE('',#3046,#3047,#1359,.T.);
#3560=EDGE_CURVE('',#3048,#3044,#1360,.T.);
#3561=EDGE_CURVE('',#3049,#3048,#1361,.T.);
#3562=EDGE_CURVE('',#3049,#3044,#1362,.T.);
#3563=EDGE_CURVE('',#3048,#3050,#1363,.T.);
#3564=EDGE_CURVE('',#3051,#3050,#1364,.T.);
#3565=EDGE_CURVE('',#3048,#3051,#1365,.T.);
#3566=EDGE_CURVE('',#3046,#3052,#1366,.T.);
#3567=EDGE_CURVE('',#3046,#3053,#1367,.T.);
#3568=EDGE_CURVE('',#3052,#3053,#1368,.T.);
#3569=EDGE_CURVE('',#3054,#3055,#1369,.T.);
#3570=EDGE_CURVE('',#3056,#3054,#1370,.T.);
#3571=EDGE_CURVE('',#3056,#3052,#1371,.T.);
#3572=EDGE_CURVE('',#3055,#3052,#1372,.T.);
#3573=EDGE_CURVE('',#3056,#3057,#1373,.T.);
#3574=EDGE_CURVE('',#3056,#3058,#1374,.T.);
#3575=EDGE_CURVE('',#3057,#3058,#1375,.T.);
#3576=EDGE_CURVE('',#3048,#3059,#1376,.T.);
#3577=EDGE_CURVE('',#3049,#3059,#1377,.T.);
#3578=EDGE_CURVE('',#3060,#3061,#1378,.T.);
#3579=EDGE_CURVE('',#3059,#3060,#1379,.T.);
#3580=EDGE_CURVE('',#3059,#3061,#1380,.T.);
#3581=EDGE_CURVE('',#3056,#3062,#1381,.T.);
#3582=EDGE_CURVE('',#3063,#3062,#1382,.T.);
#3583=EDGE_CURVE('',#3056,#3063,#1383,.T.);
#3584=EDGE_CURVE('',#3056,#3064,#1384,.T.);
#3585=EDGE_CURVE('',#3062,#3064,#1385,.T.);
#3586=EDGE_CURVE('',#3065,#3064,#1386,.T.);
#3587=EDGE_CURVE('',#3065,#3066,#1387,.T.);
#3588=EDGE_CURVE('',#3064,#3066,#1388,.T.);
#3589=EDGE_CURVE('',#3060,#3067,#1389,.T.);
#3590=EDGE_CURVE('',#3067,#3068,#1390,.T.);
#3591=EDGE_CURVE('',#3060,#3068,#1391,.T.);
#3592=EDGE_CURVE('',#3065,#3069,#1392,.T.);
#3593=EDGE_CURVE('',#3066,#3069,#1393,.T.);
#3594=EDGE_CURVE('',#3070,#3071,#1394,.T.);
#3595=EDGE_CURVE('',#3069,#3070,#1395,.T.);
#3596=EDGE_CURVE('',#3069,#3071,#1396,.T.);
#3597=EDGE_CURVE('',#3070,#3072,#1397,.T.);
#3598=EDGE_CURVE('',#3070,#3073,#1398,.T.);
#3599=EDGE_CURVE('',#3073,#3072,#1399,.T.);
#3600=EDGE_CURVE('',#3074,#3072,#1400,.T.);
#3601=EDGE_CURVE('',#3075,#3074,#1401,.T.);
#3602=EDGE_CURVE('',#3075,#3072,#1402,.T.);
#3603=EDGE_CURVE('',#3076,#3068,#1403,.T.);
#3604=EDGE_CURVE('',#3077,#3076,#1404,.T.);
#3605=EDGE_CURVE('',#3077,#3068,#1405,.T.);
#3606=EDGE_CURVE('',#3078,#3079,#1406,.T.);
#3607=EDGE_CURVE('',#3074,#3078,#1407,.T.);
#3608=EDGE_CURVE('',#3074,#3079,#1408,.T.);
#3609=EDGE_CURVE('',#3080,#3078,#1409,.T.);
#3610=EDGE_CURVE('',#3081,#3080,#1410,.T.);
#3611=EDGE_CURVE('',#3081,#3078,#1411,.T.);
#3612=EDGE_CURVE('',#3049,#3060,#1412,.T.);
#3613=EDGE_CURVE('',#3060,#3077,#1413,.T.);
#3614=EDGE_CURVE('',#3049,#3077,#1414,.T.);
#3615=EDGE_CURVE('',#3049,#3076,#1415,.T.);
#3616=EDGE_CURVE('',#3082,#3083,#1416,.T.);
#3617=EDGE_CURVE('',#3080,#3082,#1417,.T.);
#3618=EDGE_CURVE('',#3080,#3083,#1418,.T.);
#3619=EDGE_CURVE('',#3045,#3084,#1419,.T.);
#3620=EDGE_CURVE('',#3084,#3034,#1420,.T.);
#3621=EDGE_CURVE('',#3035,#3085,#1421,.T.);
#3622=EDGE_CURVE('',#3085,#3028,#1422,.T.);
#3623=EDGE_CURVE('',#3080,#3086,#1423,.T.);
#3624=EDGE_CURVE('',#3086,#3083,#1424,.T.);
#3625=EDGE_CURVE('',#3087,#3088,#1425,.T.);
#3626=EDGE_CURVE('',#3029,#3088,#1426,.T.);
#3627=EDGE_CURVE('',#3087,#3029,#1427,.T.);
#3628=EDGE_CURVE('',#3088,#3089,#1428,.T.);
#3629=EDGE_CURVE('',#3088,#3090,#1429,.T.);
#3630=EDGE_CURVE('',#3090,#3089,#1430,.T.);
#3631=EDGE_CURVE('',#3090,#3091,#1431,.T.);
#3632=EDGE_CURVE('',#3089,#3091,#1432,.T.);
#3633=EDGE_CURVE('',#3092,#3079,#1433,.T.);
#3634=EDGE_CURVE('',#3078,#3092,#1434,.T.);
#3635=EDGE_CURVE('',#3029,#3089,#1435,.T.);
#3636=EDGE_CURVE('',#3089,#3024,#1436,.T.);
#3637=EDGE_CURVE('',#3091,#3024,#1437,.T.);
#3638=EDGE_CURVE('',#3091,#3093,#1438,.T.);
#3639=EDGE_CURVE('',#3093,#3024,#1439,.T.);
#3640=EDGE_CURVE('',#3025,#3094,#1440,.T.);
#3641=EDGE_CURVE('',#3094,#3016,#1441,.T.);
#3642=EDGE_CURVE('',#3074,#3095,#1442,.T.);
#3643=EDGE_CURVE('',#3095,#3079,#1443,.T.);
#3644=EDGE_CURVE('',#3074,#3096,#1444,.T.);
#3645=EDGE_CURVE('',#3096,#3095,#1445,.T.);
#3646=EDGE_CURVE('',#3097,#3098,#1446,.T.);
#3647=EDGE_CURVE('',#3096,#3098,#1447,.T.);
#3648=EDGE_CURVE('',#3097,#3096,#1448,.T.);
#3649=EDGE_CURVE('',#3099,#3098,#1449,.T.);
#3650=EDGE_CURVE('',#3100,#3098,#1450,.T.);
#3651=EDGE_CURVE('',#3100,#3099,#1451,.T.);
#3652=EDGE_CURVE('',#3015,#3101,#1452,.T.);
#3653=EDGE_CURVE('',#3102,#3015,#1453,.T.);
#3654=EDGE_CURVE('',#3102,#3101,#1454,.T.);
#3655=EDGE_CURVE('',#3103,#3104,#1455,.T.);
#3656=EDGE_CURVE('',#3103,#3099,#1456,.T.);
#3657=EDGE_CURVE('',#3104,#3100,#1457,.T.);
#3658=EDGE_CURVE('',#3105,#3106,#1458,.T.);
#3659=EDGE_CURVE('',#3105,#3107,#1459,.T.);
#3660=EDGE_CURVE('',#3108,#3107,#1460,.T.);
#3661=EDGE_CURVE('',#3108,#3106,#1461,.T.);
#3662=EDGE_CURVE('',#3109,#3110,#1462,.T.);
#3663=EDGE_CURVE('',#3109,#3111,#1463,.T.);
#3664=EDGE_CURVE('',#3112,#3111,#1464,.T.);
#3665=EDGE_CURVE('',#3110,#3112,#1465,.T.);
#3666=EDGE_CURVE('',#3112,#3113,#1466,.T.);
#3667=EDGE_CURVE('',#3113,#3111,#1467,.T.);
#3668=EDGE_CURVE('',#3114,#3105,#1468,.T.);
#3669=EDGE_CURVE('',#3114,#3115,#1469,.T.);
#3670=EDGE_CURVE('',#3107,#3115,#1470,.T.);
#3671=EDGE_CURVE('',#3116,#3113,#1471,.T.);
#3672=EDGE_CURVE('',#3116,#3117,#1472,.T.);
#3673=EDGE_CURVE('',#3117,#3113,#1473,.T.);
#3674=EDGE_CURVE('',#3118,#3119,#1474,.T.);
#3675=EDGE_CURVE('',#3118,#3116,#1475,.T.);
#3676=EDGE_CURVE('',#3119,#3116,#1476,.T.);
#3677=EDGE_CURVE('',#3070,#3120,#1477,.T.);
#3678=EDGE_CURVE('',#3120,#3073,#1478,.T.);
#3679=EDGE_CURVE('',#3118,#3121,#1479,.T.);
#3680=EDGE_CURVE('',#3122,#3121,#1480,.T.);
#3681=EDGE_CURVE('',#3118,#3122,#1481,.T.);
#3682=EDGE_CURVE('',#3065,#3123,#1482,.T.);
#3683=EDGE_CURVE('',#3123,#3124,#1483,.T.);
#3684=EDGE_CURVE('',#3065,#3124,#1484,.T.);
#3685=EDGE_CURVE('',#3125,#3126,#1485,.T.);
#3686=EDGE_CURVE('',#3124,#3125,#1486,.T.);
#3687=EDGE_CURVE('',#3124,#3126,#1487,.T.);
#3688=EDGE_CURVE('',#3126,#3127,#1488,.T.);
#3689=EDGE_CURVE('',#3123,#3127,#1489,.T.);
#3690=EDGE_CURVE('',#3127,#3128,#1490,.T.);
#3691=EDGE_CURVE('',#3128,#3123,#1491,.T.);
#3692=EDGE_CURVE('',#3128,#3129,#1492,.T.);
#3693=EDGE_CURVE('',#3129,#3065,#1493,.T.);
#3694=EDGE_CURVE('',#3129,#3130,#1494,.T.);
#3695=EDGE_CURVE('',#3130,#3065,#1495,.T.);
#3696=EDGE_CURVE('',#3056,#3065,#1496,.T.);
#3697=EDGE_CURVE('',#3130,#3131,#1497,.T.);
#3698=EDGE_CURVE('',#3056,#3131,#1498,.T.);
#3699=EDGE_CURVE('',#3131,#3054,#1499,.T.);
#3700=EDGE_CURVE('',#3132,#3133,#1500,.T.);
#3701=EDGE_CURVE('',#3132,#3134,#1501,.T.);
#3702=EDGE_CURVE('',#3134,#3133,#1502,.T.);
#3703=EDGE_CURVE('',#3135,#3136,#1503,.T.);
#3704=EDGE_CURVE('',#3135,#3137,#1504,.T.);
#3705=EDGE_CURVE('',#3137,#3138,#1505,.T.);
#3706=EDGE_CURVE('',#3136,#3138,#1506,.T.);
#3707=EDGE_CURVE('',#3139,#3140,#1507,.T.);
#3708=EDGE_CURVE('',#3139,#3141,#1508,.T.);
#3709=EDGE_CURVE('',#3141,#3140,#1509,.T.);
#3710=EDGE_CURVE('',#3046,#3142,#1510,.T.);
#3711=EDGE_CURVE('',#3053,#3142,#1511,.T.);
#3712=EDGE_CURVE('',#3055,#3143,#1512,.T.);
#3713=EDGE_CURVE('',#3143,#3053,#1513,.T.);
#3714=EDGE_CURVE('',#3143,#3144,#1514,.T.);
#3715=EDGE_CURVE('',#3144,#3142,#1515,.T.);
#3716=EDGE_CURVE('',#3144,#3132,#1516,.T.);
#3717=EDGE_CURVE('',#3142,#3134,#1517,.T.);
#3718=EDGE_CURVE('',#3046,#3134,#1518,.T.);
#3719=EDGE_CURVE('',#3133,#3135,#1519,.T.);
#3720=EDGE_CURVE('',#3134,#3137,#1520,.T.);
#3721=EDGE_CURVE('',#3046,#3137,#1521,.T.);
#3722=EDGE_CURVE('',#3046,#3138,#1522,.T.);
#3723=EDGE_CURVE('',#3046,#3145,#1523,.T.);
#3724=EDGE_CURVE('',#3046,#3146,#1524,.T.);
#3725=EDGE_CURVE('',#3145,#3146,#1525,.T.);
#3726=EDGE_CURVE('',#3046,#3147,#1526,.T.);
#3727=EDGE_CURVE('',#3146,#3147,#1527,.T.);
#3728=EDGE_CURVE('',#3042,#3148,#1528,.T.);
#3729=EDGE_CURVE('',#3047,#3148,#1529,.T.);
#3730=EDGE_CURVE('',#3148,#3043,#1530,.T.);
#3731=EDGE_CURVE('',#3043,#3149,#1531,.T.);
#3732=EDGE_CURVE('',#3040,#3149,#1532,.T.);
#3733=EDGE_CURVE('',#3040,#3150,#1533,.T.);
#3734=EDGE_CURVE('',#3149,#3150,#1534,.T.);
#3735=EDGE_CURVE('',#3150,#3041,#1535,.T.);
#3736=EDGE_CURVE('',#3041,#3151,#1536,.T.);
#3737=EDGE_CURVE('',#3038,#3151,#1537,.T.);
#3738=EDGE_CURVE('',#3038,#3152,#1538,.T.);
#3739=EDGE_CURVE('',#3151,#3152,#1539,.T.);
#3740=EDGE_CURVE('',#3038,#3153,#1540,.T.);
#3741=EDGE_CURVE('',#3152,#3153,#1541,.T.);
#3742=EDGE_CURVE('',#3038,#3154,#1542,.T.);
#3743=EDGE_CURVE('',#3153,#3154,#1543,.T.);
#3744=EDGE_CURVE('',#3038,#3155,#1544,.T.);
#3745=EDGE_CURVE('',#3154,#3155,#1545,.T.);
#3746=EDGE_CURVE('',#3156,#3157,#1546,.T.);
#3747=EDGE_CURVE('',#3158,#3156,#1547,.T.);
#3748=EDGE_CURVE('',#3158,#3159,#1548,.T.);
#3749=EDGE_CURVE('',#3157,#3159,#1549,.T.);
#3750=EDGE_CURVE('',#3038,#3160,#1550,.T.);
#3751=EDGE_CURVE('',#3161,#3160,#1551,.T.);
#3752=EDGE_CURVE('',#3038,#3161,#1552,.T.);
#3753=EDGE_CURVE('',#3162,#3163,#1553,.T.);
#3754=EDGE_CURVE('',#3162,#3161,#1554,.T.);
#3755=EDGE_CURVE('',#3163,#3160,#1555,.T.);
#3756=EDGE_CURVE('',#3164,#3165,#1556,.T.);
#3757=EDGE_CURVE('',#3164,#3166,#1557,.T.);
#3758=EDGE_CURVE('',#3166,#3165,#1558,.T.);
#3759=EDGE_CURVE('',#3163,#3164,#1559,.T.);
#3760=EDGE_CURVE('',#3160,#3166,#1560,.T.);
#3761=EDGE_CURVE('',#3038,#3166,#1561,.T.);
#3762=EDGE_CURVE('',#3166,#3039,#1562,.T.);
#3763=EDGE_CURVE('',#3165,#3167,#1563,.T.);
#3764=EDGE_CURVE('',#3167,#3039,#1564,.T.);
#3765=EDGE_CURVE('',#3167,#3168,#1565,.T.);
#3766=EDGE_CURVE('',#3039,#3168,#1566,.T.);
#3767=EDGE_CURVE('',#2921,#2996,#1567,.T.);
#3768=EDGE_CURVE('',#2923,#2996,#1568,.T.);
#3769=EDGE_CURVE('',#3169,#2996,#1569,.T.);
#3770=EDGE_CURVE('',#3169,#3170,#1570,.T.);
#3771=EDGE_CURVE('',#3170,#2996,#1571,.T.);
#3772=EDGE_CURVE('',#2942,#3169,#1572,.T.);
#3773=EDGE_CURVE('',#2940,#3169,#1573,.T.);
#3774=EDGE_CURVE('',#3171,#3169,#1574,.T.);
#3775=EDGE_CURVE('',#2942,#3171,#1575,.T.);
#3776=EDGE_CURVE('',#3172,#3173,#1576,.T.);
#3777=EDGE_CURVE('',#2960,#3173,#1577,.T.);
#3778=EDGE_CURVE('',#3172,#2960,#1578,.T.);
#3779=EDGE_CURVE('',#3174,#3175,#1579,.T.);
#3780=EDGE_CURVE('',#3173,#3175,#1580,.T.);
#3781=EDGE_CURVE('',#3174,#3173,#1581,.T.);
#3782=EDGE_CURVE('',#3175,#3176,#1582,.T.);
#3783=EDGE_CURVE('',#3177,#3176,#1583,.T.);
#3784=EDGE_CURVE('',#3175,#3177,#1584,.T.);
#3785=EDGE_CURVE('',#3169,#3178,#1585,.T.);
#3786=EDGE_CURVE('',#3178,#3170,#1586,.T.);
#3787=EDGE_CURVE('',#3170,#3179,#1587,.T.);
#3788=EDGE_CURVE('',#3170,#3180,#1588,.T.);
#3789=EDGE_CURVE('',#3180,#3179,#1589,.T.);
#3790=EDGE_CURVE('',#3181,#3182,#1590,.T.);
#3791=EDGE_CURVE('',#3176,#3182,#1591,.T.);
#3792=EDGE_CURVE('',#3181,#3176,#1592,.T.);
#3793=EDGE_CURVE('',#3179,#2996,#1593,.T.);
#3794=EDGE_CURVE('',#3179,#2998,#1594,.T.);
#3795=EDGE_CURVE('',#3180,#2998,#1595,.T.);
#3796=EDGE_CURVE('',#3180,#3183,#1596,.T.);
#3797=EDGE_CURVE('',#3183,#2998,#1597,.T.);
#3798=EDGE_CURVE('',#3181,#3184,#1598,.T.);
#3799=EDGE_CURVE('',#3182,#3184,#1599,.T.);
#3800=EDGE_CURVE('',#3185,#3186,#1600,.T.);
#3801=EDGE_CURVE('',#3186,#3184,#1601,.T.);
#3802=EDGE_CURVE('',#3185,#3184,#1602,.T.);
#3803=EDGE_CURVE('',#3187,#2999,#1603,.T.);
#3804=EDGE_CURVE('',#3026,#3187,#1604,.T.);
#3805=EDGE_CURVE('',#3188,#3189,#1605,.T.);
#3806=EDGE_CURVE('',#3189,#3026,#1606,.T.);
#3807=EDGE_CURVE('',#3188,#3026,#1607,.T.);
#3808=EDGE_CURVE('',#3190,#3184,#1608,.T.);
#3809=EDGE_CURVE('',#3185,#3190,#1609,.T.);
#3810=EDGE_CURVE('',#3191,#3192,#1610,.T.);
#3811=EDGE_CURVE('',#3191,#3190,#1611,.T.);
#3812=EDGE_CURVE('',#3190,#3192,#1612,.T.);
#3813=EDGE_CURVE('',#3193,#3190,#1613,.T.);
#3814=EDGE_CURVE('',#3193,#3192,#1614,.T.);
#3815=EDGE_CURVE('',#3194,#3195,#1615,.T.);
#3816=EDGE_CURVE('',#3195,#3193,#1616,.T.);
#3817=EDGE_CURVE('',#3194,#3193,#1617,.T.);
#3818=EDGE_CURVE('',#3196,#3195,#1618,.T.);
#3819=EDGE_CURVE('',#3196,#3194,#1619,.T.);
#3820=EDGE_CURVE('',#3197,#3030,#1620,.T.);
#3821=EDGE_CURVE('',#3032,#3197,#1621,.T.);
#3822=EDGE_CURVE('',#3198,#3196,#1622,.T.);
#3823=EDGE_CURVE('',#3196,#3199,#1623,.T.);
#3824=EDGE_CURVE('',#3198,#3199,#1624,.T.);
#3825=EDGE_CURVE('',#3200,#3201,#1625,.T.);
#3826=EDGE_CURVE('',#3201,#3032,#1626,.T.);
#3827=EDGE_CURVE('',#3200,#3032,#1627,.T.);
#3828=EDGE_CURVE('',#3199,#3194,#1628,.T.);
#3829=EDGE_CURVE('',#3199,#3193,#1629,.T.);
#3830=EDGE_CURVE('',#3199,#3190,#1630,.T.);
#3831=EDGE_CURVE('',#3190,#3202,#1631,.T.);
#3832=EDGE_CURVE('',#3199,#3202,#1632,.T.);
#3833=EDGE_CURVE('',#3202,#3184,#1633,.T.);
#3834=EDGE_CURVE('',#3202,#3181,#1634,.T.);
#3835=EDGE_CURVE('',#3199,#3181,#1635,.T.);
#3836=EDGE_CURVE('',#3203,#3181,#1636,.T.);
#3837=EDGE_CURVE('',#3199,#3203,#1637,.T.);
#3838=EDGE_CURVE('',#3204,#3205,#1638,.T.);
#3839=EDGE_CURVE('',#3204,#3203,#1639,.T.);
#3840=EDGE_CURVE('',#3205,#3203,#1640,.T.);
#3841=EDGE_CURVE('',#3206,#3172,#1641,.T.);
#3842=EDGE_CURVE('',#2967,#3172,#1642,.T.);
#3843=EDGE_CURVE('',#3206,#2967,#1643,.T.);
#3844=EDGE_CURVE('',#3206,#2974,#1644,.T.);
#3845=EDGE_CURVE('',#2976,#3206,#1645,.T.);
#3846=EDGE_CURVE('',#3037,#2991,#1646,.T.);
#3847=EDGE_CURVE('',#3037,#2989,#1647,.T.);
#3848=EDGE_CURVE('',#3207,#2994,#1648,.T.);
#3849=EDGE_CURVE('',#3207,#3208,#1649,.T.);
#3850=EDGE_CURVE('',#3208,#2995,#1650,.T.);
#3851=EDGE_CURVE('',#3168,#3207,#1651,.T.);
#3852=EDGE_CURVE('',#3039,#3208,#1652,.T.);
#3853=EDGE_CURVE('',#3036,#3208,#1653,.T.);
#3854=EDGE_CURVE('',#3036,#2995,#1654,.T.);
#3855=EDGE_CURVE('',#3036,#2993,#1655,.T.);
#3856=EDGE_CURVE('',#3037,#2993,#1656,.T.);
#3857=EDGE_CURVE('',#3037,#2986,#1657,.T.);
#3858=EDGE_CURVE('',#3037,#2984,#1658,.T.);
#3859=EDGE_CURVE('',#3037,#2981,#1659,.T.);
#3860=EDGE_CURVE('',#3037,#2978,#1660,.T.);
#3861=EDGE_CURVE('',#3206,#2972,#1661,.T.);
#3862=EDGE_CURVE('',#3172,#2965,#1662,.T.);
#3863=EDGE_CURVE('',#3172,#2962,#1663,.T.);
#3864=EDGE_CURVE('',#3206,#2969,#1664,.T.);
#3865=EDGE_CURVE('',#3037,#2976,#1665,.T.);
#3866=EDGE_CURVE('',#3037,#3206,#1666,.T.);
#3867=EDGE_CURVE('',#3033,#3206,#1667,.T.);
#3868=EDGE_CURVE('',#3033,#3172,#1668,.T.);
#3869=EDGE_CURVE('',#3209,#3181,#1669,.T.);
#3870=EDGE_CURVE('',#3203,#3209,#1670,.T.);
#3871=EDGE_CURVE('',#3209,#3176,#1671,.T.);
#3872=EDGE_CURVE('',#3175,#3209,#1672,.T.);
#3873=EDGE_CURVE('',#3203,#3175,#1673,.T.);
#3874=EDGE_CURVE('',#3203,#3174,#1674,.T.);
#3875=EDGE_CURVE('',#3205,#3174,#1675,.T.);
#3876=EDGE_CURVE('',#3205,#3173,#1676,.T.);
#3877=EDGE_CURVE('',#3172,#3205,#1677,.T.);
#3878=EDGE_CURVE('',#3033,#3205,#1678,.T.);
#3879=EDGE_CURVE('',#3033,#3204,#1679,.T.);
#3880=EDGE_CURVE('',#3201,#3033,#1680,.T.);
#3881=EDGE_CURVE('',#3201,#3204,#1681,.T.);
#3882=EDGE_CURVE('',#3200,#3204,#1682,.T.);
#3883=EDGE_CURVE('',#3200,#3203,#1683,.T.);
#3884=EDGE_CURVE('',#3200,#3199,#1684,.T.);
#3885=EDGE_CURVE('',#3200,#3198,#1685,.T.);
#3886=EDGE_CURVE('',#3032,#3198,#1686,.T.);
#3887=EDGE_CURVE('',#3198,#3197,#1687,.T.);
#3888=EDGE_CURVE('',#3197,#3196,#1688,.T.);
#3889=EDGE_CURVE('',#3030,#3196,#1689,.T.);
#3890=EDGE_CURVE('',#3030,#3195,#1690,.T.);
#3891=EDGE_CURVE('',#3195,#3031,#1691,.T.);
#3892=EDGE_CURVE('',#3193,#3031,#1692,.T.);
#3893=EDGE_CURVE('',#3192,#3031,#1693,.T.);
#3894=EDGE_CURVE('',#3191,#3031,#1694,.T.);
#3895=EDGE_CURVE('',#3027,#3191,#1695,.T.);
#3896=EDGE_CURVE('',#3189,#3027,#1696,.T.);
#3897=EDGE_CURVE('',#3189,#3191,#1697,.T.);
#3898=EDGE_CURVE('',#3188,#3191,#1698,.T.);
#3899=EDGE_CURVE('',#3188,#3190,#1699,.T.);
#3900=EDGE_CURVE('',#3188,#3185,#1700,.T.);
#3901=EDGE_CURVE('',#3026,#3185,#1701,.T.);
#3902=EDGE_CURVE('',#3185,#3187,#1702,.T.);
#3903=EDGE_CURVE('',#3187,#3186,#1703,.T.);
#3904=EDGE_CURVE('',#2999,#3186,#1704,.T.);
#3905=EDGE_CURVE('',#3186,#2998,#1705,.T.);
#3906=EDGE_CURVE('',#3184,#2998,#1706,.T.);
#3907=EDGE_CURVE('',#3183,#3184,#1707,.T.);
#3908=EDGE_CURVE('',#3182,#3183,#1708,.T.);
#3909=EDGE_CURVE('',#3180,#3182,#1709,.T.);
#3910=EDGE_CURVE('',#3176,#3180,#1710,.T.);
#3911=EDGE_CURVE('',#3170,#3176,#1711,.T.);
#3912=EDGE_CURVE('',#3178,#3176,#1712,.T.);
#3913=EDGE_CURVE('',#3177,#3178,#1713,.T.);
#3914=EDGE_CURVE('',#3169,#3177,#1714,.T.);
#3915=EDGE_CURVE('',#3171,#3177,#1715,.T.);
#3916=EDGE_CURVE('',#3175,#3171,#1716,.T.);
#3917=EDGE_CURVE('',#3173,#3171,#1717,.T.);
#3918=EDGE_CURVE('',#2960,#3171,#1718,.T.);
#3919=EDGE_CURVE('',#2957,#3171,#1719,.T.);
#3920=EDGE_CURVE('',#2950,#3171,#1720,.T.);
#3921=EDGE_CURVE('',#2948,#3171,#1721,.T.);
#3922=EDGE_CURVE('',#2946,#3171,#1722,.T.);
#3923=EDGE_CURVE('',#2944,#3171,#1723,.T.);
#3924=EDGE_CURVE('',#2938,#3169,#1724,.T.);
#3925=EDGE_CURVE('',#2936,#3169,#1725,.T.);
#3926=EDGE_CURVE('',#2934,#3169,#1726,.T.);
#3927=EDGE_CURVE('',#2934,#2996,#1727,.T.);
#3928=EDGE_CURVE('',#2926,#2996,#1728,.T.);
#3929=EDGE_CURVE('',#3157,#3210,#1729,.T.);
#3930=EDGE_CURVE('',#3159,#3210,#1730,.T.);
#3931=EDGE_CURVE('',#3210,#3162,#1731,.T.);
#3932=EDGE_CURVE('',#3159,#3161,#1732,.T.);
#3933=EDGE_CURVE('',#3038,#3159,#1733,.T.);
#3934=EDGE_CURVE('',#3038,#3158,#1734,.T.);
#3935=EDGE_CURVE('',#3155,#3158,#1735,.T.);
#3936=EDGE_CURVE('',#3211,#3156,#1736,.T.);
#3937=EDGE_CURVE('',#3155,#3211,#1737,.T.);
#3938=EDGE_CURVE('',#3212,#3211,#1738,.T.);
#3939=EDGE_CURVE('',#3212,#3155,#1739,.T.);
#3940=EDGE_CURVE('',#3213,#3212,#1740,.T.);
#3941=EDGE_CURVE('',#3213,#3154,#1741,.T.);
#3942=EDGE_CURVE('',#3214,#3213,#1742,.T.);
#3943=EDGE_CURVE('',#3214,#3153,#1743,.T.);
#3944=EDGE_CURVE('',#3215,#3214,#1744,.T.);
#3945=EDGE_CURVE('',#3215,#3152,#1745,.T.);
#3946=EDGE_CURVE('',#3216,#3215,#1746,.T.);
#3947=EDGE_CURVE('',#3216,#3151,#1747,.T.);
#3948=EDGE_CURVE('',#3217,#3216,#1748,.T.);
#3949=EDGE_CURVE('',#3217,#3041,#1749,.T.);
#3950=EDGE_CURVE('',#3218,#3217,#1750,.T.);
#3951=EDGE_CURVE('',#3218,#3150,#1751,.T.);
#3952=EDGE_CURVE('',#3219,#3218,#1752,.T.);
#3953=EDGE_CURVE('',#3219,#3149,#1753,.T.);
#3954=EDGE_CURVE('',#3220,#3219,#1754,.T.);
#3955=EDGE_CURVE('',#3220,#3043,#1755,.T.);
#3956=EDGE_CURVE('',#3221,#3220,#1756,.T.);
#3957=EDGE_CURVE('',#3221,#3148,#1757,.T.);
#3958=EDGE_CURVE('',#3222,#3221,#1758,.T.);
#3959=EDGE_CURVE('',#3222,#3047,#1759,.T.);
#3960=EDGE_CURVE('',#3223,#3222,#1760,.T.);
#3961=EDGE_CURVE('',#3223,#3224,#1761,.T.);
#3962=EDGE_CURVE('',#3224,#3047,#1762,.T.);
#3963=EDGE_CURVE('',#3046,#3224,#1763,.T.);
#3964=EDGE_CURVE('',#3147,#3224,#1764,.T.);
#3965=EDGE_CURVE('',#3225,#3223,#1765,.T.);
#3966=EDGE_CURVE('',#3147,#3225,#1766,.T.);
#3967=EDGE_CURVE('',#3226,#3225,#1767,.T.);
#3968=EDGE_CURVE('',#3226,#3147,#1768,.T.);
#3969=EDGE_CURVE('',#3227,#3226,#1769,.T.);
#3970=EDGE_CURVE('',#3227,#3146,#1770,.T.);
#3971=EDGE_CURVE('',#3228,#3227,#1771,.T.);
#3972=EDGE_CURVE('',#3145,#3228,#1772,.T.);
#3973=EDGE_CURVE('',#3229,#3228,#1773,.T.);
#3974=EDGE_CURVE('',#3229,#3145,#1774,.T.);
#3975=EDGE_CURVE('',#3140,#3229,#1775,.T.);
#3976=EDGE_CURVE('',#3141,#3145,#1776,.T.);
#3977=EDGE_CURVE('',#3046,#3141,#1777,.T.);
#3978=EDGE_CURVE('',#3138,#3141,#1778,.T.);
#3979=EDGE_CURVE('',#3230,#3139,#1779,.T.);
#3980=EDGE_CURVE('',#3138,#3230,#1780,.T.);
#3981=EDGE_CURVE('',#3136,#3230,#1781,.T.);
#3982=EDGE_CURVE('',#3231,#3125,#1782,.T.);
#3983=EDGE_CURVE('',#3124,#3231,#1783,.T.);
#3984=EDGE_CURVE('',#3117,#3112,#1784,.T.);
#3985=EDGE_CURVE('',#3118,#3117,#1785,.T.);
#3986=EDGE_CURVE('',#3118,#3112,#1786,.T.);
#3987=EDGE_CURVE('',#3110,#3232,#1787,.T.);
#3988=EDGE_CURVE('',#3118,#3232,#1788,.T.);
#3989=EDGE_CURVE('',#3232,#3231,#1789,.T.);
#3990=EDGE_CURVE('',#3124,#3118,#1790,.T.);
#3991=EDGE_CURVE('',#3065,#3122,#1791,.T.);
#3992=EDGE_CURVE('',#3065,#3071,#1792,.T.);
#3993=EDGE_CURVE('',#3071,#3122,#1793,.T.);
#3994=EDGE_CURVE('',#3070,#3122,#1794,.T.);
#3995=EDGE_CURVE('',#3070,#3121,#1795,.T.);
#3996=EDGE_CURVE('',#3121,#3120,#1796,.T.);
#3997=EDGE_CURVE('',#3118,#3120,#1797,.T.);
#3998=EDGE_CURVE('',#3118,#3073,#1798,.T.);
#3999=EDGE_CURVE('',#3073,#3119,#1799,.T.);
#4000=EDGE_CURVE('',#3073,#3113,#1800,.T.);
#4001=EDGE_CURVE('',#3072,#3113,#1801,.T.);
#4002=EDGE_CURVE('',#3074,#3097,#1802,.T.);
#4003=EDGE_CURVE('',#3072,#3097,#1803,.T.);
#4004=EDGE_CURVE('',#3113,#3097,#1804,.T.);
#4005=EDGE_CURVE('',#3113,#3098,#1805,.T.);
#4006=EDGE_CURVE('',#3104,#3114,#1806,.T.);
#4007=EDGE_CURVE('',#3115,#3100,#1807,.T.);
#4008=EDGE_CURVE('',#3115,#3098,#1808,.T.);
#4009=EDGE_CURVE('',#3113,#3115,#1809,.T.);
#4010=EDGE_CURVE('',#3113,#3107,#1810,.T.);
#4011=EDGE_CURVE('',#3113,#3108,#1811,.T.);
#4012=EDGE_CURVE('',#3111,#3108,#1812,.T.);
#4013=EDGE_CURVE('',#3233,#3109,#1813,.T.);
#4014=EDGE_CURVE('',#3233,#3108,#1814,.T.);
#4015=EDGE_CURVE('',#3106,#3233,#1815,.T.);
#4016=EDGE_CURVE('',#3012,#3234,#1816,.T.);
#4017=EDGE_CURVE('',#3234,#3014,#1817,.T.);
#4018=EDGE_CURVE('',#3101,#3014,#1818,.T.);
#4019=EDGE_CURVE('',#3234,#3235,#1819,.T.);
#4020=EDGE_CURVE('',#3101,#3235,#1820,.T.);
#4021=EDGE_CURVE('',#3235,#3236,#1821,.T.);
#4022=EDGE_CURVE('',#3236,#3101,#1822,.T.);
#4023=EDGE_CURVE('',#3236,#3237,#1823,.T.);
#4024=EDGE_CURVE('',#3237,#3102,#1824,.T.);
#4025=EDGE_CURVE('',#3237,#3103,#1825,.T.);
#4026=EDGE_CURVE('',#3099,#3102,#1826,.T.);
#4027=EDGE_CURVE('',#3099,#3015,#1827,.T.);
#4028=EDGE_CURVE('',#3098,#3015,#1828,.T.);
#4029=EDGE_CURVE('',#3096,#3015,#1829,.T.);
#4030=EDGE_CURVE('',#3096,#3016,#1830,.T.);
#4031=EDGE_CURVE('',#3095,#3016,#1831,.T.);
#4032=EDGE_CURVE('',#3095,#3094,#1832,.T.);
#4033=EDGE_CURVE('',#3079,#3094,#1833,.T.);
#4034=EDGE_CURVE('',#3025,#3079,#1834,.T.);
#4035=EDGE_CURVE('',#3092,#3025,#1835,.T.);
#4036=EDGE_CURVE('',#3093,#3025,#1836,.T.);
#4037=EDGE_CURVE('',#3092,#3093,#1837,.T.);
#4038=EDGE_CURVE('',#3091,#3092,#1838,.T.);
#4039=EDGE_CURVE('',#3078,#3091,#1839,.T.);
#4040=EDGE_CURVE('',#3078,#3090,#1840,.T.);
#4041=EDGE_CURVE('',#3088,#3078,#1841,.T.);
#4042=EDGE_CURVE('',#3080,#3088,#1842,.T.);
#4043=EDGE_CURVE('',#3080,#3087,#1843,.T.);
#4044=EDGE_CURVE('',#3087,#3086,#1844,.T.);
#4045=EDGE_CURVE('',#3029,#3086,#1845,.T.);
#4046=EDGE_CURVE('',#3086,#3028,#1846,.T.);
#4047=EDGE_CURVE('',#3086,#3085,#1847,.T.);
#4048=EDGE_CURVE('',#3083,#3085,#1848,.T.);
#4049=EDGE_CURVE('',#3035,#3083,#1849,.T.);
#4050=EDGE_CURVE('',#3082,#3035,#1850,.T.);
#4051=EDGE_CURVE('',#3084,#3035,#1851,.T.);
#4052=EDGE_CURVE('',#3082,#3084,#1852,.T.);
#4053=EDGE_CURVE('',#3045,#3082,#1853,.T.);
#4054=EDGE_CURVE('',#3049,#3045,#1854,.T.);
#4055=EDGE_CURVE('',#3049,#3082,#1855,.T.);
#4056=EDGE_CURVE('',#3049,#3080,#1856,.T.);
#4057=EDGE_CURVE('',#3049,#3081,#1857,.T.);
#4058=EDGE_CURVE('',#3076,#3081,#1858,.T.);
#4059=EDGE_CURVE('',#3076,#3078,#1859,.T.);
#4060=EDGE_CURVE('',#3076,#3074,#1860,.T.);
#4061=EDGE_CURVE('',#3076,#3075,#1861,.T.);
#4062=EDGE_CURVE('',#3068,#3075,#1862,.T.);
#4063=EDGE_CURVE('',#3068,#3072,#1863,.T.);
#4064=EDGE_CURVE('',#3068,#3070,#1864,.T.);
#4065=EDGE_CURVE('',#3067,#3070,#1865,.T.);
#4066=EDGE_CURVE('',#3067,#3069,#1866,.T.);
#4067=EDGE_CURVE('',#3066,#3067,#1867,.T.);
#4068=EDGE_CURVE('',#3060,#3066,#1868,.T.);
#4069=EDGE_CURVE('',#3060,#3064,#1869,.T.);
#4070=EDGE_CURVE('',#3060,#3062,#1870,.T.);
#4071=EDGE_CURVE('',#3060,#3063,#1871,.T.);
#4072=EDGE_CURVE('',#3061,#3063,#1872,.T.);
#4073=EDGE_CURVE('',#3056,#3061,#1873,.T.);
#4074=EDGE_CURVE('',#3058,#3061,#1874,.T.);
#4075=EDGE_CURVE('',#3058,#3059,#1875,.T.);
#4076=EDGE_CURVE('',#3048,#3058,#1876,.T.);
#4077=EDGE_CURVE('',#3048,#3057,#1877,.T.);
#4078=EDGE_CURVE('',#3057,#3051,#1878,.T.);
#4079=EDGE_CURVE('',#3056,#3051,#1879,.T.);
#4080=EDGE_CURVE('',#3056,#3050,#1880,.T.);
#4081=EDGE_CURVE('',#3050,#3052,#1881,.T.);
#4082=EDGE_CURVE('',#3046,#3050,#1882,.T.);
#4083=EDGE_CURVE('',#3048,#3046,#1883,.T.);
#4084=EDGE_CURVE('',#3046,#3044,#1884,.T.);
#4085=EDGE_CURVE('',#3044,#3042,#1885,.T.);
#4086=EDGE_CURVE('',#3042,#3034,#1886,.T.);
#4087=EDGE_CURVE('',#3040,#3034,#1887,.T.);
#4088=EDGE_CURVE('',#3038,#3034,#1888,.T.);
#4089=EDGE_CURVE('',#3034,#3036,#1889,.T.);
#4090=EDGE_CURVE('',#3034,#3033,#1890,.T.);
#4091=EDGE_CURVE('',#3028,#3033,#1891,.T.);
#4092=EDGE_CURVE('',#3028,#3030,#1892,.T.);
#4093=EDGE_CURVE('',#3028,#3027,#1893,.T.);
#4094=EDGE_CURVE('',#3024,#3027,#1894,.T.);
#4095=EDGE_CURVE('',#3024,#2999,#1895,.T.);
#4096=EDGE_CURVE('',#3016,#2999,#1896,.T.);
#4097=EDGE_CURVE('',#3016,#3002,#1897,.T.);
#4098=EDGE_CURVE('',#3017,#3002,#1898,.T.);
#4099=EDGE_CURVE('',#3238,#3020,#1899,.T.);
#4100=EDGE_CURVE('',#3238,#3239,#1900,.T.);
#4101=EDGE_CURVE('',#3022,#3239,#1901,.T.);
#4102=EDGE_CURVE('',#3006,#3238,#1902,.T.);
#4103=EDGE_CURVE('',#3239,#3003,#1903,.T.);
#4104=EDGE_CURVE('',#3239,#3002,#1904,.T.);
#4105=EDGE_CURVE('',#3022,#3002,#1905,.T.);
#4106=EDGE_CURVE('',#3023,#3002,#1906,.T.);
#4107=EDGE_CURVE('',#3023,#3017,#1907,.T.);
#4108=EDGE_CURVE('',#3019,#3023,#1908,.T.);
#4109=EDGE_CURVE('',#3021,#3240,#1909,.T.);
#4110=EDGE_CURVE('',#3240,#3019,#1910,.T.);
#4111=EDGE_CURVE('',#3240,#3241,#1911,.T.);
#4112=EDGE_CURVE('',#3241,#3018,#1912,.T.);
#4113=EDGE_CURVE('',#3241,#3007,#1913,.T.);
#4114=EDGE_CURVE('',#3009,#3018,#1914,.T.);
#4115=EDGE_CURVE('',#3009,#3017,#1915,.T.);
#4116=EDGE_CURVE('',#3015,#3009,#1916,.T.);
#4117=EDGE_CURVE('',#3015,#3010,#1917,.T.);
#4118=EDGE_CURVE('',#3013,#3010,#1918,.T.);
#4119=EDGE_CURVE('',#3242,#3011,#1919,.T.);
#4120=EDGE_CURVE('',#3242,#3010,#1920,.T.);
#4121=EDGE_CURVE('',#3008,#3242,#1921,.T.);
#4122=EDGE_CURVE('',#3243,#3005,#1922,.T.);
#4123=EDGE_CURVE('',#3004,#3243,#1923,.T.);
#4124=EDGE_CURVE('',#2861,#3244,#1924,.T.);
#4125=EDGE_CURVE('',#3244,#2863,#1925,.T.);
#4126=EDGE_CURVE('',#3244,#3243,#1926,.T.);
#4127=EDGE_CURVE('',#3004,#2863,#1927,.T.);
#4128=EDGE_CURVE('',#3002,#2863,#1928,.T.);
#4129=EDGE_CURVE('',#3002,#2862,#1929,.T.);
#4130=EDGE_CURVE('',#3002,#2865,#1930,.T.);
#4131=EDGE_CURVE('',#2870,#3001,#1931,.T.);
#4132=EDGE_CURVE('',#2873,#3001,#1932,.T.);
#4133=EDGE_CURVE('',#2879,#3001,#1933,.T.);
#4134=EDGE_CURVE('',#3001,#2881,#1934,.T.);
#4135=EDGE_CURVE('',#3001,#2891,#1935,.T.);
#4136=EDGE_CURVE('',#3001,#2894,#1936,.T.);
#4137=EDGE_CURVE('',#2898,#3000,#1937,.T.);
#4138=EDGE_CURVE('',#2900,#3000,#1938,.T.);
#4139=EDGE_CURVE('',#2904,#2997,#1939,.T.);
#4140=EDGE_CURVE('',#3000,#2997,#1940,.T.);
#4141=EDGE_CURVE('',#2999,#2997,#1941,.T.);
#4142=EDGE_CURVE('',#2997,#2996,#1942,.T.);
#4143=EDGE_CURVE('',#2913,#2996,#1943,.T.);
#4144=EDGE_CURVE('',#2913,#2997,#1944,.T.);
#4145=EDGE_CURVE('',#2910,#2997,#1945,.T.);
#4146=EDGE_CURVE('',#3245,#3246,#1946,.T.);
#4147=EDGE_CURVE('',#3247,#3245,#1947,.T.);
#4148=EDGE_CURVE('',#3248,#3247,#1948,.T.);
#4149=EDGE_CURVE('',#3246,#3248,#1949,.T.);
#4150=EDGE_CURVE('',#3247,#3249,#23,.T.);
#4151=EDGE_CURVE('',#3249,#3250,#1950,.T.);
#4152=EDGE_CURVE('',#3250,#3248,#24,.T.);
#4153=EDGE_CURVE('',#3251,#3252,#1951,.T.);
#4154=EDGE_CURVE('',#3250,#3251,#1952,.T.);
#4155=EDGE_CURVE('',#3252,#3249,#1953,.T.);
#4156=EDGE_CURVE('',#3252,#3253,#25,.T.);
#4157=EDGE_CURVE('',#3253,#3254,#1954,.T.);
#4158=EDGE_CURVE('',#3254,#3251,#26,.T.);
#4159=EDGE_CURVE('',#3255,#3256,#1955,.T.);
#4160=EDGE_CURVE('',#3254,#3255,#1956,.T.);
#4161=EDGE_CURVE('',#3256,#3253,#1957,.T.);
#4162=EDGE_CURVE('',#3256,#3257,#27,.T.);
#4163=EDGE_CURVE('',#3257,#3258,#1958,.T.);
#4164=EDGE_CURVE('',#3258,#3255,#28,.T.);
#4165=EDGE_CURVE('',#3246,#3259,#29,.T.);
#4166=EDGE_CURVE('',#3258,#3259,#1959,.T.);
#4167=EDGE_CURVE('',#3259,#3260,#1960,.T.);
#4168=EDGE_CURVE('',#3260,#3257,#1961,.T.);
#4169=EDGE_CURVE('',#3260,#3245,#30,.T.);
#4170=EDGE_CURVE('',#3261,#3261,#31,.T.);
#4171=EDGE_CURVE('',#3261,#3262,#32,.T.);
#4172=EDGE_CURVE('',#3262,#3262,#33,.T.);
#4173=EDGE_CURVE('',#3263,#3263,#34,.T.);
#4174=EDGE_CURVE('',#3263,#3262,#35,.T.);
#4175=ORIENTED_EDGE('',*,*,#3264,.F.);
#4176=ORIENTED_EDGE('',*,*,#3265,.T.);
#4177=ORIENTED_EDGE('',*,*,#3266,.F.);
#4178=ORIENTED_EDGE('',*,*,#3267,.T.);
#4179=ORIENTED_EDGE('',*,*,#3268,.F.);
#4180=ORIENTED_EDGE('',*,*,#3269,.T.);
#4181=ORIENTED_EDGE('',*,*,#3270,.F.);
#4182=ORIENTED_EDGE('',*,*,#3265,.F.);
#4183=ORIENTED_EDGE('',*,*,#3271,.F.);
#4184=ORIENTED_EDGE('',*,*,#3272,.F.);
#4185=ORIENTED_EDGE('',*,*,#3269,.F.);
#4186=ORIENTED_EDGE('',*,*,#3273,.F.);
#4187=ORIENTED_EDGE('',*,*,#3274,.T.);
#4188=ORIENTED_EDGE('',*,*,#3275,.F.);
#4189=ORIENTED_EDGE('',*,*,#3272,.T.);
#4190=ORIENTED_EDGE('',*,*,#3276,.F.);
#4191=ORIENTED_EDGE('',*,*,#3277,.T.);
#4192=ORIENTED_EDGE('',*,*,#3278,.F.);
#4193=ORIENTED_EDGE('',*,*,#3274,.F.);
#4194=ORIENTED_EDGE('',*,*,#3279,.F.);
#4195=ORIENTED_EDGE('',*,*,#3280,.F.);
#4196=ORIENTED_EDGE('',*,*,#3277,.F.);
#4197=ORIENTED_EDGE('',*,*,#3281,.F.);
#4198=ORIENTED_EDGE('',*,*,#3282,.T.);
#4199=ORIENTED_EDGE('',*,*,#3283,.F.);
#4200=ORIENTED_EDGE('',*,*,#3280,.T.);
#4201=ORIENTED_EDGE('',*,*,#3284,.F.);
#4202=ORIENTED_EDGE('',*,*,#3285,.T.);
#4203=ORIENTED_EDGE('',*,*,#3286,.F.);
#4204=ORIENTED_EDGE('',*,*,#3282,.F.);
#4205=ORIENTED_EDGE('',*,*,#3287,.F.);
#4206=ORIENTED_EDGE('',*,*,#3288,.T.);
#4207=ORIENTED_EDGE('',*,*,#3289,.F.);
#4208=ORIENTED_EDGE('',*,*,#3285,.F.);
#4209=ORIENTED_EDGE('',*,*,#3290,.F.);
#4210=ORIENTED_EDGE('',*,*,#3291,.T.);
#4211=ORIENTED_EDGE('',*,*,#3292,.F.);
#4212=ORIENTED_EDGE('',*,*,#3288,.F.);
#4213=ORIENTED_EDGE('',*,*,#3293,.F.);
#4214=ORIENTED_EDGE('',*,*,#3294,.T.);
#4215=ORIENTED_EDGE('',*,*,#3295,.F.);
#4216=ORIENTED_EDGE('',*,*,#3291,.F.);
#4217=ORIENTED_EDGE('',*,*,#3296,.F.);
#4218=ORIENTED_EDGE('',*,*,#3297,.T.);
#4219=ORIENTED_EDGE('',*,*,#3298,.F.);
#4220=ORIENTED_EDGE('',*,*,#3294,.F.);
#4221=ORIENTED_EDGE('',*,*,#3299,.F.);
#4222=ORIENTED_EDGE('',*,*,#3300,.F.);
#4223=ORIENTED_EDGE('',*,*,#3297,.F.);
#4224=ORIENTED_EDGE('',*,*,#3301,.F.);
#4225=ORIENTED_EDGE('',*,*,#3302,.T.);
#4226=ORIENTED_EDGE('',*,*,#3303,.F.);
#4227=ORIENTED_EDGE('',*,*,#3300,.T.);
#4228=ORIENTED_EDGE('',*,*,#3304,.F.);
#4229=ORIENTED_EDGE('',*,*,#3305,.F.);
#4230=ORIENTED_EDGE('',*,*,#3302,.F.);
#4231=ORIENTED_EDGE('',*,*,#3306,.F.);
#4232=ORIENTED_EDGE('',*,*,#3307,.T.);
#4233=ORIENTED_EDGE('',*,*,#3308,.F.);
#4234=ORIENTED_EDGE('',*,*,#3305,.T.);
#4235=ORIENTED_EDGE('',*,*,#3309,.F.);
#4236=ORIENTED_EDGE('',*,*,#3310,.T.);
#4237=ORIENTED_EDGE('',*,*,#3311,.F.);
#4238=ORIENTED_EDGE('',*,*,#3307,.F.);
#4239=ORIENTED_EDGE('',*,*,#3312,.F.);
#4240=ORIENTED_EDGE('',*,*,#3313,.F.);
#4241=ORIENTED_EDGE('',*,*,#3310,.F.);
#4242=ORIENTED_EDGE('',*,*,#3314,.F.);
#4243=ORIENTED_EDGE('',*,*,#3315,.T.);
#4244=ORIENTED_EDGE('',*,*,#3316,.F.);
#4245=ORIENTED_EDGE('',*,*,#3313,.T.);
#4246=ORIENTED_EDGE('',*,*,#3317,.F.);
#4247=ORIENTED_EDGE('',*,*,#3318,.T.);
#4248=ORIENTED_EDGE('',*,*,#3319,.F.);
#4249=ORIENTED_EDGE('',*,*,#3315,.F.);
#4250=ORIENTED_EDGE('',*,*,#3320,.F.);
#4251=ORIENTED_EDGE('',*,*,#3321,.T.);
#4252=ORIENTED_EDGE('',*,*,#3322,.F.);
#4253=ORIENTED_EDGE('',*,*,#3318,.F.);
#4254=ORIENTED_EDGE('',*,*,#3323,.F.);
#4255=ORIENTED_EDGE('',*,*,#3324,.T.);
#4256=ORIENTED_EDGE('',*,*,#3325,.F.);
#4257=ORIENTED_EDGE('',*,*,#3321,.F.);
#4258=ORIENTED_EDGE('',*,*,#3326,.F.);
#4259=ORIENTED_EDGE('',*,*,#3327,.T.);
#4260=ORIENTED_EDGE('',*,*,#3328,.F.);
#4261=ORIENTED_EDGE('',*,*,#3324,.F.);
#4262=ORIENTED_EDGE('',*,*,#3329,.F.);
#4263=ORIENTED_EDGE('',*,*,#3330,.T.);
#4264=ORIENTED_EDGE('',*,*,#3331,.F.);
#4265=ORIENTED_EDGE('',*,*,#3327,.F.);
#4266=ORIENTED_EDGE('',*,*,#3332,.F.);
#4267=ORIENTED_EDGE('',*,*,#3333,.T.);
#4268=ORIENTED_EDGE('',*,*,#3334,.F.);
#4269=ORIENTED_EDGE('',*,*,#3330,.F.);
#4270=ORIENTED_EDGE('',*,*,#3335,.F.);
#4271=ORIENTED_EDGE('',*,*,#3336,.T.);
#4272=ORIENTED_EDGE('',*,*,#3337,.F.);
#4273=ORIENTED_EDGE('',*,*,#3333,.F.);
#4274=ORIENTED_EDGE('',*,*,#3338,.F.);
#4275=ORIENTED_EDGE('',*,*,#3339,.T.);
#4276=ORIENTED_EDGE('',*,*,#3340,.F.);
#4277=ORIENTED_EDGE('',*,*,#3336,.F.);
#4278=ORIENTED_EDGE('',*,*,#3341,.F.);
#4279=ORIENTED_EDGE('',*,*,#3342,.F.);
#4280=ORIENTED_EDGE('',*,*,#3339,.F.);
#4281=ORIENTED_EDGE('',*,*,#3343,.F.);
#4282=ORIENTED_EDGE('',*,*,#3344,.T.);
#4283=ORIENTED_EDGE('',*,*,#3345,.F.);
#4284=ORIENTED_EDGE('',*,*,#3342,.T.);
#4285=ORIENTED_EDGE('',*,*,#3346,.F.);
#4286=ORIENTED_EDGE('',*,*,#3347,.T.);
#4287=ORIENTED_EDGE('',*,*,#3348,.F.);
#4288=ORIENTED_EDGE('',*,*,#3344,.F.);
#4289=ORIENTED_EDGE('',*,*,#3349,.F.);
#4290=ORIENTED_EDGE('',*,*,#3350,.F.);
#4291=ORIENTED_EDGE('',*,*,#3347,.F.);
#4292=ORIENTED_EDGE('',*,*,#3351,.F.);
#4293=ORIENTED_EDGE('',*,*,#3352,.T.);
#4294=ORIENTED_EDGE('',*,*,#3353,.F.);
#4295=ORIENTED_EDGE('',*,*,#3350,.T.);
#4296=ORIENTED_EDGE('',*,*,#3354,.F.);
#4297=ORIENTED_EDGE('',*,*,#3355,.F.);
#4298=ORIENTED_EDGE('',*,*,#3352,.F.);
#4299=ORIENTED_EDGE('',*,*,#3356,.F.);
#4300=ORIENTED_EDGE('',*,*,#3357,.F.);
#4301=ORIENTED_EDGE('',*,*,#3358,.F.);
#4302=ORIENTED_EDGE('',*,*,#3355,.T.);
#4303=ORIENTED_EDGE('',*,*,#3359,.F.);
#4304=ORIENTED_EDGE('',*,*,#3360,.F.);
#4305=ORIENTED_EDGE('',*,*,#3361,.T.);
#4306=ORIENTED_EDGE('',*,*,#3357,.T.);
#4307=ORIENTED_EDGE('',*,*,#3362,.F.);
#4308=ORIENTED_EDGE('',*,*,#3363,.T.);
#4309=ORIENTED_EDGE('',*,*,#3360,.T.);
#4310=ORIENTED_EDGE('',*,*,#3364,.F.);
#4311=ORIENTED_EDGE('',*,*,#3365,.F.);
#4312=ORIENTED_EDGE('',*,*,#3366,.T.);
#4313=ORIENTED_EDGE('',*,*,#3363,.F.);
#4314=ORIENTED_EDGE('',*,*,#3367,.F.);
#4315=ORIENTED_EDGE('',*,*,#3368,.T.);
#4316=ORIENTED_EDGE('',*,*,#3365,.T.);
#4317=ORIENTED_EDGE('',*,*,#3369,.F.);
#4318=ORIENTED_EDGE('',*,*,#3370,.F.);
#4319=ORIENTED_EDGE('',*,*,#3371,.T.);
#4320=ORIENTED_EDGE('',*,*,#3368,.F.);
#4321=ORIENTED_EDGE('',*,*,#3372,.F.);
#4322=ORIENTED_EDGE('',*,*,#3373,.F.);
#4323=ORIENTED_EDGE('',*,*,#3374,.T.);
#4324=ORIENTED_EDGE('',*,*,#3370,.T.);
#4325=ORIENTED_EDGE('',*,*,#3375,.F.);
#4326=ORIENTED_EDGE('',*,*,#3376,.T.);
#4327=ORIENTED_EDGE('',*,*,#3373,.T.);
#4328=ORIENTED_EDGE('',*,*,#3377,.F.);
#4329=ORIENTED_EDGE('',*,*,#3378,.T.);
#4330=ORIENTED_EDGE('',*,*,#3379,.T.);
#4331=ORIENTED_EDGE('',*,*,#3376,.F.);
#4332=ORIENTED_EDGE('',*,*,#3380,.F.);
#4333=ORIENTED_EDGE('',*,*,#3381,.T.);
#4334=ORIENTED_EDGE('',*,*,#3382,.T.);
#4335=ORIENTED_EDGE('',*,*,#3378,.F.);
#4336=ORIENTED_EDGE('',*,*,#3383,.F.);
#4337=ORIENTED_EDGE('',*,*,#3384,.T.);
#4338=ORIENTED_EDGE('',*,*,#3385,.T.);
#4339=ORIENTED_EDGE('',*,*,#3381,.F.);
#4340=ORIENTED_EDGE('',*,*,#3386,.F.);
#4341=ORIENTED_EDGE('',*,*,#3387,.T.);
#4342=ORIENTED_EDGE('',*,*,#3388,.T.);
#4343=ORIENTED_EDGE('',*,*,#3384,.F.);
#4344=ORIENTED_EDGE('',*,*,#3389,.F.);
#4345=ORIENTED_EDGE('',*,*,#3390,.T.);
#4346=ORIENTED_EDGE('',*,*,#3391,.T.);
#4347=ORIENTED_EDGE('',*,*,#3387,.F.);
#4348=ORIENTED_EDGE('',*,*,#3392,.F.);
#4349=ORIENTED_EDGE('',*,*,#3393,.T.);
#4350=ORIENTED_EDGE('',*,*,#3394,.T.);
#4351=ORIENTED_EDGE('',*,*,#3390,.F.);
#4352=ORIENTED_EDGE('',*,*,#3395,.F.);
#4353=ORIENTED_EDGE('',*,*,#3396,.T.);
#4354=ORIENTED_EDGE('',*,*,#3397,.T.);
#4355=ORIENTED_EDGE('',*,*,#3393,.F.);
#4356=ORIENTED_EDGE('',*,*,#3398,.F.);
#4357=ORIENTED_EDGE('',*,*,#3399,.T.);
#4358=ORIENTED_EDGE('',*,*,#3400,.T.);
#4359=ORIENTED_EDGE('',*,*,#3396,.F.);
#4360=ORIENTED_EDGE('',*,*,#3401,.F.);
#4361=ORIENTED_EDGE('',*,*,#3402,.T.);
#4362=ORIENTED_EDGE('',*,*,#3403,.T.);
#4363=ORIENTED_EDGE('',*,*,#3399,.F.);
#4364=ORIENTED_EDGE('',*,*,#3404,.F.);
#4365=ORIENTED_EDGE('',*,*,#3405,.T.);
#4366=ORIENTED_EDGE('',*,*,#3406,.T.);
#4367=ORIENTED_EDGE('',*,*,#3402,.F.);
#4368=ORIENTED_EDGE('',*,*,#3407,.F.);
#4369=ORIENTED_EDGE('',*,*,#3408,.F.);
#4370=ORIENTED_EDGE('',*,*,#3409,.T.);
#4371=ORIENTED_EDGE('',*,*,#3405,.F.);
#4372=ORIENTED_EDGE('',*,*,#3410,.F.);
#4373=ORIENTED_EDGE('',*,*,#3411,.T.);
#4374=ORIENTED_EDGE('',*,*,#3408,.T.);
#4375=ORIENTED_EDGE('',*,*,#3412,.F.);
#4376=ORIENTED_EDGE('',*,*,#3413,.F.);
#4377=ORIENTED_EDGE('',*,*,#3414,.T.);
#4378=ORIENTED_EDGE('',*,*,#3411,.F.);
#4379=ORIENTED_EDGE('',*,*,#3415,.F.);
#4380=ORIENTED_EDGE('',*,*,#3416,.T.);
#4381=ORIENTED_EDGE('',*,*,#3413,.T.);
#4382=ORIENTED_EDGE('',*,*,#3417,.F.);
#4383=ORIENTED_EDGE('',*,*,#3418,.F.);
#4384=ORIENTED_EDGE('',*,*,#3419,.T.);
#4385=ORIENTED_EDGE('',*,*,#3416,.F.);
#4386=ORIENTED_EDGE('',*,*,#3420,.F.);
#4387=ORIENTED_EDGE('',*,*,#3421,.F.);
#4388=ORIENTED_EDGE('',*,*,#3422,.T.);
#4389=ORIENTED_EDGE('',*,*,#3418,.T.);
#4390=ORIENTED_EDGE('',*,*,#3423,.F.);
#4391=ORIENTED_EDGE('',*,*,#3424,.T.);
#4392=ORIENTED_EDGE('',*,*,#3421,.T.);
#4393=ORIENTED_EDGE('',*,*,#3425,.F.);
#4394=ORIENTED_EDGE('',*,*,#3426,.T.);
#4395=ORIENTED_EDGE('',*,*,#3427,.T.);
#4396=ORIENTED_EDGE('',*,*,#3424,.F.);
#4397=ORIENTED_EDGE('',*,*,#3428,.F.);
#4398=ORIENTED_EDGE('',*,*,#3429,.T.);
#4399=ORIENTED_EDGE('',*,*,#3430,.T.);
#4400=ORIENTED_EDGE('',*,*,#3426,.F.);
#4401=ORIENTED_EDGE('',*,*,#3431,.F.);
#4402=ORIENTED_EDGE('',*,*,#3432,.F.);
#4403=ORIENTED_EDGE('',*,*,#3433,.T.);
#4404=ORIENTED_EDGE('',*,*,#3429,.F.);
#4405=ORIENTED_EDGE('',*,*,#3434,.F.);
#4406=ORIENTED_EDGE('',*,*,#3435,.T.);
#4407=ORIENTED_EDGE('',*,*,#3432,.T.);
#4408=ORIENTED_EDGE('',*,*,#3436,.F.);
#4409=ORIENTED_EDGE('',*,*,#3437,.T.);
#4410=ORIENTED_EDGE('',*,*,#3438,.T.);
#4411=ORIENTED_EDGE('',*,*,#3435,.F.);
#4412=ORIENTED_EDGE('',*,*,#3439,.F.);
#4413=ORIENTED_EDGE('',*,*,#3440,.T.);
#4414=ORIENTED_EDGE('',*,*,#3441,.T.);
#4415=ORIENTED_EDGE('',*,*,#3437,.F.);
#4416=ORIENTED_EDGE('',*,*,#3442,.F.);
#4417=ORIENTED_EDGE('',*,*,#3443,.T.);
#4418=ORIENTED_EDGE('',*,*,#3444,.T.);
#4419=ORIENTED_EDGE('',*,*,#3440,.F.);
#4420=ORIENTED_EDGE('',*,*,#3445,.F.);
#4421=ORIENTED_EDGE('',*,*,#3446,.F.);
#4422=ORIENTED_EDGE('',*,*,#3447,.T.);
#4423=ORIENTED_EDGE('',*,*,#3443,.F.);
#4424=ORIENTED_EDGE('',*,*,#3448,.F.);
#4425=ORIENTED_EDGE('',*,*,#3449,.T.);
#4426=ORIENTED_EDGE('',*,*,#3446,.T.);
#4427=ORIENTED_EDGE('',*,*,#3450,.F.);
#4428=ORIENTED_EDGE('',*,*,#3451,.F.);
#4429=ORIENTED_EDGE('',*,*,#3452,.T.);
#4430=ORIENTED_EDGE('',*,*,#3449,.F.);
#4431=ORIENTED_EDGE('',*,*,#3453,.F.);
#4432=ORIENTED_EDGE('',*,*,#3454,.T.);
#4433=ORIENTED_EDGE('',*,*,#3451,.T.);
#4434=ORIENTED_EDGE('',*,*,#3455,.F.);
#4435=ORIENTED_EDGE('',*,*,#3456,.T.);
#4436=ORIENTED_EDGE('',*,*,#3457,.T.);
#4437=ORIENTED_EDGE('',*,*,#3454,.F.);
#4438=ORIENTED_EDGE('',*,*,#3458,.F.);
#4439=ORIENTED_EDGE('',*,*,#3459,.F.);
#4440=ORIENTED_EDGE('',*,*,#3460,.T.);
#4441=ORIENTED_EDGE('',*,*,#3456,.F.);
#4442=ORIENTED_EDGE('',*,*,#3461,.F.);
#4443=ORIENTED_EDGE('',*,*,#3462,.T.);
#4444=ORIENTED_EDGE('',*,*,#3459,.T.);
#4445=ORIENTED_EDGE('',*,*,#3463,.F.);
#4446=ORIENTED_EDGE('',*,*,#3464,.T.);
#4447=ORIENTED_EDGE('',*,*,#3465,.T.);
#4448=ORIENTED_EDGE('',*,*,#3462,.F.);
#4449=ORIENTED_EDGE('',*,*,#3466,.F.);
#4450=ORIENTED_EDGE('',*,*,#3467,.T.);
#4451=ORIENTED_EDGE('',*,*,#3468,.T.);
#4452=ORIENTED_EDGE('',*,*,#3464,.F.);
#4453=ORIENTED_EDGE('',*,*,#3469,.F.);
#4454=ORIENTED_EDGE('',*,*,#3470,.T.);
#4455=ORIENTED_EDGE('',*,*,#3471,.T.);
#4456=ORIENTED_EDGE('',*,*,#3467,.F.);
#4457=ORIENTED_EDGE('',*,*,#3472,.F.);
#4458=ORIENTED_EDGE('',*,*,#3473,.T.);
#4459=ORIENTED_EDGE('',*,*,#3474,.T.);
#4460=ORIENTED_EDGE('',*,*,#3470,.F.);
#4461=ORIENTED_EDGE('',*,*,#3475,.F.);
#4462=ORIENTED_EDGE('',*,*,#3353,.T.);
#4463=ORIENTED_EDGE('',*,*,#3476,.T.);
#4464=ORIENTED_EDGE('',*,*,#3477,.T.);
#4465=ORIENTED_EDGE('',*,*,#3478,.F.);
#4466=ORIENTED_EDGE('',*,*,#3337,.T.);
#4467=ORIENTED_EDGE('',*,*,#3479,.F.);
#4468=ORIENTED_EDGE('',*,*,#3480,.F.);
#4469=ORIENTED_EDGE('',*,*,#3481,.T.);
#4470=ORIENTED_EDGE('',*,*,#3482,.F.);
#4471=ORIENTED_EDGE('',*,*,#3483,.T.);
#4472=ORIENTED_EDGE('',*,*,#3484,.T.);
#4473=ORIENTED_EDGE('',*,*,#3485,.F.);
#4474=ORIENTED_EDGE('',*,*,#3486,.F.);
#4475=ORIENTED_EDGE('',*,*,#3331,.T.);
#4476=ORIENTED_EDGE('',*,*,#3484,.F.);
#4477=ORIENTED_EDGE('',*,*,#3487,.T.);
#4478=ORIENTED_EDGE('',*,*,#3488,.T.);
#4479=ORIENTED_EDGE('',*,*,#3489,.T.);
#4480=ORIENTED_EDGE('',*,*,#3308,.T.);
#4481=ORIENTED_EDGE('',*,*,#3490,.F.);
#4482=ORIENTED_EDGE('',*,*,#3491,.T.);
#4483=ORIENTED_EDGE('',*,*,#3303,.T.);
#4484=ORIENTED_EDGE('',*,*,#3489,.F.);
#4485=ORIENTED_EDGE('',*,*,#3492,.T.);
#4486=ORIENTED_EDGE('',*,*,#3493,.F.);
#4487=ORIENTED_EDGE('',*,*,#3289,.T.);
#4488=ORIENTED_EDGE('',*,*,#3494,.F.);
#4489=ORIENTED_EDGE('',*,*,#3495,.T.);
#4490=ORIENTED_EDGE('',*,*,#3496,.T.);
#4491=ORIENTED_EDGE('',*,*,#3497,.T.);
#4492=ORIENTED_EDGE('',*,*,#3498,.T.);
#4493=ORIENTED_EDGE('',*,*,#3499,.F.);
#4494=ORIENTED_EDGE('',*,*,#3500,.F.);
#4495=ORIENTED_EDGE('',*,*,#3501,.T.);
#4496=ORIENTED_EDGE('',*,*,#3498,.F.);
#4497=ORIENTED_EDGE('',*,*,#3502,.F.);
#4498=ORIENTED_EDGE('',*,*,#3503,.F.);
#4499=ORIENTED_EDGE('',*,*,#3504,.T.);
#4500=ORIENTED_EDGE('',*,*,#3505,.F.);
#4501=ORIENTED_EDGE('',*,*,#3506,.T.);
#4502=ORIENTED_EDGE('',*,*,#3507,.F.);
#4503=ORIENTED_EDGE('',*,*,#3508,.T.);
#4504=ORIENTED_EDGE('',*,*,#3509,.F.);
#4505=ORIENTED_EDGE('',*,*,#3510,.T.);
#4506=ORIENTED_EDGE('',*,*,#3511,.T.);
#4507=ORIENTED_EDGE('',*,*,#3509,.T.);
#4508=ORIENTED_EDGE('',*,*,#3512,.F.);
#4509=ORIENTED_EDGE('',*,*,#3513,.F.);
#4510=ORIENTED_EDGE('',*,*,#3514,.F.);
#4511=ORIENTED_EDGE('',*,*,#3515,.T.);
#4512=ORIENTED_EDGE('',*,*,#3516,.F.);
#4513=ORIENTED_EDGE('',*,*,#3517,.T.);
#4514=ORIENTED_EDGE('',*,*,#3518,.T.);
#4515=ORIENTED_EDGE('',*,*,#3519,.F.);
#4516=ORIENTED_EDGE('',*,*,#3520,.T.);
#4517=ORIENTED_EDGE('',*,*,#3521,.F.);
#4518=ORIENTED_EDGE('',*,*,#3522,.F.);
#4519=ORIENTED_EDGE('',*,*,#3483,.F.);
#4520=ORIENTED_EDGE('',*,*,#3523,.F.);
#4521=ORIENTED_EDGE('',*,*,#3494,.T.);
#4522=ORIENTED_EDGE('',*,*,#3524,.F.);
#4523=ORIENTED_EDGE('',*,*,#3525,.T.);
#4524=ORIENTED_EDGE('',*,*,#3526,.T.);
#4525=ORIENTED_EDGE('',*,*,#3527,.F.);
#4526=ORIENTED_EDGE('',*,*,#3528,.F.);
#4527=ORIENTED_EDGE('',*,*,#3529,.T.);
#4528=ORIENTED_EDGE('',*,*,#3530,.F.);
#4529=ORIENTED_EDGE('',*,*,#3531,.F.);
#4530=ORIENTED_EDGE('',*,*,#3532,.T.);
#4531=ORIENTED_EDGE('',*,*,#3533,.T.);
#4532=ORIENTED_EDGE('',*,*,#3534,.T.);
#4533=ORIENTED_EDGE('',*,*,#3535,.F.);
#4534=ORIENTED_EDGE('',*,*,#3536,.F.);
#4535=ORIENTED_EDGE('',*,*,#3537,.F.);
#4536=ORIENTED_EDGE('',*,*,#3538,.T.);
#4537=ORIENTED_EDGE('',*,*,#3539,.F.);
#4538=ORIENTED_EDGE('',*,*,#3540,.T.);
#4539=ORIENTED_EDGE('',*,*,#3541,.T.);
#4540=ORIENTED_EDGE('',*,*,#3542,.F.);
#4541=ORIENTED_EDGE('',*,*,#3543,.T.);
#4542=ORIENTED_EDGE('',*,*,#3544,.F.);
#4543=ORIENTED_EDGE('',*,*,#3545,.T.);
#4544=ORIENTED_EDGE('',*,*,#3546,.F.);
#4545=ORIENTED_EDGE('',*,*,#3547,.F.);
#4546=ORIENTED_EDGE('',*,*,#3548,.F.);
#4547=ORIENTED_EDGE('',*,*,#3549,.T.);
#4548=ORIENTED_EDGE('',*,*,#3550,.T.);
#4549=ORIENTED_EDGE('',*,*,#3551,.F.);
#4550=ORIENTED_EDGE('',*,*,#3552,.T.);
#4551=ORIENTED_EDGE('',*,*,#3553,.T.);
#4552=ORIENTED_EDGE('',*,*,#3554,.F.);
#4553=ORIENTED_EDGE('',*,*,#3555,.T.);
#4554=ORIENTED_EDGE('',*,*,#3556,.T.);
#4555=ORIENTED_EDGE('',*,*,#3557,.T.);
#4556=ORIENTED_EDGE('',*,*,#3558,.F.);
#4557=ORIENTED_EDGE('',*,*,#3559,.F.);
#4558=ORIENTED_EDGE('',*,*,#3560,.F.);
#4559=ORIENTED_EDGE('',*,*,#3561,.F.);
#4560=ORIENTED_EDGE('',*,*,#3562,.T.);
#4561=ORIENTED_EDGE('',*,*,#3563,.T.);
#4562=ORIENTED_EDGE('',*,*,#3564,.F.);
#4563=ORIENTED_EDGE('',*,*,#3565,.F.);
#4564=ORIENTED_EDGE('',*,*,#3566,.F.);
#4565=ORIENTED_EDGE('',*,*,#3567,.T.);
#4566=ORIENTED_EDGE('',*,*,#3568,.F.);
#4567=ORIENTED_EDGE('',*,*,#3569,.F.);
#4568=ORIENTED_EDGE('',*,*,#3570,.F.);
#4569=ORIENTED_EDGE('',*,*,#3571,.T.);
#4570=ORIENTED_EDGE('',*,*,#3572,.F.);
#4571=ORIENTED_EDGE('',*,*,#3573,.F.);
#4572=ORIENTED_EDGE('',*,*,#3574,.T.);
#4573=ORIENTED_EDGE('',*,*,#3575,.F.);
#4574=ORIENTED_EDGE('',*,*,#3561,.T.);
#4575=ORIENTED_EDGE('',*,*,#3576,.T.);
#4576=ORIENTED_EDGE('',*,*,#3577,.F.);
#4577=ORIENTED_EDGE('',*,*,#3578,.F.);
#4578=ORIENTED_EDGE('',*,*,#3579,.F.);
#4579=ORIENTED_EDGE('',*,*,#3580,.T.);
#4580=ORIENTED_EDGE('',*,*,#3581,.T.);
#4581=ORIENTED_EDGE('',*,*,#3582,.F.);
#4582=ORIENTED_EDGE('',*,*,#3583,.F.);
#4583=ORIENTED_EDGE('',*,*,#3584,.T.);
#4584=ORIENTED_EDGE('',*,*,#3585,.F.);
#4585=ORIENTED_EDGE('',*,*,#3581,.F.);
#4586=ORIENTED_EDGE('',*,*,#3586,.F.);
#4587=ORIENTED_EDGE('',*,*,#3587,.T.);
#4588=ORIENTED_EDGE('',*,*,#3588,.F.);
#4589=ORIENTED_EDGE('',*,*,#3589,.T.);
#4590=ORIENTED_EDGE('',*,*,#3590,.T.);
#4591=ORIENTED_EDGE('',*,*,#3591,.F.);
#4592=ORIENTED_EDGE('',*,*,#3592,.T.);
#4593=ORIENTED_EDGE('',*,*,#3593,.F.);
#4594=ORIENTED_EDGE('',*,*,#3587,.F.);
#4595=ORIENTED_EDGE('',*,*,#3594,.F.);
#4596=ORIENTED_EDGE('',*,*,#3595,.F.);
#4597=ORIENTED_EDGE('',*,*,#3596,.T.);
#4598=ORIENTED_EDGE('',*,*,#3597,.F.);
#4599=ORIENTED_EDGE('',*,*,#3598,.T.);
#4600=ORIENTED_EDGE('',*,*,#3599,.T.);
#4601=ORIENTED_EDGE('',*,*,#3600,.F.);
#4602=ORIENTED_EDGE('',*,*,#3601,.F.);
#4603=ORIENTED_EDGE('',*,*,#3602,.T.);
#4604=ORIENTED_EDGE('',*,*,#3603,.F.);
#4605=ORIENTED_EDGE('',*,*,#3604,.F.);
#4606=ORIENTED_EDGE('',*,*,#3605,.T.);
#4607=ORIENTED_EDGE('',*,*,#3606,.F.);
#4608=ORIENTED_EDGE('',*,*,#3607,.F.);
#4609=ORIENTED_EDGE('',*,*,#3608,.T.);
#4610=ORIENTED_EDGE('',*,*,#3609,.F.);
#4611=ORIENTED_EDGE('',*,*,#3610,.F.);
#4612=ORIENTED_EDGE('',*,*,#3611,.T.);
#4613=ORIENTED_EDGE('',*,*,#3577,.T.);
#4614=ORIENTED_EDGE('',*,*,#3579,.T.);
#4615=ORIENTED_EDGE('',*,*,#3612,.F.);
#4616=ORIENTED_EDGE('',*,*,#3605,.F.);
#4617=ORIENTED_EDGE('',*,*,#3613,.F.);
#4618=ORIENTED_EDGE('',*,*,#3591,.T.);
#4619=ORIENTED_EDGE('',*,*,#3612,.T.);
#4620=ORIENTED_EDGE('',*,*,#3613,.T.);
#4621=ORIENTED_EDGE('',*,*,#3614,.F.);
#4622=ORIENTED_EDGE('',*,*,#3614,.T.);
#4623=ORIENTED_EDGE('',*,*,#3604,.T.);
#4624=ORIENTED_EDGE('',*,*,#3615,.F.);
#4625=ORIENTED_EDGE('',*,*,#3616,.F.);
#4626=ORIENTED_EDGE('',*,*,#3617,.F.);
#4627=ORIENTED_EDGE('',*,*,#3618,.T.);
#4628=ORIENTED_EDGE('',*,*,#3619,.T.);
#4629=ORIENTED_EDGE('',*,*,#3620,.T.);
#4630=ORIENTED_EDGE('',*,*,#3556,.F.);
#4631=ORIENTED_EDGE('',*,*,#3541,.F.);
#4632=ORIENTED_EDGE('',*,*,#3621,.T.);
#4633=ORIENTED_EDGE('',*,*,#3622,.T.);
#4634=ORIENTED_EDGE('',*,*,#3623,.T.);
#4635=ORIENTED_EDGE('',*,*,#3624,.T.);
#4636=ORIENTED_EDGE('',*,*,#3618,.F.);
#4637=ORIENTED_EDGE('',*,*,#3625,.T.);
#4638=ORIENTED_EDGE('',*,*,#3626,.F.);
#4639=ORIENTED_EDGE('',*,*,#3627,.F.);
#4640=ORIENTED_EDGE('',*,*,#3628,.F.);
#4641=ORIENTED_EDGE('',*,*,#3629,.T.);
#4642=ORIENTED_EDGE('',*,*,#3630,.T.);
#4643=ORIENTED_EDGE('',*,*,#3631,.T.);
#4644=ORIENTED_EDGE('',*,*,#3632,.F.);
#4645=ORIENTED_EDGE('',*,*,#3630,.F.);
#4646=ORIENTED_EDGE('',*,*,#3633,.F.);
#4647=ORIENTED_EDGE('',*,*,#3634,.F.);
#4648=ORIENTED_EDGE('',*,*,#3606,.T.);
#4649=ORIENTED_EDGE('',*,*,#3635,.F.);
#4650=ORIENTED_EDGE('',*,*,#3626,.T.);
#4651=ORIENTED_EDGE('',*,*,#3628,.T.);
#4652=ORIENTED_EDGE('',*,*,#3635,.T.);
#4653=ORIENTED_EDGE('',*,*,#3636,.T.);
#4654=ORIENTED_EDGE('',*,*,#3532,.F.);
#4655=ORIENTED_EDGE('',*,*,#3636,.F.);
#4656=ORIENTED_EDGE('',*,*,#3632,.T.);
#4657=ORIENTED_EDGE('',*,*,#3637,.T.);
#4658=ORIENTED_EDGE('',*,*,#3638,.T.);
#4659=ORIENTED_EDGE('',*,*,#3639,.T.);
#4660=ORIENTED_EDGE('',*,*,#3637,.F.);
#4661=ORIENTED_EDGE('',*,*,#3526,.F.);
#4662=ORIENTED_EDGE('',*,*,#3640,.T.);
#4663=ORIENTED_EDGE('',*,*,#3641,.T.);
#4664=ORIENTED_EDGE('',*,*,#3642,.T.);
#4665=ORIENTED_EDGE('',*,*,#3643,.T.);
#4666=ORIENTED_EDGE('',*,*,#3608,.F.);
#4667=ORIENTED_EDGE('',*,*,#3644,.T.);
#4668=ORIENTED_EDGE('',*,*,#3645,.T.);
#4669=ORIENTED_EDGE('',*,*,#3642,.F.);
#4670=ORIENTED_EDGE('',*,*,#3646,.T.);
#4671=ORIENTED_EDGE('',*,*,#3647,.F.);
#4672=ORIENTED_EDGE('',*,*,#3648,.F.);
#4673=ORIENTED_EDGE('',*,*,#3649,.T.);
#4674=ORIENTED_EDGE('',*,*,#3650,.F.);
#4675=ORIENTED_EDGE('',*,*,#3651,.T.);
#4676=ORIENTED_EDGE('',*,*,#3652,.F.);
#4677=ORIENTED_EDGE('',*,*,#3653,.F.);
#4678=ORIENTED_EDGE('',*,*,#3654,.T.);
#4679=ORIENTED_EDGE('',*,*,#3655,.F.);
#4680=ORIENTED_EDGE('',*,*,#3656,.T.);
#4681=ORIENTED_EDGE('',*,*,#3651,.F.);
#4682=ORIENTED_EDGE('',*,*,#3657,.F.);
#4683=ORIENTED_EDGE('',*,*,#3658,.F.);
#4684=ORIENTED_EDGE('',*,*,#3659,.T.);
#4685=ORIENTED_EDGE('',*,*,#3660,.F.);
#4686=ORIENTED_EDGE('',*,*,#3661,.T.);
#4687=ORIENTED_EDGE('',*,*,#3662,.F.);
#4688=ORIENTED_EDGE('',*,*,#3663,.T.);
#4689=ORIENTED_EDGE('',*,*,#3664,.F.);
#4690=ORIENTED_EDGE('',*,*,#3665,.F.);
#4691=ORIENTED_EDGE('',*,*,#3666,.F.);
#4692=ORIENTED_EDGE('',*,*,#3664,.T.);
#4693=ORIENTED_EDGE('',*,*,#3667,.F.);
#4694=ORIENTED_EDGE('',*,*,#3668,.F.);
#4695=ORIENTED_EDGE('',*,*,#3669,.T.);
#4696=ORIENTED_EDGE('',*,*,#3670,.F.);
#4697=ORIENTED_EDGE('',*,*,#3659,.F.);
#4698=ORIENTED_EDGE('',*,*,#3671,.F.);
#4699=ORIENTED_EDGE('',*,*,#3672,.T.);
#4700=ORIENTED_EDGE('',*,*,#3673,.T.);
#4701=ORIENTED_EDGE('',*,*,#3674,.F.);
#4702=ORIENTED_EDGE('',*,*,#3675,.T.);
#4703=ORIENTED_EDGE('',*,*,#3676,.F.);
#4704=ORIENTED_EDGE('',*,*,#3677,.T.);
#4705=ORIENTED_EDGE('',*,*,#3678,.T.);
#4706=ORIENTED_EDGE('',*,*,#3598,.F.);
#4707=ORIENTED_EDGE('',*,*,#3679,.T.);
#4708=ORIENTED_EDGE('',*,*,#3680,.F.);
#4709=ORIENTED_EDGE('',*,*,#3681,.F.);
#4710=ORIENTED_EDGE('',*,*,#3682,.T.);
#4711=ORIENTED_EDGE('',*,*,#3683,.T.);
#4712=ORIENTED_EDGE('',*,*,#3684,.F.);
#4713=ORIENTED_EDGE('',*,*,#3685,.F.);
#4714=ORIENTED_EDGE('',*,*,#3686,.F.);
#4715=ORIENTED_EDGE('',*,*,#3687,.T.);
#4716=ORIENTED_EDGE('',*,*,#3688,.F.);
#4717=ORIENTED_EDGE('',*,*,#3687,.F.);
#4718=ORIENTED_EDGE('',*,*,#3683,.F.);
#4719=ORIENTED_EDGE('',*,*,#3689,.T.);
#4720=ORIENTED_EDGE('',*,*,#3690,.F.);
#4721=ORIENTED_EDGE('',*,*,#3689,.F.);
#4722=ORIENTED_EDGE('',*,*,#3691,.F.);
#4723=ORIENTED_EDGE('',*,*,#3692,.F.);
#4724=ORIENTED_EDGE('',*,*,#3691,.T.);
#4725=ORIENTED_EDGE('',*,*,#3682,.F.);
#4726=ORIENTED_EDGE('',*,*,#3693,.F.);
#4727=ORIENTED_EDGE('',*,*,#3694,.F.);
#4728=ORIENTED_EDGE('',*,*,#3693,.T.);
#4729=ORIENTED_EDGE('',*,*,#3695,.F.);
#4730=ORIENTED_EDGE('',*,*,#3584,.F.);
#4731=ORIENTED_EDGE('',*,*,#3696,.T.);
#4732=ORIENTED_EDGE('',*,*,#3586,.T.);
#4733=ORIENTED_EDGE('',*,*,#3697,.F.);
#4734=ORIENTED_EDGE('',*,*,#3695,.T.);
#4735=ORIENTED_EDGE('',*,*,#3696,.F.);
#4736=ORIENTED_EDGE('',*,*,#3698,.T.);
#4737=ORIENTED_EDGE('',*,*,#3699,.F.);
#4738=ORIENTED_EDGE('',*,*,#3698,.F.);
#4739=ORIENTED_EDGE('',*,*,#3570,.T.);
#4740=ORIENTED_EDGE('',*,*,#3700,.F.);
#4741=ORIENTED_EDGE('',*,*,#3701,.T.);
#4742=ORIENTED_EDGE('',*,*,#3702,.T.);
#4743=ORIENTED_EDGE('',*,*,#3703,.F.);
#4744=ORIENTED_EDGE('',*,*,#3704,.T.);
#4745=ORIENTED_EDGE('',*,*,#3705,.T.);
#4746=ORIENTED_EDGE('',*,*,#3706,.F.);
#4747=ORIENTED_EDGE('',*,*,#3707,.F.);
#4748=ORIENTED_EDGE('',*,*,#3708,.T.);
#4749=ORIENTED_EDGE('',*,*,#3709,.T.);
#4750=ORIENTED_EDGE('',*,*,#3710,.T.);
#4751=ORIENTED_EDGE('',*,*,#3711,.F.);
#4752=ORIENTED_EDGE('',*,*,#3567,.F.);
#4753=ORIENTED_EDGE('',*,*,#3712,.F.);
#4754=ORIENTED_EDGE('',*,*,#3572,.T.);
#4755=ORIENTED_EDGE('',*,*,#3568,.T.);
#4756=ORIENTED_EDGE('',*,*,#3713,.F.);
#4757=ORIENTED_EDGE('',*,*,#3714,.F.);
#4758=ORIENTED_EDGE('',*,*,#3713,.T.);
#4759=ORIENTED_EDGE('',*,*,#3711,.T.);
#4760=ORIENTED_EDGE('',*,*,#3715,.F.);
#4761=ORIENTED_EDGE('',*,*,#3716,.F.);
#4762=ORIENTED_EDGE('',*,*,#3715,.T.);
#4763=ORIENTED_EDGE('',*,*,#3717,.T.);
#4764=ORIENTED_EDGE('',*,*,#3701,.F.);
#4765=ORIENTED_EDGE('',*,*,#3710,.F.);
#4766=ORIENTED_EDGE('',*,*,#3718,.T.);
#4767=ORIENTED_EDGE('',*,*,#3717,.F.);
#4768=ORIENTED_EDGE('',*,*,#3719,.F.);
#4769=ORIENTED_EDGE('',*,*,#3702,.F.);
#4770=ORIENTED_EDGE('',*,*,#3720,.T.);
#4771=ORIENTED_EDGE('',*,*,#3704,.F.);
#4772=ORIENTED_EDGE('',*,*,#3718,.F.);
#4773=ORIENTED_EDGE('',*,*,#3721,.T.);
#4774=ORIENTED_EDGE('',*,*,#3720,.F.);
#4775=ORIENTED_EDGE('',*,*,#3721,.F.);
#4776=ORIENTED_EDGE('',*,*,#3722,.T.);
#4777=ORIENTED_EDGE('',*,*,#3705,.F.);
#4778=ORIENTED_EDGE('',*,*,#3723,.F.);
#4779=ORIENTED_EDGE('',*,*,#3724,.T.);
#4780=ORIENTED_EDGE('',*,*,#3725,.F.);
#4781=ORIENTED_EDGE('',*,*,#3724,.F.);
#4782=ORIENTED_EDGE('',*,*,#3726,.T.);
#4783=ORIENTED_EDGE('',*,*,#3727,.F.);
#4784=ORIENTED_EDGE('',*,*,#3558,.T.);
#4785=ORIENTED_EDGE('',*,*,#3728,.T.);
#4786=ORIENTED_EDGE('',*,*,#3729,.F.);
#4787=ORIENTED_EDGE('',*,*,#3551,.T.);
#4788=ORIENTED_EDGE('',*,*,#3730,.F.);
#4789=ORIENTED_EDGE('',*,*,#3728,.F.);
#4790=ORIENTED_EDGE('',*,*,#3731,.F.);
#4791=ORIENTED_EDGE('',*,*,#3553,.F.);
#4792=ORIENTED_EDGE('',*,*,#3732,.T.);
#4793=ORIENTED_EDGE('',*,*,#3732,.F.);
#4794=ORIENTED_EDGE('',*,*,#3733,.T.);
#4795=ORIENTED_EDGE('',*,*,#3734,.F.);
#4796=ORIENTED_EDGE('',*,*,#3548,.T.);
#4797=ORIENTED_EDGE('',*,*,#3735,.F.);
#4798=ORIENTED_EDGE('',*,*,#3733,.F.);
#4799=ORIENTED_EDGE('',*,*,#3736,.F.);
#4800=ORIENTED_EDGE('',*,*,#3550,.F.);
#4801=ORIENTED_EDGE('',*,*,#3737,.T.);
#4802=ORIENTED_EDGE('',*,*,#3738,.T.);
#4803=ORIENTED_EDGE('',*,*,#3739,.F.);
#4804=ORIENTED_EDGE('',*,*,#3737,.F.);
#4805=ORIENTED_EDGE('',*,*,#3740,.T.);
#4806=ORIENTED_EDGE('',*,*,#3741,.F.);
#4807=ORIENTED_EDGE('',*,*,#3738,.F.);
#4808=ORIENTED_EDGE('',*,*,#3742,.T.);
#4809=ORIENTED_EDGE('',*,*,#3743,.F.);
#4810=ORIENTED_EDGE('',*,*,#3740,.F.);
#4811=ORIENTED_EDGE('',*,*,#3742,.F.);
#4812=ORIENTED_EDGE('',*,*,#3744,.T.);
#4813=ORIENTED_EDGE('',*,*,#3745,.F.);
#4814=ORIENTED_EDGE('',*,*,#3746,.F.);
#4815=ORIENTED_EDGE('',*,*,#3747,.F.);
#4816=ORIENTED_EDGE('',*,*,#3748,.T.);
#4817=ORIENTED_EDGE('',*,*,#3749,.F.);
#4818=ORIENTED_EDGE('',*,*,#3750,.T.);
#4819=ORIENTED_EDGE('',*,*,#3751,.F.);
#4820=ORIENTED_EDGE('',*,*,#3752,.F.);
#4821=ORIENTED_EDGE('',*,*,#3753,.F.);
#4822=ORIENTED_EDGE('',*,*,#3754,.T.);
#4823=ORIENTED_EDGE('',*,*,#3751,.T.);
#4824=ORIENTED_EDGE('',*,*,#3755,.F.);
#4825=ORIENTED_EDGE('',*,*,#3756,.F.);
#4826=ORIENTED_EDGE('',*,*,#3757,.T.);
#4827=ORIENTED_EDGE('',*,*,#3758,.T.);
#4828=ORIENTED_EDGE('',*,*,#3759,.F.);
#4829=ORIENTED_EDGE('',*,*,#3755,.T.);
#4830=ORIENTED_EDGE('',*,*,#3760,.T.);
#4831=ORIENTED_EDGE('',*,*,#3757,.F.);
#4832=ORIENTED_EDGE('',*,*,#3750,.F.);
#4833=ORIENTED_EDGE('',*,*,#3761,.T.);
#4834=ORIENTED_EDGE('',*,*,#3760,.F.);
#4835=ORIENTED_EDGE('',*,*,#3761,.F.);
#4836=ORIENTED_EDGE('',*,*,#3547,.T.);
#4837=ORIENTED_EDGE('',*,*,#3762,.F.);
#4838=ORIENTED_EDGE('',*,*,#3763,.F.);
#4839=ORIENTED_EDGE('',*,*,#3758,.F.);
#4840=ORIENTED_EDGE('',*,*,#3762,.T.);
#4841=ORIENTED_EDGE('',*,*,#3764,.F.);
#4842=ORIENTED_EDGE('',*,*,#3765,.F.);
#4843=ORIENTED_EDGE('',*,*,#3764,.T.);
#4844=ORIENTED_EDGE('',*,*,#3766,.T.);
#4845=ORIENTED_EDGE('',*,*,#3476,.F.);
#4846=ORIENTED_EDGE('',*,*,#3358,.T.);
#4847=ORIENTED_EDGE('',*,*,#3767,.T.);
#4848=ORIENTED_EDGE('',*,*,#3767,.F.);
#4849=ORIENTED_EDGE('',*,*,#3361,.F.);
#4850=ORIENTED_EDGE('',*,*,#3768,.T.);
#4851=ORIENTED_EDGE('',*,*,#3769,.F.);
#4852=ORIENTED_EDGE('',*,*,#3770,.T.);
#4853=ORIENTED_EDGE('',*,*,#3771,.T.);
#4854=ORIENTED_EDGE('',*,*,#3772,.T.);
#4855=ORIENTED_EDGE('',*,*,#3773,.F.);
#4856=ORIENTED_EDGE('',*,*,#3391,.F.);
#4857=ORIENTED_EDGE('',*,*,#3774,.T.);
#4858=ORIENTED_EDGE('',*,*,#3772,.F.);
#4859=ORIENTED_EDGE('',*,*,#3775,.T.);
#4860=ORIENTED_EDGE('',*,*,#3776,.T.);
#4861=ORIENTED_EDGE('',*,*,#3777,.F.);
#4862=ORIENTED_EDGE('',*,*,#3778,.F.);
#4863=ORIENTED_EDGE('',*,*,#3779,.T.);
#4864=ORIENTED_EDGE('',*,*,#3780,.F.);
#4865=ORIENTED_EDGE('',*,*,#3781,.F.);
#4866=ORIENTED_EDGE('',*,*,#3782,.T.);
#4867=ORIENTED_EDGE('',*,*,#3783,.F.);
#4868=ORIENTED_EDGE('',*,*,#3784,.F.);
#4869=ORIENTED_EDGE('',*,*,#3770,.F.);
#4870=ORIENTED_EDGE('',*,*,#3785,.T.);
#4871=ORIENTED_EDGE('',*,*,#3786,.T.);
#4872=ORIENTED_EDGE('',*,*,#3787,.F.);
#4873=ORIENTED_EDGE('',*,*,#3788,.T.);
#4874=ORIENTED_EDGE('',*,*,#3789,.T.);
#4875=ORIENTED_EDGE('',*,*,#3790,.T.);
#4876=ORIENTED_EDGE('',*,*,#3791,.F.);
#4877=ORIENTED_EDGE('',*,*,#3792,.F.);
#4878=ORIENTED_EDGE('',*,*,#3771,.F.);
#4879=ORIENTED_EDGE('',*,*,#3787,.T.);
#4880=ORIENTED_EDGE('',*,*,#3793,.T.);
#4881=ORIENTED_EDGE('',*,*,#3793,.F.);
#4882=ORIENTED_EDGE('',*,*,#3794,.T.);
#4883=ORIENTED_EDGE('',*,*,#3479,.T.);
#4884=ORIENTED_EDGE('',*,*,#3795,.T.);
#4885=ORIENTED_EDGE('',*,*,#3794,.F.);
#4886=ORIENTED_EDGE('',*,*,#3789,.F.);
#4887=ORIENTED_EDGE('',*,*,#3795,.F.);
#4888=ORIENTED_EDGE('',*,*,#3796,.T.);
#4889=ORIENTED_EDGE('',*,*,#3797,.T.);
#4890=ORIENTED_EDGE('',*,*,#3798,.T.);
#4891=ORIENTED_EDGE('',*,*,#3799,.F.);
#4892=ORIENTED_EDGE('',*,*,#3790,.F.);
#4893=ORIENTED_EDGE('',*,*,#3800,.T.);
#4894=ORIENTED_EDGE('',*,*,#3801,.T.);
#4895=ORIENTED_EDGE('',*,*,#3802,.F.);
#4896=ORIENTED_EDGE('',*,*,#3803,.F.);
#4897=ORIENTED_EDGE('',*,*,#3804,.F.);
#4898=ORIENTED_EDGE('',*,*,#3527,.T.);
#4899=ORIENTED_EDGE('',*,*,#3805,.T.);
#4900=ORIENTED_EDGE('',*,*,#3806,.T.);
#4901=ORIENTED_EDGE('',*,*,#3807,.F.);
#4902=ORIENTED_EDGE('',*,*,#3808,.F.);
#4903=ORIENTED_EDGE('',*,*,#3809,.F.);
#4904=ORIENTED_EDGE('',*,*,#3802,.T.);
#4905=ORIENTED_EDGE('',*,*,#3810,.F.);
#4906=ORIENTED_EDGE('',*,*,#3811,.T.);
#4907=ORIENTED_EDGE('',*,*,#3812,.T.);
#4908=ORIENTED_EDGE('',*,*,#3812,.F.);
#4909=ORIENTED_EDGE('',*,*,#3813,.F.);
#4910=ORIENTED_EDGE('',*,*,#3814,.T.);
#4911=ORIENTED_EDGE('',*,*,#3815,.T.);
#4912=ORIENTED_EDGE('',*,*,#3816,.T.);
#4913=ORIENTED_EDGE('',*,*,#3817,.F.);
#4914=ORIENTED_EDGE('',*,*,#3818,.T.);
#4915=ORIENTED_EDGE('',*,*,#3815,.F.);
#4916=ORIENTED_EDGE('',*,*,#3819,.F.);
#4917=ORIENTED_EDGE('',*,*,#3820,.F.);
#4918=ORIENTED_EDGE('',*,*,#3821,.F.);
#4919=ORIENTED_EDGE('',*,*,#3536,.T.);
#4920=ORIENTED_EDGE('',*,*,#3822,.T.);
#4921=ORIENTED_EDGE('',*,*,#3823,.T.);
#4922=ORIENTED_EDGE('',*,*,#3824,.F.);
#4923=ORIENTED_EDGE('',*,*,#3825,.T.);
#4924=ORIENTED_EDGE('',*,*,#3826,.T.);
#4925=ORIENTED_EDGE('',*,*,#3827,.F.);
#4926=ORIENTED_EDGE('',*,*,#3828,.F.);
#4927=ORIENTED_EDGE('',*,*,#3823,.F.);
#4928=ORIENTED_EDGE('',*,*,#3819,.T.);
#4929=ORIENTED_EDGE('',*,*,#3828,.T.);
#4930=ORIENTED_EDGE('',*,*,#3817,.T.);
#4931=ORIENTED_EDGE('',*,*,#3829,.F.);
#4932=ORIENTED_EDGE('',*,*,#3829,.T.);
#4933=ORIENTED_EDGE('',*,*,#3813,.T.);
#4934=ORIENTED_EDGE('',*,*,#3830,.F.);
#4935=ORIENTED_EDGE('',*,*,#3830,.T.);
#4936=ORIENTED_EDGE('',*,*,#3831,.T.);
#4937=ORIENTED_EDGE('',*,*,#3832,.F.);
#4938=ORIENTED_EDGE('',*,*,#3833,.F.);
#4939=ORIENTED_EDGE('',*,*,#3831,.F.);
#4940=ORIENTED_EDGE('',*,*,#3808,.T.);
#4941=ORIENTED_EDGE('',*,*,#3798,.F.);
#4942=ORIENTED_EDGE('',*,*,#3834,.F.);
#4943=ORIENTED_EDGE('',*,*,#3833,.T.);
#4944=ORIENTED_EDGE('',*,*,#3832,.T.);
#4945=ORIENTED_EDGE('',*,*,#3834,.T.);
#4946=ORIENTED_EDGE('',*,*,#3835,.F.);
#4947=ORIENTED_EDGE('',*,*,#3836,.F.);
#4948=ORIENTED_EDGE('',*,*,#3837,.F.);
#4949=ORIENTED_EDGE('',*,*,#3835,.T.);
#4950=ORIENTED_EDGE('',*,*,#3838,.F.);
#4951=ORIENTED_EDGE('',*,*,#3839,.T.);
#4952=ORIENTED_EDGE('',*,*,#3840,.F.);
#4953=ORIENTED_EDGE('',*,*,#3841,.T.);
#4954=ORIENTED_EDGE('',*,*,#3842,.F.);
#4955=ORIENTED_EDGE('',*,*,#3843,.F.);
#4956=ORIENTED_EDGE('',*,*,#3844,.T.);
#4957=ORIENTED_EDGE('',*,*,#3444,.F.);
#4958=ORIENTED_EDGE('',*,*,#3845,.T.);
#4959=ORIENTED_EDGE('',*,*,#3846,.F.);
#4960=ORIENTED_EDGE('',*,*,#3847,.T.);
#4961=ORIENTED_EDGE('',*,*,#3468,.F.);
#4962=ORIENTED_EDGE('',*,*,#3848,.F.);
#4963=ORIENTED_EDGE('',*,*,#3849,.T.);
#4964=ORIENTED_EDGE('',*,*,#3850,.T.);
#4965=ORIENTED_EDGE('',*,*,#3473,.F.);
#4966=ORIENTED_EDGE('',*,*,#3851,.F.);
#4967=ORIENTED_EDGE('',*,*,#3766,.F.);
#4968=ORIENTED_EDGE('',*,*,#3852,.T.);
#4969=ORIENTED_EDGE('',*,*,#3849,.F.);
#4970=ORIENTED_EDGE('',*,*,#3853,.T.);
#4971=ORIENTED_EDGE('',*,*,#3852,.F.);
#4972=ORIENTED_EDGE('',*,*,#3546,.T.);
#4973=ORIENTED_EDGE('',*,*,#3854,.T.);
#4974=ORIENTED_EDGE('',*,*,#3850,.F.);
#4975=ORIENTED_EDGE('',*,*,#3853,.F.);
#4976=ORIENTED_EDGE('',*,*,#3854,.F.);
#4977=ORIENTED_EDGE('',*,*,#3855,.T.);
#4978=ORIENTED_EDGE('',*,*,#3474,.F.);
#4979=ORIENTED_EDGE('',*,*,#3855,.F.);
#4980=ORIENTED_EDGE('',*,*,#3542,.T.);
#4981=ORIENTED_EDGE('',*,*,#3856,.T.);
#4982=ORIENTED_EDGE('',*,*,#3471,.F.);
#4983=ORIENTED_EDGE('',*,*,#3856,.F.);
#4984=ORIENTED_EDGE('',*,*,#3846,.T.);
#4985=ORIENTED_EDGE('',*,*,#3847,.F.);
#4986=ORIENTED_EDGE('',*,*,#3857,.T.);
#4987=ORIENTED_EDGE('',*,*,#3465,.F.);
#4988=ORIENTED_EDGE('',*,*,#3857,.F.);
#4989=ORIENTED_EDGE('',*,*,#3858,.T.);
#4990=ORIENTED_EDGE('',*,*,#3460,.F.);
#4991=ORIENTED_EDGE('',*,*,#3858,.F.);
#4992=ORIENTED_EDGE('',*,*,#3859,.T.);
#4993=ORIENTED_EDGE('',*,*,#3457,.F.);
#4994=ORIENTED_EDGE('',*,*,#3859,.F.);
#4995=ORIENTED_EDGE('',*,*,#3860,.T.);
#4996=ORIENTED_EDGE('',*,*,#3452,.F.);
#4997=ORIENTED_EDGE('',*,*,#3861,.T.);
#4998=ORIENTED_EDGE('',*,*,#3441,.F.);
#4999=ORIENTED_EDGE('',*,*,#3844,.F.);
#5000=ORIENTED_EDGE('',*,*,#3862,.T.);
#5001=ORIENTED_EDGE('',*,*,#3430,.F.);
#5002=ORIENTED_EDGE('',*,*,#3842,.T.);
#5003=ORIENTED_EDGE('',*,*,#3863,.F.);
#5004=ORIENTED_EDGE('',*,*,#3778,.T.);
#5005=ORIENTED_EDGE('',*,*,#3422,.F.);
#5006=ORIENTED_EDGE('',*,*,#3862,.F.);
#5007=ORIENTED_EDGE('',*,*,#3863,.T.);
#5008=ORIENTED_EDGE('',*,*,#3427,.F.);
#5009=ORIENTED_EDGE('',*,*,#3864,.F.);
#5010=ORIENTED_EDGE('',*,*,#3843,.T.);
#5011=ORIENTED_EDGE('',*,*,#3433,.F.);
#5012=ORIENTED_EDGE('',*,*,#3861,.F.);
#5013=ORIENTED_EDGE('',*,*,#3864,.T.);
#5014=ORIENTED_EDGE('',*,*,#3438,.F.);
#5015=ORIENTED_EDGE('',*,*,#3860,.F.);
#5016=ORIENTED_EDGE('',*,*,#3865,.T.);
#5017=ORIENTED_EDGE('',*,*,#3447,.F.);
#5018=ORIENTED_EDGE('',*,*,#3866,.T.);
#5019=ORIENTED_EDGE('',*,*,#3845,.F.);
#5020=ORIENTED_EDGE('',*,*,#3865,.F.);
#5021=ORIENTED_EDGE('',*,*,#3866,.F.);
#5022=ORIENTED_EDGE('',*,*,#3544,.T.);
#5023=ORIENTED_EDGE('',*,*,#3867,.T.);
#5024=ORIENTED_EDGE('',*,*,#3841,.F.);
#5025=ORIENTED_EDGE('',*,*,#3867,.F.);
#5026=ORIENTED_EDGE('',*,*,#3868,.T.);
#5027=ORIENTED_EDGE('',*,*,#3836,.T.);
#5028=ORIENTED_EDGE('',*,*,#3869,.F.);
#5029=ORIENTED_EDGE('',*,*,#3870,.F.);
#5030=ORIENTED_EDGE('',*,*,#3871,.F.);
#5031=ORIENTED_EDGE('',*,*,#3869,.T.);
#5032=ORIENTED_EDGE('',*,*,#3792,.T.);
#5033=ORIENTED_EDGE('',*,*,#3782,.F.);
#5034=ORIENTED_EDGE('',*,*,#3872,.T.);
#5035=ORIENTED_EDGE('',*,*,#3871,.T.);
#5036=ORIENTED_EDGE('',*,*,#3870,.T.);
#5037=ORIENTED_EDGE('',*,*,#3872,.F.);
#5038=ORIENTED_EDGE('',*,*,#3873,.F.);
#5039=ORIENTED_EDGE('',*,*,#3873,.T.);
#5040=ORIENTED_EDGE('',*,*,#3779,.F.);
#5041=ORIENTED_EDGE('',*,*,#3874,.F.);
#5042=ORIENTED_EDGE('',*,*,#3875,.F.);
#5043=ORIENTED_EDGE('',*,*,#3840,.T.);
#5044=ORIENTED_EDGE('',*,*,#3874,.T.);
#5045=ORIENTED_EDGE('',*,*,#3875,.T.);
#5046=ORIENTED_EDGE('',*,*,#3781,.T.);
#5047=ORIENTED_EDGE('',*,*,#3876,.F.);
#5048=ORIENTED_EDGE('',*,*,#3776,.F.);
#5049=ORIENTED_EDGE('',*,*,#3877,.T.);
#5050=ORIENTED_EDGE('',*,*,#3876,.T.);
#5051=ORIENTED_EDGE('',*,*,#3868,.F.);
#5052=ORIENTED_EDGE('',*,*,#3878,.T.);
#5053=ORIENTED_EDGE('',*,*,#3877,.F.);
#5054=ORIENTED_EDGE('',*,*,#3838,.T.);
#5055=ORIENTED_EDGE('',*,*,#3878,.F.);
#5056=ORIENTED_EDGE('',*,*,#3879,.T.);
#5057=ORIENTED_EDGE('',*,*,#3880,.T.);
#5058=ORIENTED_EDGE('',*,*,#3537,.T.);
#5059=ORIENTED_EDGE('',*,*,#3826,.F.);
#5060=ORIENTED_EDGE('',*,*,#3881,.T.);
#5061=ORIENTED_EDGE('',*,*,#3879,.F.);
#5062=ORIENTED_EDGE('',*,*,#3880,.F.);
#5063=ORIENTED_EDGE('',*,*,#3881,.F.);
#5064=ORIENTED_EDGE('',*,*,#3825,.F.);
#5065=ORIENTED_EDGE('',*,*,#3882,.T.);
#5066=ORIENTED_EDGE('',*,*,#3883,.T.);
#5067=ORIENTED_EDGE('',*,*,#3839,.F.);
#5068=ORIENTED_EDGE('',*,*,#3882,.F.);
#5069=ORIENTED_EDGE('',*,*,#3884,.T.);
#5070=ORIENTED_EDGE('',*,*,#3837,.T.);
#5071=ORIENTED_EDGE('',*,*,#3883,.F.);
#5072=ORIENTED_EDGE('',*,*,#3885,.T.);
#5073=ORIENTED_EDGE('',*,*,#3824,.T.);
#5074=ORIENTED_EDGE('',*,*,#3884,.F.);
#5075=ORIENTED_EDGE('',*,*,#3827,.T.);
#5076=ORIENTED_EDGE('',*,*,#3886,.T.);
#5077=ORIENTED_EDGE('',*,*,#3885,.F.);
#5078=ORIENTED_EDGE('',*,*,#3887,.F.);
#5079=ORIENTED_EDGE('',*,*,#3886,.F.);
#5080=ORIENTED_EDGE('',*,*,#3821,.T.);
#5081=ORIENTED_EDGE('',*,*,#3822,.F.);
#5082=ORIENTED_EDGE('',*,*,#3887,.T.);
#5083=ORIENTED_EDGE('',*,*,#3888,.T.);
#5084=ORIENTED_EDGE('',*,*,#3820,.T.);
#5085=ORIENTED_EDGE('',*,*,#3889,.T.);
#5086=ORIENTED_EDGE('',*,*,#3888,.F.);
#5087=ORIENTED_EDGE('',*,*,#3818,.F.);
#5088=ORIENTED_EDGE('',*,*,#3889,.F.);
#5089=ORIENTED_EDGE('',*,*,#3890,.T.);
#5090=ORIENTED_EDGE('',*,*,#3891,.F.);
#5091=ORIENTED_EDGE('',*,*,#3890,.F.);
#5092=ORIENTED_EDGE('',*,*,#3535,.T.);
#5093=ORIENTED_EDGE('',*,*,#3892,.F.);
#5094=ORIENTED_EDGE('',*,*,#3816,.F.);
#5095=ORIENTED_EDGE('',*,*,#3891,.T.);
#5096=ORIENTED_EDGE('',*,*,#3893,.F.);
#5097=ORIENTED_EDGE('',*,*,#3814,.F.);
#5098=ORIENTED_EDGE('',*,*,#3892,.T.);
#5099=ORIENTED_EDGE('',*,*,#3810,.T.);
#5100=ORIENTED_EDGE('',*,*,#3893,.T.);
#5101=ORIENTED_EDGE('',*,*,#3894,.F.);
#5102=ORIENTED_EDGE('',*,*,#3534,.F.);
#5103=ORIENTED_EDGE('',*,*,#3895,.T.);
#5104=ORIENTED_EDGE('',*,*,#3894,.T.);
#5105=ORIENTED_EDGE('',*,*,#3896,.T.);
#5106=ORIENTED_EDGE('',*,*,#3528,.T.);
#5107=ORIENTED_EDGE('',*,*,#3806,.F.);
#5108=ORIENTED_EDGE('',*,*,#3897,.T.);
#5109=ORIENTED_EDGE('',*,*,#3895,.F.);
#5110=ORIENTED_EDGE('',*,*,#3896,.F.);
#5111=ORIENTED_EDGE('',*,*,#3897,.F.);
#5112=ORIENTED_EDGE('',*,*,#3805,.F.);
#5113=ORIENTED_EDGE('',*,*,#3898,.T.);
#5114=ORIENTED_EDGE('',*,*,#3899,.T.);
#5115=ORIENTED_EDGE('',*,*,#3811,.F.);
#5116=ORIENTED_EDGE('',*,*,#3898,.F.);
#5117=ORIENTED_EDGE('',*,*,#3900,.T.);
#5118=ORIENTED_EDGE('',*,*,#3809,.T.);
#5119=ORIENTED_EDGE('',*,*,#3899,.F.);
#5120=ORIENTED_EDGE('',*,*,#3807,.T.);
#5121=ORIENTED_EDGE('',*,*,#3901,.T.);
#5122=ORIENTED_EDGE('',*,*,#3900,.F.);
#5123=ORIENTED_EDGE('',*,*,#3902,.F.);
#5124=ORIENTED_EDGE('',*,*,#3901,.F.);
#5125=ORIENTED_EDGE('',*,*,#3804,.T.);
#5126=ORIENTED_EDGE('',*,*,#3800,.F.);
#5127=ORIENTED_EDGE('',*,*,#3902,.T.);
#5128=ORIENTED_EDGE('',*,*,#3903,.T.);
#5129=ORIENTED_EDGE('',*,*,#3803,.T.);
#5130=ORIENTED_EDGE('',*,*,#3904,.T.);
#5131=ORIENTED_EDGE('',*,*,#3903,.F.);
#5132=ORIENTED_EDGE('',*,*,#3904,.F.);
#5133=ORIENTED_EDGE('',*,*,#3480,.T.);
#5134=ORIENTED_EDGE('',*,*,#3905,.F.);
#5135=ORIENTED_EDGE('',*,*,#3906,.F.);
#5136=ORIENTED_EDGE('',*,*,#3801,.F.);
#5137=ORIENTED_EDGE('',*,*,#3905,.T.);
#5138=ORIENTED_EDGE('',*,*,#3797,.F.);
#5139=ORIENTED_EDGE('',*,*,#3907,.T.);
#5140=ORIENTED_EDGE('',*,*,#3906,.T.);
#5141=ORIENTED_EDGE('',*,*,#3799,.T.);
#5142=ORIENTED_EDGE('',*,*,#3907,.F.);
#5143=ORIENTED_EDGE('',*,*,#3908,.F.);
#5144=ORIENTED_EDGE('',*,*,#3796,.F.);
#5145=ORIENTED_EDGE('',*,*,#3909,.T.);
#5146=ORIENTED_EDGE('',*,*,#3908,.T.);
#5147=ORIENTED_EDGE('',*,*,#3791,.T.);
#5148=ORIENTED_EDGE('',*,*,#3909,.F.);
#5149=ORIENTED_EDGE('',*,*,#3910,.F.);
#5150=ORIENTED_EDGE('',*,*,#3788,.F.);
#5151=ORIENTED_EDGE('',*,*,#3911,.T.);
#5152=ORIENTED_EDGE('',*,*,#3910,.T.);
#5153=ORIENTED_EDGE('',*,*,#3912,.T.);
#5154=ORIENTED_EDGE('',*,*,#3911,.F.);
#5155=ORIENTED_EDGE('',*,*,#3786,.F.);
#5156=ORIENTED_EDGE('',*,*,#3783,.T.);
#5157=ORIENTED_EDGE('',*,*,#3912,.F.);
#5158=ORIENTED_EDGE('',*,*,#3913,.F.);
#5159=ORIENTED_EDGE('',*,*,#3785,.F.);
#5160=ORIENTED_EDGE('',*,*,#3914,.T.);
#5161=ORIENTED_EDGE('',*,*,#3913,.T.);
#5162=ORIENTED_EDGE('',*,*,#3915,.T.);
#5163=ORIENTED_EDGE('',*,*,#3914,.F.);
#5164=ORIENTED_EDGE('',*,*,#3774,.F.);
#5165=ORIENTED_EDGE('',*,*,#3784,.T.);
#5166=ORIENTED_EDGE('',*,*,#3915,.F.);
#5167=ORIENTED_EDGE('',*,*,#3916,.F.);
#5168=ORIENTED_EDGE('',*,*,#3917,.F.);
#5169=ORIENTED_EDGE('',*,*,#3780,.T.);
#5170=ORIENTED_EDGE('',*,*,#3916,.T.);
#5171=ORIENTED_EDGE('',*,*,#3777,.T.);
#5172=ORIENTED_EDGE('',*,*,#3917,.T.);
#5173=ORIENTED_EDGE('',*,*,#3918,.F.);
#5174=ORIENTED_EDGE('',*,*,#3919,.F.);
#5175=ORIENTED_EDGE('',*,*,#3419,.F.);
#5176=ORIENTED_EDGE('',*,*,#3918,.T.);
#5177=ORIENTED_EDGE('',*,*,#3920,.F.);
#5178=ORIENTED_EDGE('',*,*,#3406,.F.);
#5179=ORIENTED_EDGE('',*,*,#3409,.F.);
#5180=ORIENTED_EDGE('',*,*,#3414,.F.);
#5181=ORIENTED_EDGE('',*,*,#3919,.T.);
#5182=ORIENTED_EDGE('',*,*,#3921,.F.);
#5183=ORIENTED_EDGE('',*,*,#3403,.F.);
#5184=ORIENTED_EDGE('',*,*,#3920,.T.);
#5185=ORIENTED_EDGE('',*,*,#3922,.F.);
#5186=ORIENTED_EDGE('',*,*,#3400,.F.);
#5187=ORIENTED_EDGE('',*,*,#3921,.T.);
#5188=ORIENTED_EDGE('',*,*,#3923,.F.);
#5189=ORIENTED_EDGE('',*,*,#3397,.F.);
#5190=ORIENTED_EDGE('',*,*,#3922,.T.);
#5191=ORIENTED_EDGE('',*,*,#3775,.F.);
#5192=ORIENTED_EDGE('',*,*,#3394,.F.);
#5193=ORIENTED_EDGE('',*,*,#3923,.T.);
#5194=ORIENTED_EDGE('',*,*,#3773,.T.);
#5195=ORIENTED_EDGE('',*,*,#3924,.F.);
#5196=ORIENTED_EDGE('',*,*,#3388,.F.);
#5197=ORIENTED_EDGE('',*,*,#3925,.F.);
#5198=ORIENTED_EDGE('',*,*,#3385,.F.);
#5199=ORIENTED_EDGE('',*,*,#3924,.T.);
#5200=ORIENTED_EDGE('',*,*,#3926,.F.);
#5201=ORIENTED_EDGE('',*,*,#3382,.F.);
#5202=ORIENTED_EDGE('',*,*,#3925,.T.);
#5203=ORIENTED_EDGE('',*,*,#3769,.T.);
#5204=ORIENTED_EDGE('',*,*,#3927,.F.);
#5205=ORIENTED_EDGE('',*,*,#3926,.T.);
#5206=ORIENTED_EDGE('',*,*,#3928,.F.);
#5207=ORIENTED_EDGE('',*,*,#3371,.F.);
#5208=ORIENTED_EDGE('',*,*,#3374,.F.);
#5209=ORIENTED_EDGE('',*,*,#3379,.F.);
#5210=ORIENTED_EDGE('',*,*,#3927,.T.);
#5211=ORIENTED_EDGE('',*,*,#3768,.F.);
#5212=ORIENTED_EDGE('',*,*,#3366,.F.);
#5213=ORIENTED_EDGE('',*,*,#3928,.T.);
#5214=ORIENTED_EDGE('',*,*,#3929,.F.);
#5215=ORIENTED_EDGE('',*,*,#3749,.T.);
#5216=ORIENTED_EDGE('',*,*,#3930,.T.);
#5217=ORIENTED_EDGE('',*,*,#3931,.F.);
#5218=ORIENTED_EDGE('',*,*,#3930,.F.);
#5219=ORIENTED_EDGE('',*,*,#3932,.T.);
#5220=ORIENTED_EDGE('',*,*,#3754,.F.);
#5221=ORIENTED_EDGE('',*,*,#3933,.F.);
#5222=ORIENTED_EDGE('',*,*,#3752,.T.);
#5223=ORIENTED_EDGE('',*,*,#3932,.F.);
#5224=ORIENTED_EDGE('',*,*,#3934,.F.);
#5225=ORIENTED_EDGE('',*,*,#3933,.T.);
#5226=ORIENTED_EDGE('',*,*,#3748,.F.);
#5227=ORIENTED_EDGE('',*,*,#3934,.T.);
#5228=ORIENTED_EDGE('',*,*,#3935,.F.);
#5229=ORIENTED_EDGE('',*,*,#3744,.F.);
#5230=ORIENTED_EDGE('',*,*,#3936,.F.);
#5231=ORIENTED_EDGE('',*,*,#3937,.F.);
#5232=ORIENTED_EDGE('',*,*,#3935,.T.);
#5233=ORIENTED_EDGE('',*,*,#3747,.T.);
#5234=ORIENTED_EDGE('',*,*,#3938,.F.);
#5235=ORIENTED_EDGE('',*,*,#3939,.T.);
#5236=ORIENTED_EDGE('',*,*,#3937,.T.);
#5237=ORIENTED_EDGE('',*,*,#3940,.F.);
#5238=ORIENTED_EDGE('',*,*,#3941,.T.);
#5239=ORIENTED_EDGE('',*,*,#3745,.T.);
#5240=ORIENTED_EDGE('',*,*,#3939,.F.);
#5241=ORIENTED_EDGE('',*,*,#3942,.F.);
#5242=ORIENTED_EDGE('',*,*,#3943,.T.);
#5243=ORIENTED_EDGE('',*,*,#3743,.T.);
#5244=ORIENTED_EDGE('',*,*,#3941,.F.);
#5245=ORIENTED_EDGE('',*,*,#3944,.F.);
#5246=ORIENTED_EDGE('',*,*,#3945,.T.);
#5247=ORIENTED_EDGE('',*,*,#3741,.T.);
#5248=ORIENTED_EDGE('',*,*,#3943,.F.);
#5249=ORIENTED_EDGE('',*,*,#3946,.F.);
#5250=ORIENTED_EDGE('',*,*,#3947,.T.);
#5251=ORIENTED_EDGE('',*,*,#3739,.T.);
#5252=ORIENTED_EDGE('',*,*,#3945,.F.);
#5253=ORIENTED_EDGE('',*,*,#3948,.F.);
#5254=ORIENTED_EDGE('',*,*,#3949,.T.);
#5255=ORIENTED_EDGE('',*,*,#3736,.T.);
#5256=ORIENTED_EDGE('',*,*,#3947,.F.);
#5257=ORIENTED_EDGE('',*,*,#3950,.F.);
#5258=ORIENTED_EDGE('',*,*,#3951,.T.);
#5259=ORIENTED_EDGE('',*,*,#3735,.T.);
#5260=ORIENTED_EDGE('',*,*,#3949,.F.);
#5261=ORIENTED_EDGE('',*,*,#3952,.F.);
#5262=ORIENTED_EDGE('',*,*,#3953,.T.);
#5263=ORIENTED_EDGE('',*,*,#3734,.T.);
#5264=ORIENTED_EDGE('',*,*,#3951,.F.);
#5265=ORIENTED_EDGE('',*,*,#3954,.F.);
#5266=ORIENTED_EDGE('',*,*,#3955,.T.);
#5267=ORIENTED_EDGE('',*,*,#3731,.T.);
#5268=ORIENTED_EDGE('',*,*,#3953,.F.);
#5269=ORIENTED_EDGE('',*,*,#3956,.F.);
#5270=ORIENTED_EDGE('',*,*,#3957,.T.);
#5271=ORIENTED_EDGE('',*,*,#3730,.T.);
#5272=ORIENTED_EDGE('',*,*,#3955,.F.);
#5273=ORIENTED_EDGE('',*,*,#3958,.F.);
#5274=ORIENTED_EDGE('',*,*,#3959,.T.);
#5275=ORIENTED_EDGE('',*,*,#3729,.T.);
#5276=ORIENTED_EDGE('',*,*,#3957,.F.);
#5277=ORIENTED_EDGE('',*,*,#3960,.F.);
#5278=ORIENTED_EDGE('',*,*,#3961,.T.);
#5279=ORIENTED_EDGE('',*,*,#3962,.T.);
#5280=ORIENTED_EDGE('',*,*,#3959,.F.);
#5281=ORIENTED_EDGE('',*,*,#3963,.F.);
#5282=ORIENTED_EDGE('',*,*,#3559,.T.);
#5283=ORIENTED_EDGE('',*,*,#3962,.F.);
#5284=ORIENTED_EDGE('',*,*,#3726,.F.);
#5285=ORIENTED_EDGE('',*,*,#3963,.T.);
#5286=ORIENTED_EDGE('',*,*,#3964,.F.);
#5287=ORIENTED_EDGE('',*,*,#3965,.F.);
#5288=ORIENTED_EDGE('',*,*,#3966,.F.);
#5289=ORIENTED_EDGE('',*,*,#3964,.T.);
#5290=ORIENTED_EDGE('',*,*,#3961,.F.);
#5291=ORIENTED_EDGE('',*,*,#3967,.F.);
#5292=ORIENTED_EDGE('',*,*,#3968,.T.);
#5293=ORIENTED_EDGE('',*,*,#3966,.T.);
#5294=ORIENTED_EDGE('',*,*,#3969,.F.);
#5295=ORIENTED_EDGE('',*,*,#3970,.T.);
#5296=ORIENTED_EDGE('',*,*,#3727,.T.);
#5297=ORIENTED_EDGE('',*,*,#3968,.F.);
#5298=ORIENTED_EDGE('',*,*,#3971,.F.);
#5299=ORIENTED_EDGE('',*,*,#3972,.F.);
#5300=ORIENTED_EDGE('',*,*,#3725,.T.);
#5301=ORIENTED_EDGE('',*,*,#3970,.F.);
#5302=ORIENTED_EDGE('',*,*,#3973,.F.);
#5303=ORIENTED_EDGE('',*,*,#3974,.T.);
#5304=ORIENTED_EDGE('',*,*,#3972,.T.);
#5305=ORIENTED_EDGE('',*,*,#3975,.F.);
#5306=ORIENTED_EDGE('',*,*,#3709,.F.);
#5307=ORIENTED_EDGE('',*,*,#3976,.T.);
#5308=ORIENTED_EDGE('',*,*,#3974,.F.);
#5309=ORIENTED_EDGE('',*,*,#3977,.F.);
#5310=ORIENTED_EDGE('',*,*,#3723,.T.);
#5311=ORIENTED_EDGE('',*,*,#3976,.F.);
#5312=ORIENTED_EDGE('',*,*,#3722,.F.);
#5313=ORIENTED_EDGE('',*,*,#3977,.T.);
#5314=ORIENTED_EDGE('',*,*,#3978,.F.);
#5315=ORIENTED_EDGE('',*,*,#3979,.F.);
#5316=ORIENTED_EDGE('',*,*,#3980,.F.);
#5317=ORIENTED_EDGE('',*,*,#3978,.T.);
#5318=ORIENTED_EDGE('',*,*,#3708,.F.);
#5319=ORIENTED_EDGE('',*,*,#3981,.F.);
#5320=ORIENTED_EDGE('',*,*,#3706,.T.);
#5321=ORIENTED_EDGE('',*,*,#3980,.T.);
#5322=ORIENTED_EDGE('',*,*,#3982,.F.);
#5323=ORIENTED_EDGE('',*,*,#3983,.F.);
#5324=ORIENTED_EDGE('',*,*,#3686,.T.);
#5325=ORIENTED_EDGE('',*,*,#3666,.T.);
#5326=ORIENTED_EDGE('',*,*,#3673,.F.);
#5327=ORIENTED_EDGE('',*,*,#3984,.T.);
#5328=ORIENTED_EDGE('',*,*,#3985,.T.);
#5329=ORIENTED_EDGE('',*,*,#3672,.F.);
#5330=ORIENTED_EDGE('',*,*,#3675,.F.);
#5331=ORIENTED_EDGE('',*,*,#3986,.T.);
#5332=ORIENTED_EDGE('',*,*,#3984,.F.);
#5333=ORIENTED_EDGE('',*,*,#3985,.F.);
#5334=ORIENTED_EDGE('',*,*,#3987,.F.);
#5335=ORIENTED_EDGE('',*,*,#3665,.T.);
#5336=ORIENTED_EDGE('',*,*,#3986,.F.);
#5337=ORIENTED_EDGE('',*,*,#3988,.T.);
#5338=ORIENTED_EDGE('',*,*,#3989,.F.);
#5339=ORIENTED_EDGE('',*,*,#3988,.F.);
#5340=ORIENTED_EDGE('',*,*,#3990,.F.);
#5341=ORIENTED_EDGE('',*,*,#3983,.T.);
#5342=ORIENTED_EDGE('',*,*,#3991,.F.);
#5343=ORIENTED_EDGE('',*,*,#3684,.T.);
#5344=ORIENTED_EDGE('',*,*,#3990,.T.);
#5345=ORIENTED_EDGE('',*,*,#3681,.T.);
#5346=ORIENTED_EDGE('',*,*,#3992,.T.);
#5347=ORIENTED_EDGE('',*,*,#3596,.F.);
#5348=ORIENTED_EDGE('',*,*,#3592,.F.);
#5349=ORIENTED_EDGE('',*,*,#3991,.T.);
#5350=ORIENTED_EDGE('',*,*,#3993,.F.);
#5351=ORIENTED_EDGE('',*,*,#3992,.F.);
#5352=ORIENTED_EDGE('',*,*,#3594,.T.);
#5353=ORIENTED_EDGE('',*,*,#3993,.T.);
#5354=ORIENTED_EDGE('',*,*,#3994,.F.);
#5355=ORIENTED_EDGE('',*,*,#3994,.T.);
#5356=ORIENTED_EDGE('',*,*,#3680,.T.);
#5357=ORIENTED_EDGE('',*,*,#3995,.F.);
#5358=ORIENTED_EDGE('',*,*,#3995,.T.);
#5359=ORIENTED_EDGE('',*,*,#3996,.T.);
#5360=ORIENTED_EDGE('',*,*,#3677,.F.);
#5361=ORIENTED_EDGE('',*,*,#3679,.F.);
#5362=ORIENTED_EDGE('',*,*,#3997,.T.);
#5363=ORIENTED_EDGE('',*,*,#3996,.F.);
#5364=ORIENTED_EDGE('',*,*,#3998,.T.);
#5365=ORIENTED_EDGE('',*,*,#3678,.F.);
#5366=ORIENTED_EDGE('',*,*,#3997,.F.);
#5367=ORIENTED_EDGE('',*,*,#3998,.F.);
#5368=ORIENTED_EDGE('',*,*,#3674,.T.);
#5369=ORIENTED_EDGE('',*,*,#3999,.F.);
#5370=ORIENTED_EDGE('',*,*,#3671,.T.);
#5371=ORIENTED_EDGE('',*,*,#4000,.F.);
#5372=ORIENTED_EDGE('',*,*,#3999,.T.);
#5373=ORIENTED_EDGE('',*,*,#3676,.T.);
#5374=ORIENTED_EDGE('',*,*,#3599,.F.);
#5375=ORIENTED_EDGE('',*,*,#4000,.T.);
#5376=ORIENTED_EDGE('',*,*,#4001,.F.);
#5377=ORIENTED_EDGE('',*,*,#3644,.F.);
#5378=ORIENTED_EDGE('',*,*,#4002,.T.);
#5379=ORIENTED_EDGE('',*,*,#3648,.T.);
#5380=ORIENTED_EDGE('',*,*,#4002,.F.);
#5381=ORIENTED_EDGE('',*,*,#3600,.T.);
#5382=ORIENTED_EDGE('',*,*,#4003,.T.);
#5383=ORIENTED_EDGE('',*,*,#4001,.T.);
#5384=ORIENTED_EDGE('',*,*,#4004,.T.);
#5385=ORIENTED_EDGE('',*,*,#4003,.F.);
#5386=ORIENTED_EDGE('',*,*,#3646,.F.);
#5387=ORIENTED_EDGE('',*,*,#4004,.F.);
#5388=ORIENTED_EDGE('',*,*,#4005,.T.);
#5389=ORIENTED_EDGE('',*,*,#4006,.F.);
#5390=ORIENTED_EDGE('',*,*,#3657,.T.);
#5391=ORIENTED_EDGE('',*,*,#4007,.F.);
#5392=ORIENTED_EDGE('',*,*,#3669,.F.);
#5393=ORIENTED_EDGE('',*,*,#4008,.F.);
#5394=ORIENTED_EDGE('',*,*,#4007,.T.);
#5395=ORIENTED_EDGE('',*,*,#3650,.T.);
#5396=ORIENTED_EDGE('',*,*,#4005,.F.);
#5397=ORIENTED_EDGE('',*,*,#4009,.T.);
#5398=ORIENTED_EDGE('',*,*,#4008,.T.);
#5399=ORIENTED_EDGE('',*,*,#4010,.T.);
#5400=ORIENTED_EDGE('',*,*,#3670,.T.);
#5401=ORIENTED_EDGE('',*,*,#4009,.F.);
#5402=ORIENTED_EDGE('',*,*,#4011,.T.);
#5403=ORIENTED_EDGE('',*,*,#3660,.T.);
#5404=ORIENTED_EDGE('',*,*,#4010,.F.);
#5405=ORIENTED_EDGE('',*,*,#3667,.T.);
#5406=ORIENTED_EDGE('',*,*,#4012,.T.);
#5407=ORIENTED_EDGE('',*,*,#4011,.F.);
#5408=ORIENTED_EDGE('',*,*,#4013,.F.);
#5409=ORIENTED_EDGE('',*,*,#4014,.T.);
#5410=ORIENTED_EDGE('',*,*,#4012,.F.);
#5411=ORIENTED_EDGE('',*,*,#3663,.F.);
#5412=ORIENTED_EDGE('',*,*,#4015,.F.);
#5413=ORIENTED_EDGE('',*,*,#3661,.F.);
#5414=ORIENTED_EDGE('',*,*,#4014,.F.);
#5415=ORIENTED_EDGE('',*,*,#4016,.F.);
#5416=ORIENTED_EDGE('',*,*,#3510,.F.);
#5417=ORIENTED_EDGE('',*,*,#4017,.F.);
#5418=ORIENTED_EDGE('',*,*,#3652,.T.);
#5419=ORIENTED_EDGE('',*,*,#4018,.T.);
#5420=ORIENTED_EDGE('',*,*,#3511,.F.);
#5421=ORIENTED_EDGE('',*,*,#4019,.F.);
#5422=ORIENTED_EDGE('',*,*,#4017,.T.);
#5423=ORIENTED_EDGE('',*,*,#4018,.F.);
#5424=ORIENTED_EDGE('',*,*,#4020,.T.);
#5425=ORIENTED_EDGE('',*,*,#4021,.F.);
#5426=ORIENTED_EDGE('',*,*,#4020,.F.);
#5427=ORIENTED_EDGE('',*,*,#4022,.F.);
#5428=ORIENTED_EDGE('',*,*,#4023,.F.);
#5429=ORIENTED_EDGE('',*,*,#4022,.T.);
#5430=ORIENTED_EDGE('',*,*,#3654,.F.);
#5431=ORIENTED_EDGE('',*,*,#4024,.F.);
#5432=ORIENTED_EDGE('',*,*,#4025,.F.);
#5433=ORIENTED_EDGE('',*,*,#4024,.T.);
#5434=ORIENTED_EDGE('',*,*,#4026,.F.);
#5435=ORIENTED_EDGE('',*,*,#3656,.F.);
#5436=ORIENTED_EDGE('',*,*,#3653,.T.);
#5437=ORIENTED_EDGE('',*,*,#4027,.F.);
#5438=ORIENTED_EDGE('',*,*,#4026,.T.);
#5439=ORIENTED_EDGE('',*,*,#4028,.F.);
#5440=ORIENTED_EDGE('',*,*,#3649,.F.);
#5441=ORIENTED_EDGE('',*,*,#4027,.T.);
#5442=ORIENTED_EDGE('',*,*,#4029,.F.);
#5443=ORIENTED_EDGE('',*,*,#3647,.T.);
#5444=ORIENTED_EDGE('',*,*,#4028,.T.);
#5445=ORIENTED_EDGE('',*,*,#4029,.T.);
#5446=ORIENTED_EDGE('',*,*,#3514,.T.);
#5447=ORIENTED_EDGE('',*,*,#4030,.F.);
#5448=ORIENTED_EDGE('',*,*,#4031,.F.);
#5449=ORIENTED_EDGE('',*,*,#3645,.F.);
#5450=ORIENTED_EDGE('',*,*,#4030,.T.);
#5451=ORIENTED_EDGE('',*,*,#4031,.T.);
#5452=ORIENTED_EDGE('',*,*,#3641,.F.);
#5453=ORIENTED_EDGE('',*,*,#4032,.F.);
#5454=ORIENTED_EDGE('',*,*,#4033,.F.);
#5455=ORIENTED_EDGE('',*,*,#3643,.F.);
#5456=ORIENTED_EDGE('',*,*,#4032,.T.);
#5457=ORIENTED_EDGE('',*,*,#3640,.F.);
#5458=ORIENTED_EDGE('',*,*,#4034,.T.);
#5459=ORIENTED_EDGE('',*,*,#4033,.T.);
#5460=ORIENTED_EDGE('',*,*,#3633,.T.);
#5461=ORIENTED_EDGE('',*,*,#4034,.F.);
#5462=ORIENTED_EDGE('',*,*,#4035,.F.);
#5463=ORIENTED_EDGE('',*,*,#4036,.T.);
#5464=ORIENTED_EDGE('',*,*,#3525,.F.);
#5465=ORIENTED_EDGE('',*,*,#3639,.F.);
#5466=ORIENTED_EDGE('',*,*,#4035,.T.);
#5467=ORIENTED_EDGE('',*,*,#4036,.F.);
#5468=ORIENTED_EDGE('',*,*,#4037,.F.);
#5469=ORIENTED_EDGE('',*,*,#3638,.F.);
#5470=ORIENTED_EDGE('',*,*,#4038,.T.);
#5471=ORIENTED_EDGE('',*,*,#4037,.T.);
#5472=ORIENTED_EDGE('',*,*,#3634,.T.);
#5473=ORIENTED_EDGE('',*,*,#4038,.F.);
#5474=ORIENTED_EDGE('',*,*,#4039,.F.);
#5475=ORIENTED_EDGE('',*,*,#3631,.F.);
#5476=ORIENTED_EDGE('',*,*,#4040,.F.);
#5477=ORIENTED_EDGE('',*,*,#4039,.T.);
#5478=ORIENTED_EDGE('',*,*,#3629,.F.);
#5479=ORIENTED_EDGE('',*,*,#4041,.T.);
#5480=ORIENTED_EDGE('',*,*,#4040,.T.);
#5481=ORIENTED_EDGE('',*,*,#3609,.T.);
#5482=ORIENTED_EDGE('',*,*,#4041,.F.);
#5483=ORIENTED_EDGE('',*,*,#4042,.F.);
#5484=ORIENTED_EDGE('',*,*,#4042,.T.);
#5485=ORIENTED_EDGE('',*,*,#3625,.F.);
#5486=ORIENTED_EDGE('',*,*,#4043,.F.);
#5487=ORIENTED_EDGE('',*,*,#3623,.F.);
#5488=ORIENTED_EDGE('',*,*,#4043,.T.);
#5489=ORIENTED_EDGE('',*,*,#4044,.T.);
#5490=ORIENTED_EDGE('',*,*,#3627,.T.);
#5491=ORIENTED_EDGE('',*,*,#4045,.T.);
#5492=ORIENTED_EDGE('',*,*,#4044,.F.);
#5493=ORIENTED_EDGE('',*,*,#4046,.F.);
#5494=ORIENTED_EDGE('',*,*,#4045,.F.);
#5495=ORIENTED_EDGE('',*,*,#3531,.T.);
#5496=ORIENTED_EDGE('',*,*,#4046,.T.);
#5497=ORIENTED_EDGE('',*,*,#3622,.F.);
#5498=ORIENTED_EDGE('',*,*,#4047,.F.);
#5499=ORIENTED_EDGE('',*,*,#4048,.F.);
#5500=ORIENTED_EDGE('',*,*,#3624,.F.);
#5501=ORIENTED_EDGE('',*,*,#4047,.T.);
#5502=ORIENTED_EDGE('',*,*,#3621,.F.);
#5503=ORIENTED_EDGE('',*,*,#4049,.T.);
#5504=ORIENTED_EDGE('',*,*,#4048,.T.);
#5505=ORIENTED_EDGE('',*,*,#3616,.T.);
#5506=ORIENTED_EDGE('',*,*,#4049,.F.);
#5507=ORIENTED_EDGE('',*,*,#4050,.F.);
#5508=ORIENTED_EDGE('',*,*,#4051,.T.);
#5509=ORIENTED_EDGE('',*,*,#3540,.F.);
#5510=ORIENTED_EDGE('',*,*,#3620,.F.);
#5511=ORIENTED_EDGE('',*,*,#4050,.T.);
#5512=ORIENTED_EDGE('',*,*,#4051,.F.);
#5513=ORIENTED_EDGE('',*,*,#4052,.F.);
#5514=ORIENTED_EDGE('',*,*,#3619,.F.);
#5515=ORIENTED_EDGE('',*,*,#4053,.T.);
#5516=ORIENTED_EDGE('',*,*,#4052,.T.);
#5517=ORIENTED_EDGE('',*,*,#4054,.T.);
#5518=ORIENTED_EDGE('',*,*,#3555,.F.);
#5519=ORIENTED_EDGE('',*,*,#3562,.F.);
#5520=ORIENTED_EDGE('',*,*,#4055,.T.);
#5521=ORIENTED_EDGE('',*,*,#4053,.F.);
#5522=ORIENTED_EDGE('',*,*,#4054,.F.);
#5523=ORIENTED_EDGE('',*,*,#4056,.T.);
#5524=ORIENTED_EDGE('',*,*,#3617,.T.);
#5525=ORIENTED_EDGE('',*,*,#4055,.F.);
#5526=ORIENTED_EDGE('',*,*,#4057,.T.);
#5527=ORIENTED_EDGE('',*,*,#3610,.T.);
#5528=ORIENTED_EDGE('',*,*,#4056,.F.);
#5529=ORIENTED_EDGE('',*,*,#3615,.T.);
#5530=ORIENTED_EDGE('',*,*,#4058,.T.);
#5531=ORIENTED_EDGE('',*,*,#4057,.F.);
#5532=ORIENTED_EDGE('',*,*,#3611,.F.);
#5533=ORIENTED_EDGE('',*,*,#4058,.F.);
#5534=ORIENTED_EDGE('',*,*,#4059,.T.);
#5535=ORIENTED_EDGE('',*,*,#4060,.T.);
#5536=ORIENTED_EDGE('',*,*,#3607,.T.);
#5537=ORIENTED_EDGE('',*,*,#4059,.F.);
#5538=ORIENTED_EDGE('',*,*,#4061,.T.);
#5539=ORIENTED_EDGE('',*,*,#3601,.T.);
#5540=ORIENTED_EDGE('',*,*,#4060,.F.);
#5541=ORIENTED_EDGE('',*,*,#3603,.T.);
#5542=ORIENTED_EDGE('',*,*,#4062,.T.);
#5543=ORIENTED_EDGE('',*,*,#4061,.F.);
#5544=ORIENTED_EDGE('',*,*,#3602,.F.);
#5545=ORIENTED_EDGE('',*,*,#4062,.F.);
#5546=ORIENTED_EDGE('',*,*,#4063,.T.);
#5547=ORIENTED_EDGE('',*,*,#4064,.T.);
#5548=ORIENTED_EDGE('',*,*,#3597,.T.);
#5549=ORIENTED_EDGE('',*,*,#4063,.F.);
#5550=ORIENTED_EDGE('',*,*,#4064,.F.);
#5551=ORIENTED_EDGE('',*,*,#3590,.F.);
#5552=ORIENTED_EDGE('',*,*,#4065,.T.);
#5553=ORIENTED_EDGE('',*,*,#4066,.T.);
#5554=ORIENTED_EDGE('',*,*,#3595,.T.);
#5555=ORIENTED_EDGE('',*,*,#4065,.F.);
#5556=ORIENTED_EDGE('',*,*,#4067,.F.);
#5557=ORIENTED_EDGE('',*,*,#3593,.T.);
#5558=ORIENTED_EDGE('',*,*,#4066,.F.);
#5559=ORIENTED_EDGE('',*,*,#3589,.F.);
#5560=ORIENTED_EDGE('',*,*,#4068,.T.);
#5561=ORIENTED_EDGE('',*,*,#4067,.T.);
#5562=ORIENTED_EDGE('',*,*,#4069,.T.);
#5563=ORIENTED_EDGE('',*,*,#3588,.T.);
#5564=ORIENTED_EDGE('',*,*,#4068,.F.);
#5565=ORIENTED_EDGE('',*,*,#4070,.T.);
#5566=ORIENTED_EDGE('',*,*,#3585,.T.);
#5567=ORIENTED_EDGE('',*,*,#4069,.F.);
#5568=ORIENTED_EDGE('',*,*,#4071,.T.);
#5569=ORIENTED_EDGE('',*,*,#3582,.T.);
#5570=ORIENTED_EDGE('',*,*,#4070,.F.);
#5571=ORIENTED_EDGE('',*,*,#4072,.T.);
#5572=ORIENTED_EDGE('',*,*,#4071,.F.);
#5573=ORIENTED_EDGE('',*,*,#3578,.T.);
#5574=ORIENTED_EDGE('',*,*,#3583,.T.);
#5575=ORIENTED_EDGE('',*,*,#4072,.F.);
#5576=ORIENTED_EDGE('',*,*,#4073,.F.);
#5577=ORIENTED_EDGE('',*,*,#4073,.T.);
#5578=ORIENTED_EDGE('',*,*,#4074,.F.);
#5579=ORIENTED_EDGE('',*,*,#3574,.F.);
#5580=ORIENTED_EDGE('',*,*,#3580,.F.);
#5581=ORIENTED_EDGE('',*,*,#4075,.F.);
#5582=ORIENTED_EDGE('',*,*,#4074,.T.);
#5583=ORIENTED_EDGE('',*,*,#3576,.F.);
#5584=ORIENTED_EDGE('',*,*,#4076,.T.);
#5585=ORIENTED_EDGE('',*,*,#4075,.T.);
#5586=ORIENTED_EDGE('',*,*,#4077,.T.);
#5587=ORIENTED_EDGE('',*,*,#3575,.T.);
#5588=ORIENTED_EDGE('',*,*,#4076,.F.);
#5589=ORIENTED_EDGE('',*,*,#3565,.T.);
#5590=ORIENTED_EDGE('',*,*,#4078,.F.);
#5591=ORIENTED_EDGE('',*,*,#4077,.F.);
#5592=ORIENTED_EDGE('',*,*,#3573,.T.);
#5593=ORIENTED_EDGE('',*,*,#4078,.T.);
#5594=ORIENTED_EDGE('',*,*,#4079,.F.);
#5595=ORIENTED_EDGE('',*,*,#4079,.T.);
#5596=ORIENTED_EDGE('',*,*,#3564,.T.);
#5597=ORIENTED_EDGE('',*,*,#4080,.F.);
#5598=ORIENTED_EDGE('',*,*,#3571,.F.);
#5599=ORIENTED_EDGE('',*,*,#4080,.T.);
#5600=ORIENTED_EDGE('',*,*,#4081,.T.);
#5601=ORIENTED_EDGE('',*,*,#4082,.F.);
#5602=ORIENTED_EDGE('',*,*,#3566,.T.);
#5603=ORIENTED_EDGE('',*,*,#4081,.F.);
#5604=ORIENTED_EDGE('',*,*,#3563,.F.);
#5605=ORIENTED_EDGE('',*,*,#4083,.T.);
#5606=ORIENTED_EDGE('',*,*,#4082,.T.);
#5607=ORIENTED_EDGE('',*,*,#3560,.T.);
#5608=ORIENTED_EDGE('',*,*,#4084,.F.);
#5609=ORIENTED_EDGE('',*,*,#4083,.F.);
#5610=ORIENTED_EDGE('',*,*,#3557,.F.);
#5611=ORIENTED_EDGE('',*,*,#4084,.T.);
#5612=ORIENTED_EDGE('',*,*,#4085,.T.);
#5613=ORIENTED_EDGE('',*,*,#3554,.T.);
#5614=ORIENTED_EDGE('',*,*,#4086,.F.);
#5615=ORIENTED_EDGE('',*,*,#4085,.F.);
#5616=ORIENTED_EDGE('',*,*,#3552,.F.);
#5617=ORIENTED_EDGE('',*,*,#4086,.T.);
#5618=ORIENTED_EDGE('',*,*,#4087,.F.);
#5619=ORIENTED_EDGE('',*,*,#3549,.F.);
#5620=ORIENTED_EDGE('',*,*,#4087,.T.);
#5621=ORIENTED_EDGE('',*,*,#4088,.F.);
#5622=ORIENTED_EDGE('',*,*,#3545,.F.);
#5623=ORIENTED_EDGE('',*,*,#4088,.T.);
#5624=ORIENTED_EDGE('',*,*,#4089,.T.);
#5625=ORIENTED_EDGE('',*,*,#4090,.T.);
#5626=ORIENTED_EDGE('',*,*,#3543,.F.);
#5627=ORIENTED_EDGE('',*,*,#4089,.F.);
#5628=ORIENTED_EDGE('',*,*,#3539,.T.);
#5629=ORIENTED_EDGE('',*,*,#4091,.T.);
#5630=ORIENTED_EDGE('',*,*,#4090,.F.);
#5631=ORIENTED_EDGE('',*,*,#3538,.F.);
#5632=ORIENTED_EDGE('',*,*,#4091,.F.);
#5633=ORIENTED_EDGE('',*,*,#4092,.T.);
#5634=ORIENTED_EDGE('',*,*,#3533,.F.);
#5635=ORIENTED_EDGE('',*,*,#4092,.F.);
#5636=ORIENTED_EDGE('',*,*,#4093,.T.);
#5637=ORIENTED_EDGE('',*,*,#3530,.T.);
#5638=ORIENTED_EDGE('',*,*,#4094,.T.);
#5639=ORIENTED_EDGE('',*,*,#4093,.F.);
#5640=ORIENTED_EDGE('',*,*,#3529,.F.);
#5641=ORIENTED_EDGE('',*,*,#4094,.F.);
#5642=ORIENTED_EDGE('',*,*,#4095,.T.);
#5643=ORIENTED_EDGE('',*,*,#3524,.T.);
#5644=ORIENTED_EDGE('',*,*,#4096,.T.);
#5645=ORIENTED_EDGE('',*,*,#4095,.F.);
#5646=ORIENTED_EDGE('',*,*,#4097,.T.);
#5647=ORIENTED_EDGE('',*,*,#3523,.T.);
#5648=ORIENTED_EDGE('',*,*,#4096,.F.);
#5649=ORIENTED_EDGE('',*,*,#4097,.F.);
#5650=ORIENTED_EDGE('',*,*,#3513,.T.);
#5651=ORIENTED_EDGE('',*,*,#4098,.T.);
#5652=ORIENTED_EDGE('',*,*,#4099,.F.);
#5653=ORIENTED_EDGE('',*,*,#4100,.T.);
#5654=ORIENTED_EDGE('',*,*,#4101,.F.);
#5655=ORIENTED_EDGE('',*,*,#3520,.F.);
#5656=ORIENTED_EDGE('',*,*,#4102,.F.);
#5657=ORIENTED_EDGE('',*,*,#3502,.T.);
#5658=ORIENTED_EDGE('',*,*,#4103,.F.);
#5659=ORIENTED_EDGE('',*,*,#4100,.F.);
#5660=ORIENTED_EDGE('',*,*,#4104,.F.);
#5661=ORIENTED_EDGE('',*,*,#4103,.T.);
#5662=ORIENTED_EDGE('',*,*,#3497,.F.);
#5663=ORIENTED_EDGE('',*,*,#4105,.F.);
#5664=ORIENTED_EDGE('',*,*,#4101,.T.);
#5665=ORIENTED_EDGE('',*,*,#4104,.T.);
#5666=ORIENTED_EDGE('',*,*,#4106,.F.);
#5667=ORIENTED_EDGE('',*,*,#3521,.T.);
#5668=ORIENTED_EDGE('',*,*,#4105,.T.);
#5669=ORIENTED_EDGE('',*,*,#4098,.F.);
#5670=ORIENTED_EDGE('',*,*,#4107,.F.);
#5671=ORIENTED_EDGE('',*,*,#4106,.T.);
#5672=ORIENTED_EDGE('',*,*,#4107,.T.);
#5673=ORIENTED_EDGE('',*,*,#3518,.F.);
#5674=ORIENTED_EDGE('',*,*,#4108,.T.);
#5675=ORIENTED_EDGE('',*,*,#4109,.F.);
#5676=ORIENTED_EDGE('',*,*,#3522,.T.);
#5677=ORIENTED_EDGE('',*,*,#4108,.F.);
#5678=ORIENTED_EDGE('',*,*,#4110,.F.);
#5679=ORIENTED_EDGE('',*,*,#4111,.F.);
#5680=ORIENTED_EDGE('',*,*,#4110,.T.);
#5681=ORIENTED_EDGE('',*,*,#3517,.F.);
#5682=ORIENTED_EDGE('',*,*,#4112,.F.);
#5683=ORIENTED_EDGE('',*,*,#4113,.F.);
#5684=ORIENTED_EDGE('',*,*,#4112,.T.);
#5685=ORIENTED_EDGE('',*,*,#4114,.F.);
#5686=ORIENTED_EDGE('',*,*,#3504,.F.);
#5687=ORIENTED_EDGE('',*,*,#3516,.T.);
#5688=ORIENTED_EDGE('',*,*,#4115,.F.);
#5689=ORIENTED_EDGE('',*,*,#4114,.T.);
#5690=ORIENTED_EDGE('',*,*,#3515,.F.);
#5691=ORIENTED_EDGE('',*,*,#4116,.T.);
#5692=ORIENTED_EDGE('',*,*,#4115,.T.);
#5693=ORIENTED_EDGE('',*,*,#4117,.T.);
#5694=ORIENTED_EDGE('',*,*,#3505,.T.);
#5695=ORIENTED_EDGE('',*,*,#4116,.F.);
#5696=ORIENTED_EDGE('',*,*,#3512,.T.);
#5697=ORIENTED_EDGE('',*,*,#4118,.T.);
#5698=ORIENTED_EDGE('',*,*,#4117,.F.);
#5699=ORIENTED_EDGE('',*,*,#4119,.F.);
#5700=ORIENTED_EDGE('',*,*,#4120,.T.);
#5701=ORIENTED_EDGE('',*,*,#4118,.F.);
#5702=ORIENTED_EDGE('',*,*,#3508,.F.);
#5703=ORIENTED_EDGE('',*,*,#4121,.F.);
#5704=ORIENTED_EDGE('',*,*,#3506,.F.);
#5705=ORIENTED_EDGE('',*,*,#4120,.F.);
#5706=ORIENTED_EDGE('',*,*,#4122,.F.);
#5707=ORIENTED_EDGE('',*,*,#4123,.F.);
#5708=ORIENTED_EDGE('',*,*,#3501,.F.);
#5709=ORIENTED_EDGE('',*,*,#4124,.F.);
#5710=ORIENTED_EDGE('',*,*,#3267,.F.);
#5711=ORIENTED_EDGE('',*,*,#4125,.F.);
#5712=ORIENTED_EDGE('',*,*,#4126,.F.);
#5713=ORIENTED_EDGE('',*,*,#4125,.T.);
#5714=ORIENTED_EDGE('',*,*,#4127,.F.);
#5715=ORIENTED_EDGE('',*,*,#4123,.T.);
#5716=ORIENTED_EDGE('',*,*,#3499,.T.);
#5717=ORIENTED_EDGE('',*,*,#4127,.T.);
#5718=ORIENTED_EDGE('',*,*,#4128,.F.);
#5719=ORIENTED_EDGE('',*,*,#4128,.T.);
#5720=ORIENTED_EDGE('',*,*,#3266,.T.);
#5721=ORIENTED_EDGE('',*,*,#4129,.F.);
#5722=ORIENTED_EDGE('',*,*,#4130,.T.);
#5723=ORIENTED_EDGE('',*,*,#3275,.T.);
#5724=ORIENTED_EDGE('',*,*,#3495,.F.);
#5725=ORIENTED_EDGE('',*,*,#4129,.T.);
#5726=ORIENTED_EDGE('',*,*,#3270,.T.);
#5727=ORIENTED_EDGE('',*,*,#4130,.F.);
#5728=ORIENTED_EDGE('',*,*,#3496,.F.);
#5729=ORIENTED_EDGE('',*,*,#3278,.T.);
#5730=ORIENTED_EDGE('',*,*,#4131,.T.);
#5731=ORIENTED_EDGE('',*,*,#4131,.F.);
#5732=ORIENTED_EDGE('',*,*,#3283,.T.);
#5733=ORIENTED_EDGE('',*,*,#4132,.T.);
#5734=ORIENTED_EDGE('',*,*,#4132,.F.);
#5735=ORIENTED_EDGE('',*,*,#3286,.T.);
#5736=ORIENTED_EDGE('',*,*,#3493,.T.);
#5737=ORIENTED_EDGE('',*,*,#3492,.F.);
#5738=ORIENTED_EDGE('',*,*,#3292,.T.);
#5739=ORIENTED_EDGE('',*,*,#4133,.T.);
#5740=ORIENTED_EDGE('',*,*,#4134,.F.);
#5741=ORIENTED_EDGE('',*,*,#4133,.F.);
#5742=ORIENTED_EDGE('',*,*,#3295,.T.);
#5743=ORIENTED_EDGE('',*,*,#4134,.T.);
#5744=ORIENTED_EDGE('',*,*,#3298,.T.);
#5745=ORIENTED_EDGE('',*,*,#3491,.F.);
#5746=ORIENTED_EDGE('',*,*,#3490,.T.);
#5747=ORIENTED_EDGE('',*,*,#3311,.T.);
#5748=ORIENTED_EDGE('',*,*,#4135,.F.);
#5749=ORIENTED_EDGE('',*,*,#4135,.T.);
#5750=ORIENTED_EDGE('',*,*,#3316,.T.);
#5751=ORIENTED_EDGE('',*,*,#4136,.F.);
#5752=ORIENTED_EDGE('',*,*,#4136,.T.);
#5753=ORIENTED_EDGE('',*,*,#3319,.T.);
#5754=ORIENTED_EDGE('',*,*,#3487,.F.);
#5755=ORIENTED_EDGE('',*,*,#4137,.T.);
#5756=ORIENTED_EDGE('',*,*,#3488,.F.);
#5757=ORIENTED_EDGE('',*,*,#3322,.T.);
#5758=ORIENTED_EDGE('',*,*,#4137,.F.);
#5759=ORIENTED_EDGE('',*,*,#3325,.T.);
#5760=ORIENTED_EDGE('',*,*,#4138,.T.);
#5761=ORIENTED_EDGE('',*,*,#4138,.F.);
#5762=ORIENTED_EDGE('',*,*,#3328,.T.);
#5763=ORIENTED_EDGE('',*,*,#3486,.T.);
#5764=ORIENTED_EDGE('',*,*,#4139,.F.);
#5765=ORIENTED_EDGE('',*,*,#3334,.T.);
#5766=ORIENTED_EDGE('',*,*,#3478,.T.);
#5767=ORIENTED_EDGE('',*,*,#3485,.T.);
#5768=ORIENTED_EDGE('',*,*,#4139,.T.);
#5769=ORIENTED_EDGE('',*,*,#4140,.F.);
#5770=ORIENTED_EDGE('',*,*,#4141,.F.);
#5771=ORIENTED_EDGE('',*,*,#3482,.T.);
#5772=ORIENTED_EDGE('',*,*,#4140,.T.);
#5773=ORIENTED_EDGE('',*,*,#3481,.F.);
#5774=ORIENTED_EDGE('',*,*,#4141,.T.);
#5775=ORIENTED_EDGE('',*,*,#4142,.T.);
#5776=ORIENTED_EDGE('',*,*,#4143,.F.);
#5777=ORIENTED_EDGE('',*,*,#3348,.T.);
#5778=ORIENTED_EDGE('',*,*,#3475,.T.);
#5779=ORIENTED_EDGE('',*,*,#4142,.F.);
#5780=ORIENTED_EDGE('',*,*,#4144,.F.);
#5781=ORIENTED_EDGE('',*,*,#4143,.T.);
#5782=ORIENTED_EDGE('',*,*,#4145,.F.);
#5783=ORIENTED_EDGE('',*,*,#3345,.T.);
#5784=ORIENTED_EDGE('',*,*,#4144,.T.);
#5785=ORIENTED_EDGE('',*,*,#3477,.F.);
#5786=ORIENTED_EDGE('',*,*,#3340,.T.);
#5787=ORIENTED_EDGE('',*,*,#4145,.T.);
#5788=ORIENTED_EDGE('',*,*,#4146,.F.);
#5789=ORIENTED_EDGE('',*,*,#4147,.F.);
#5790=ORIENTED_EDGE('',*,*,#4148,.F.);
#5791=ORIENTED_EDGE('',*,*,#4149,.F.);
#5792=ORIENTED_EDGE('',*,*,#4150,.T.);
#5793=ORIENTED_EDGE('',*,*,#4151,.T.);
#5794=ORIENTED_EDGE('',*,*,#4152,.T.);
#5795=ORIENTED_EDGE('',*,*,#4148,.T.);
#5796=ORIENTED_EDGE('',*,*,#4153,.F.);
#5797=ORIENTED_EDGE('',*,*,#4154,.F.);
#5798=ORIENTED_EDGE('',*,*,#4151,.F.);
#5799=ORIENTED_EDGE('',*,*,#4155,.F.);
#5800=ORIENTED_EDGE('',*,*,#4156,.T.);
#5801=ORIENTED_EDGE('',*,*,#4157,.T.);
#5802=ORIENTED_EDGE('',*,*,#4158,.T.);
#5803=ORIENTED_EDGE('',*,*,#4153,.T.);
#5804=ORIENTED_EDGE('',*,*,#4159,.F.);
#5805=ORIENTED_EDGE('',*,*,#4160,.F.);
#5806=ORIENTED_EDGE('',*,*,#4157,.F.);
#5807=ORIENTED_EDGE('',*,*,#4161,.F.);
#5808=ORIENTED_EDGE('',*,*,#4162,.T.);
#5809=ORIENTED_EDGE('',*,*,#4163,.T.);
#5810=ORIENTED_EDGE('',*,*,#4164,.T.);
#5811=ORIENTED_EDGE('',*,*,#4159,.T.);
#5812=ORIENTED_EDGE('',*,*,#4165,.F.);
#5813=ORIENTED_EDGE('',*,*,#4149,.T.);
#5814=ORIENTED_EDGE('',*,*,#4152,.F.);
#5815=ORIENTED_EDGE('',*,*,#4154,.T.);
#5816=ORIENTED_EDGE('',*,*,#4158,.F.);
#5817=ORIENTED_EDGE('',*,*,#4160,.T.);
#5818=ORIENTED_EDGE('',*,*,#4164,.F.);
#5819=ORIENTED_EDGE('',*,*,#4166,.T.);
#5820=ORIENTED_EDGE('',*,*,#3472,.T.);
#5821=ORIENTED_EDGE('',*,*,#3469,.T.);
#5822=ORIENTED_EDGE('',*,*,#3466,.T.);
#5823=ORIENTED_EDGE('',*,*,#3463,.T.);
#5824=ORIENTED_EDGE('',*,*,#3461,.T.);
#5825=ORIENTED_EDGE('',*,*,#3458,.T.);
#5826=ORIENTED_EDGE('',*,*,#3455,.T.);
#5827=ORIENTED_EDGE('',*,*,#3453,.T.);
#5828=ORIENTED_EDGE('',*,*,#3450,.T.);
#5829=ORIENTED_EDGE('',*,*,#3448,.T.);
#5830=ORIENTED_EDGE('',*,*,#3445,.T.);
#5831=ORIENTED_EDGE('',*,*,#3442,.T.);
#5832=ORIENTED_EDGE('',*,*,#3439,.T.);
#5833=ORIENTED_EDGE('',*,*,#3436,.T.);
#5834=ORIENTED_EDGE('',*,*,#3434,.T.);
#5835=ORIENTED_EDGE('',*,*,#3431,.T.);
#5836=ORIENTED_EDGE('',*,*,#3428,.T.);
#5837=ORIENTED_EDGE('',*,*,#3425,.T.);
#5838=ORIENTED_EDGE('',*,*,#3423,.T.);
#5839=ORIENTED_EDGE('',*,*,#3420,.T.);
#5840=ORIENTED_EDGE('',*,*,#3417,.T.);
#5841=ORIENTED_EDGE('',*,*,#3415,.T.);
#5842=ORIENTED_EDGE('',*,*,#3412,.T.);
#5843=ORIENTED_EDGE('',*,*,#3410,.T.);
#5844=ORIENTED_EDGE('',*,*,#3407,.T.);
#5845=ORIENTED_EDGE('',*,*,#3404,.T.);
#5846=ORIENTED_EDGE('',*,*,#3401,.T.);
#5847=ORIENTED_EDGE('',*,*,#3398,.T.);
#5848=ORIENTED_EDGE('',*,*,#3395,.T.);
#5849=ORIENTED_EDGE('',*,*,#3392,.T.);
#5850=ORIENTED_EDGE('',*,*,#3389,.T.);
#5851=ORIENTED_EDGE('',*,*,#3386,.T.);
#5852=ORIENTED_EDGE('',*,*,#3383,.T.);
#5853=ORIENTED_EDGE('',*,*,#3380,.T.);
#5854=ORIENTED_EDGE('',*,*,#3377,.T.);
#5855=ORIENTED_EDGE('',*,*,#3375,.T.);
#5856=ORIENTED_EDGE('',*,*,#3372,.T.);
#5857=ORIENTED_EDGE('',*,*,#3369,.T.);
#5858=ORIENTED_EDGE('',*,*,#3367,.T.);
#5859=ORIENTED_EDGE('',*,*,#3364,.T.);
#5860=ORIENTED_EDGE('',*,*,#3362,.T.);
#5861=ORIENTED_EDGE('',*,*,#3359,.T.);
#5862=ORIENTED_EDGE('',*,*,#3356,.T.);
#5863=ORIENTED_EDGE('',*,*,#3354,.T.);
#5864=ORIENTED_EDGE('',*,*,#3351,.T.);
#5865=ORIENTED_EDGE('',*,*,#3349,.T.);
#5866=ORIENTED_EDGE('',*,*,#3346,.T.);
#5867=ORIENTED_EDGE('',*,*,#3343,.T.);
#5868=ORIENTED_EDGE('',*,*,#3341,.T.);
#5869=ORIENTED_EDGE('',*,*,#3338,.T.);
#5870=ORIENTED_EDGE('',*,*,#3335,.T.);
#5871=ORIENTED_EDGE('',*,*,#3332,.T.);
#5872=ORIENTED_EDGE('',*,*,#3329,.T.);
#5873=ORIENTED_EDGE('',*,*,#3326,.T.);
#5874=ORIENTED_EDGE('',*,*,#3323,.T.);
#5875=ORIENTED_EDGE('',*,*,#3320,.T.);
#5876=ORIENTED_EDGE('',*,*,#3317,.T.);
#5877=ORIENTED_EDGE('',*,*,#3314,.T.);
#5878=ORIENTED_EDGE('',*,*,#3312,.T.);
#5879=ORIENTED_EDGE('',*,*,#3309,.T.);
#5880=ORIENTED_EDGE('',*,*,#3306,.T.);
#5881=ORIENTED_EDGE('',*,*,#3304,.T.);
#5882=ORIENTED_EDGE('',*,*,#3301,.T.);
#5883=ORIENTED_EDGE('',*,*,#3299,.T.);
#5884=ORIENTED_EDGE('',*,*,#3296,.T.);
#5885=ORIENTED_EDGE('',*,*,#3293,.T.);
#5886=ORIENTED_EDGE('',*,*,#3290,.T.);
#5887=ORIENTED_EDGE('',*,*,#3287,.T.);
#5888=ORIENTED_EDGE('',*,*,#3284,.T.);
#5889=ORIENTED_EDGE('',*,*,#3281,.T.);
#5890=ORIENTED_EDGE('',*,*,#3279,.T.);
#5891=ORIENTED_EDGE('',*,*,#3276,.T.);
#5892=ORIENTED_EDGE('',*,*,#3273,.T.);
#5893=ORIENTED_EDGE('',*,*,#3271,.T.);
#5894=ORIENTED_EDGE('',*,*,#3268,.T.);
#5895=ORIENTED_EDGE('',*,*,#3264,.T.);
#5896=ORIENTED_EDGE('',*,*,#4124,.T.);
#5897=ORIENTED_EDGE('',*,*,#4126,.T.);
#5898=ORIENTED_EDGE('',*,*,#4122,.T.);
#5899=ORIENTED_EDGE('',*,*,#3500,.T.);
#5900=ORIENTED_EDGE('',*,*,#4102,.T.);
#5901=ORIENTED_EDGE('',*,*,#4099,.T.);
#5902=ORIENTED_EDGE('',*,*,#3519,.T.);
#5903=ORIENTED_EDGE('',*,*,#4109,.T.);
#5904=ORIENTED_EDGE('',*,*,#4111,.T.);
#5905=ORIENTED_EDGE('',*,*,#4113,.T.);
#5906=ORIENTED_EDGE('',*,*,#3503,.T.);
#5907=ORIENTED_EDGE('',*,*,#4121,.T.);
#5908=ORIENTED_EDGE('',*,*,#4119,.T.);
#5909=ORIENTED_EDGE('',*,*,#3507,.T.);
#5910=ORIENTED_EDGE('',*,*,#4016,.T.);
#5911=ORIENTED_EDGE('',*,*,#4019,.T.);
#5912=ORIENTED_EDGE('',*,*,#4021,.T.);
#5913=ORIENTED_EDGE('',*,*,#4023,.T.);
#5914=ORIENTED_EDGE('',*,*,#4025,.T.);
#5915=ORIENTED_EDGE('',*,*,#3655,.T.);
#5916=ORIENTED_EDGE('',*,*,#4006,.T.);
#5917=ORIENTED_EDGE('',*,*,#3668,.T.);
#5918=ORIENTED_EDGE('',*,*,#3658,.T.);
#5919=ORIENTED_EDGE('',*,*,#4015,.T.);
#5920=ORIENTED_EDGE('',*,*,#4013,.T.);
#5921=ORIENTED_EDGE('',*,*,#3662,.T.);
#5922=ORIENTED_EDGE('',*,*,#3987,.T.);
#5923=ORIENTED_EDGE('',*,*,#3989,.T.);
#5924=ORIENTED_EDGE('',*,*,#3982,.T.);
#5925=ORIENTED_EDGE('',*,*,#3685,.T.);
#5926=ORIENTED_EDGE('',*,*,#3688,.T.);
#5927=ORIENTED_EDGE('',*,*,#3690,.T.);
#5928=ORIENTED_EDGE('',*,*,#3692,.T.);
#5929=ORIENTED_EDGE('',*,*,#3694,.T.);
#5930=ORIENTED_EDGE('',*,*,#3697,.T.);
#5931=ORIENTED_EDGE('',*,*,#3699,.T.);
#5932=ORIENTED_EDGE('',*,*,#3569,.T.);
#5933=ORIENTED_EDGE('',*,*,#3712,.T.);
#5934=ORIENTED_EDGE('',*,*,#3714,.T.);
#5935=ORIENTED_EDGE('',*,*,#3716,.T.);
#5936=ORIENTED_EDGE('',*,*,#3700,.T.);
#5937=ORIENTED_EDGE('',*,*,#3719,.T.);
#5938=ORIENTED_EDGE('',*,*,#3703,.T.);
#5939=ORIENTED_EDGE('',*,*,#3981,.T.);
#5940=ORIENTED_EDGE('',*,*,#3979,.T.);
#5941=ORIENTED_EDGE('',*,*,#3707,.T.);
#5942=ORIENTED_EDGE('',*,*,#3975,.T.);
#5943=ORIENTED_EDGE('',*,*,#3973,.T.);
#5944=ORIENTED_EDGE('',*,*,#3971,.T.);
#5945=ORIENTED_EDGE('',*,*,#3969,.T.);
#5946=ORIENTED_EDGE('',*,*,#3967,.T.);
#5947=ORIENTED_EDGE('',*,*,#3965,.T.);
#5948=ORIENTED_EDGE('',*,*,#3960,.T.);
#5949=ORIENTED_EDGE('',*,*,#3958,.T.);
#5950=ORIENTED_EDGE('',*,*,#3956,.T.);
#5951=ORIENTED_EDGE('',*,*,#3954,.T.);
#5952=ORIENTED_EDGE('',*,*,#3952,.T.);
#5953=ORIENTED_EDGE('',*,*,#3950,.T.);
#5954=ORIENTED_EDGE('',*,*,#3948,.T.);
#5955=ORIENTED_EDGE('',*,*,#3946,.T.);
#5956=ORIENTED_EDGE('',*,*,#3944,.T.);
#5957=ORIENTED_EDGE('',*,*,#3942,.T.);
#5958=ORIENTED_EDGE('',*,*,#3940,.T.);
#5959=ORIENTED_EDGE('',*,*,#3938,.T.);
#5960=ORIENTED_EDGE('',*,*,#3936,.T.);
#5961=ORIENTED_EDGE('',*,*,#3746,.T.);
#5962=ORIENTED_EDGE('',*,*,#3929,.T.);
#5963=ORIENTED_EDGE('',*,*,#3931,.T.);
#5964=ORIENTED_EDGE('',*,*,#3753,.T.);
#5965=ORIENTED_EDGE('',*,*,#3759,.T.);
#5966=ORIENTED_EDGE('',*,*,#3756,.T.);
#5967=ORIENTED_EDGE('',*,*,#3763,.T.);
#5968=ORIENTED_EDGE('',*,*,#3765,.T.);
#5969=ORIENTED_EDGE('',*,*,#3851,.T.);
#5970=ORIENTED_EDGE('',*,*,#3848,.T.);
#5971=ORIENTED_EDGE('',*,*,#4167,.F.);
#5972=ORIENTED_EDGE('',*,*,#4166,.F.);
#5973=ORIENTED_EDGE('',*,*,#4163,.F.);
#5974=ORIENTED_EDGE('',*,*,#4168,.F.);
#5975=ORIENTED_EDGE('',*,*,#4169,.T.);
#5976=ORIENTED_EDGE('',*,*,#4146,.T.);
#5977=ORIENTED_EDGE('',*,*,#4165,.T.);
#5978=ORIENTED_EDGE('',*,*,#4167,.T.);
#5979=ORIENTED_EDGE('',*,*,#4170,.F.);
#5980=ORIENTED_EDGE('',*,*,#4170,.T.);
#5981=ORIENTED_EDGE('',*,*,#4171,.T.);
#5982=ORIENTED_EDGE('',*,*,#4172,.T.);
#5983=ORIENTED_EDGE('',*,*,#4171,.F.);
#5984=ORIENTED_EDGE('',*,*,#4169,.F.);
#5985=ORIENTED_EDGE('',*,*,#4168,.T.);
#5986=ORIENTED_EDGE('',*,*,#4162,.F.);
#5987=ORIENTED_EDGE('',*,*,#4161,.T.);
#5988=ORIENTED_EDGE('',*,*,#4156,.F.);
#5989=ORIENTED_EDGE('',*,*,#4155,.T.);
#5990=ORIENTED_EDGE('',*,*,#4150,.F.);
#5991=ORIENTED_EDGE('',*,*,#4147,.T.);
#5992=ORIENTED_EDGE('',*,*,#4173,.F.);
#5993=ORIENTED_EDGE('',*,*,#4173,.T.);
#5994=ORIENTED_EDGE('',*,*,#4174,.T.);
#5995=ORIENTED_EDGE('',*,*,#4172,.F.);
#5996=ORIENTED_EDGE('',*,*,#4174,.F.);
#5997=PLANE('',#7016);
#5998=PLANE('',#7017);
#5999=PLANE('',#7018);
#6000=PLANE('',#7019);
#6001=PLANE('',#7020);
#6002=PLANE('',#7021);
#6003=PLANE('',#7022);
#6004=PLANE('',#7023);
#6005=PLANE('',#7024);
#6006=PLANE('',#7025);
#6007=PLANE('',#7026);
#6008=PLANE('',#7027);
#6009=PLANE('',#7028);
#6010=PLANE('',#7029);
#6011=PLANE('',#7030);
#6012=PLANE('',#7031);
#6013=PLANE('',#7032);
#6014=PLANE('',#7033);
#6015=PLANE('',#7034);
#6016=PLANE('',#7035);
#6017=PLANE('',#7036);
#6018=PLANE('',#7037);
#6019=PLANE('',#7038);
#6020=PLANE('',#7039);
#6021=PLANE('',#7040);
#6022=PLANE('',#7041);
#6023=PLANE('',#7042);
#6024=PLANE('',#7043);
#6025=PLANE('',#7044);
#6026=PLANE('',#7045);
#6027=PLANE('',#7046);
#6028=PLANE('',#7047);
#6029=PLANE('',#7048);
#6030=PLANE('',#7049);
#6031=PLANE('',#7050);
#6032=PLANE('',#7051);
#6033=PLANE('',#7052);
#6034=PLANE('',#7053);
#6035=PLANE('',#7054);
#6036=PLANE('',#7055);
#6037=PLANE('',#7056);
#6038=PLANE('',#7057);
#6039=PLANE('',#7058);
#6040=PLANE('',#7059);
#6041=PLANE('',#7060);
#6042=PLANE('',#7061);
#6043=PLANE('',#7062);
#6044=PLANE('',#7063);
#6045=PLANE('',#7064);
#6046=PLANE('',#7065);
#6047=PLANE('',#7066);
#6048=PLANE('',#7067);
#6049=PLANE('',#7068);
#6050=PLANE('',#7069);
#6051=PLANE('',#7070);
#6052=PLANE('',#7071);
#6053=PLANE('',#7072);
#6054=PLANE('',#7073);
#6055=PLANE('',#7074);
#6056=PLANE('',#7075);
#6057=PLANE('',#7076);
#6058=PLANE('',#7077);
#6059=PLANE('',#7078);
#6060=PLANE('',#7079);
#6061=PLANE('',#7080);
#6062=PLANE('',#7081);
#6063=PLANE('',#7082);
#6064=PLANE('',#7083);
#6065=PLANE('',#7084);
#6066=PLANE('',#7085);
#6067=PLANE('',#7086);
#6068=PLANE('',#7087);
#6069=PLANE('',#7088);
#6070=PLANE('',#7089);
#6071=PLANE('',#7090);
#6072=PLANE('',#7091);
#6073=PLANE('',#7092);
#6074=PLANE('',#7093);
#6075=PLANE('',#7094);
#6076=PLANE('',#7095);
#6077=PLANE('',#7096);
#6078=PLANE('',#7097);
#6079=PLANE('',#7098);
#6080=PLANE('',#7099);
#6081=PLANE('',#7100);
#6082=PLANE('',#7101);
#6083=PLANE('',#7102);
#6084=PLANE('',#7103);
#6085=PLANE('',#7104);
#6086=PLANE('',#7105);
#6087=PLANE('',#7106);
#6088=PLANE('',#7107);
#6089=PLANE('',#7108);
#6090=PLANE('',#7109);
#6091=PLANE('',#7110);
#6092=PLANE('',#7111);
#6093=PLANE('',#7112);
#6094=PLANE('',#7113);
#6095=PLANE('',#7114);
#6096=PLANE('',#7115);
#6097=PLANE('',#7116);
#6098=PLANE('',#7117);
#6099=PLANE('',#7118);
#6100=PLANE('',#7119);
#6101=PLANE('',#7120);
#6102=PLANE('',#7121);
#6103=PLANE('',#7122);
#6104=PLANE('',#7123);
#6105=PLANE('',#7124);
#6106=PLANE('',#7125);
#6107=PLANE('',#7126);
#6108=PLANE('',#7127);
#6109=PLANE('',#7128);
#6110=PLANE('',#7129);
#6111=PLANE('',#7130);
#6112=PLANE('',#7131);
#6113=PLANE('',#7132);
#6114=PLANE('',#7133);
#6115=PLANE('',#7134);
#6116=PLANE('',#7135);
#6117=PLANE('',#7136);
#6118=PLANE('',#7137);
#6119=PLANE('',#7138);
#6120=PLANE('',#7139);
#6121=PLANE('',#7140);
#6122=PLANE('',#7141);
#6123=PLANE('',#7142);
#6124=PLANE('',#7143);
#6125=PLANE('',#7144);
#6126=PLANE('',#7145);
#6127=PLANE('',#7146);
#6128=PLANE('',#7147);
#6129=PLANE('',#7148);
#6130=PLANE('',#7149);
#6131=PLANE('',#7150);
#6132=PLANE('',#7151);
#6133=PLANE('',#7152);
#6134=PLANE('',#7153);
#6135=PLANE('',#7154);
#6136=PLANE('',#7155);
#6137=PLANE('',#7156);
#6138=PLANE('',#7157);
#6139=PLANE('',#7158);
#6140=PLANE('',#7159);
#6141=PLANE('',#7160);
#6142=PLANE('',#7161);
#6143=PLANE('',#7162);
#6144=PLANE('',#7163);
#6145=PLANE('',#7164);
#6146=PLANE('',#7165);
#6147=PLANE('',#7166);
#6148=PLANE('',#7167);
#6149=PLANE('',#7168);
#6150=PLANE('',#7169);
#6151=PLANE('',#7170);
#6152=PLANE('',#7171);
#6153=PLANE('',#7172);
#6154=PLANE('',#7173);
#6155=PLANE('',#7174);
#6156=PLANE('',#7175);
#6157=PLANE('',#7176);
#6158=PLANE('',#7177);
#6159=PLANE('',#7178);
#6160=PLANE('',#7179);
#6161=PLANE('',#7180);
#6162=PLANE('',#7181);
#6163=PLANE('',#7182);
#6164=PLANE('',#7183);
#6165=PLANE('',#7184);
#6166=PLANE('',#7185);
#6167=PLANE('',#7186);
#6168=PLANE('',#7187);
#6169=PLANE('',#7188);
#6170=PLANE('',#7189);
#6171=PLANE('',#7190);
#6172=PLANE('',#7191);
#6173=PLANE('',#7192);
#6174=PLANE('',#7193);
#6175=PLANE('',#7194);
#6176=PLANE('',#7195);
#6177=PLANE('',#7196);
#6178=PLANE('',#7197);
#6179=PLANE('',#7198);
#6180=PLANE('',#7199);
#6181=PLANE('',#7200);
#6182=PLANE('',#7201);
#6183=PLANE('',#7202);
#6184=PLANE('',#7203);
#6185=PLANE('',#7204);
#6186=PLANE('',#7205);
#6187=PLANE('',#7206);
#6188=PLANE('',#7207);
#6189=PLANE('',#7208);
#6190=PLANE('',#7209);
#6191=PLANE('',#7210);
#6192=PLANE('',#7211);
#6193=PLANE('',#7212);
#6194=PLANE('',#7213);
#6195=PLANE('',#7214);
#6196=PLANE('',#7215);
#6197=PLANE('',#7216);
#6198=PLANE('',#7217);
#6199=PLANE('',#7218);
#6200=PLANE('',#7219);
#6201=PLANE('',#7220);
#6202=PLANE('',#7221);
#6203=PLANE('',#7222);
#6204=PLANE('',#7223);
#6205=PLANE('',#7224);
#6206=PLANE('',#7225);
#6207=PLANE('',#7226);
#6208=PLANE('',#7227);
#6209=PLANE('',#7228);
#6210=PLANE('',#7229);
#6211=PLANE('',#7230);
#6212=PLANE('',#7231);
#6213=PLANE('',#7232);
#6214=PLANE('',#7233);
#6215=PLANE('',#7234);
#6216=PLANE('',#7235);
#6217=PLANE('',#7236);
#6218=PLANE('',#7237);
#6219=PLANE('',#7238);
#6220=PLANE('',#7239);
#6221=PLANE('',#7240);
#6222=PLANE('',#7241);
#6223=PLANE('',#7242);
#6224=PLANE('',#7243);
#6225=PLANE('',#7244);
#6226=PLANE('',#7245);
#6227=PLANE('',#7246);
#6228=PLANE('',#7247);
#6229=PLANE('',#7248);
#6230=PLANE('',#7249);
#6231=PLANE('',#7250);
#6232=PLANE('',#7251);
#6233=PLANE('',#7252);
#6234=PLANE('',#7253);
#6235=PLANE('',#7254);
#6236=PLANE('',#7255);
#6237=PLANE('',#7256);
#6238=PLANE('',#7257);
#6239=PLANE('',#7258);
#6240=PLANE('',#7259);
#6241=PLANE('',#7260);
#6242=PLANE('',#7261);
#6243=PLANE('',#7262);
#6244=PLANE('',#7263);
#6245=PLANE('',#7264);
#6246=PLANE('',#7265);
#6247=PLANE('',#7266);
#6248=PLANE('',#7267);
#6249=PLANE('',#7268);
#6250=PLANE('',#7269);
#6251=PLANE('',#7270);
#6252=PLANE('',#7271);
#6253=PLANE('',#7272);
#6254=PLANE('',#7273);
#6255=PLANE('',#7274);
#6256=PLANE('',#7275);
#6257=PLANE('',#7276);
#6258=PLANE('',#7277);
#6259=PLANE('',#7278);
#6260=PLANE('',#7279);
#6261=PLANE('',#7280);
#6262=PLANE('',#7281);
#6263=PLANE('',#7282);
#6264=PLANE('',#7283);
#6265=PLANE('',#7284);
#6266=PLANE('',#7285);
#6267=PLANE('',#7286);
#6268=PLANE('',#7287);
#6269=PLANE('',#7288);
#6270=PLANE('',#7289);
#6271=PLANE('',#7290);
#6272=PLANE('',#7291);
#6273=PLANE('',#7292);
#6274=PLANE('',#7293);
#6275=PLANE('',#7294);
#6276=PLANE('',#7295);
#6277=PLANE('',#7296);
#6278=PLANE('',#7297);
#6279=PLANE('',#7298);
#6280=PLANE('',#7299);
#6281=PLANE('',#7300);
#6282=PLANE('',#7301);
#6283=PLANE('',#7302);
#6284=PLANE('',#7303);
#6285=PLANE('',#7304);
#6286=PLANE('',#7305);
#6287=PLANE('',#7306);
#6288=PLANE('',#7307);
#6289=PLANE('',#7308);
#6290=PLANE('',#7309);
#6291=PLANE('',#7310);
#6292=PLANE('',#7311);
#6293=PLANE('',#7312);
#6294=PLANE('',#7313);
#6295=PLANE('',#7314);
#6296=PLANE('',#7315);
#6297=PLANE('',#7316);
#6298=PLANE('',#7317);
#6299=PLANE('',#7318);
#6300=PLANE('',#7319);
#6301=PLANE('',#7320);
#6302=PLANE('',#7321);
#6303=PLANE('',#7322);
#6304=PLANE('',#7323);
#6305=PLANE('',#7324);
#6306=PLANE('',#7325);
#6307=PLANE('',#7326);
#6308=PLANE('',#7327);
#6309=PLANE('',#7328);
#6310=PLANE('',#7329);
#6311=PLANE('',#7330);
#6312=PLANE('',#7331);
#6313=PLANE('',#7332);
#6314=PLANE('',#7333);
#6315=PLANE('',#7334);
#6316=PLANE('',#7335);
#6317=PLANE('',#7336);
#6318=PLANE('',#7337);
#6319=PLANE('',#7338);
#6320=PLANE('',#7339);
#6321=PLANE('',#7340);
#6322=PLANE('',#7341);
#6323=PLANE('',#7342);
#6324=PLANE('',#7343);
#6325=PLANE('',#7344);
#6326=PLANE('',#7345);
#6327=PLANE('',#7346);
#6328=PLANE('',#7347);
#6329=PLANE('',#7348);
#6330=PLANE('',#7349);
#6331=PLANE('',#7350);
#6332=PLANE('',#7351);
#6333=PLANE('',#7352);
#6334=PLANE('',#7353);
#6335=PLANE('',#7354);
#6336=PLANE('',#7355);
#6337=PLANE('',#7356);
#6338=PLANE('',#7357);
#6339=PLANE('',#7358);
#6340=PLANE('',#7359);
#6341=PLANE('',#7360);
#6342=PLANE('',#7361);
#6343=PLANE('',#7362);
#6344=PLANE('',#7363);
#6345=PLANE('',#7364);
#6346=PLANE('',#7365);
#6347=PLANE('',#7366);
#6348=PLANE('',#7367);
#6349=PLANE('',#7368);
#6350=PLANE('',#7369);
#6351=PLANE('',#7370);
#6352=PLANE('',#7371);
#6353=PLANE('',#7372);
#6354=PLANE('',#7373);
#6355=PLANE('',#7374);
#6356=PLANE('',#7375);
#6357=PLANE('',#7376);
#6358=PLANE('',#7377);
#6359=PLANE('',#7378);
#6360=PLANE('',#7379);
#6361=PLANE('',#7380);
#6362=PLANE('',#7381);
#6363=PLANE('',#7382);
#6364=PLANE('',#7383);
#6365=PLANE('',#7384);
#6366=PLANE('',#7385);
#6367=PLANE('',#7386);
#6368=PLANE('',#7387);
#6369=PLANE('',#7388);
#6370=PLANE('',#7389);
#6371=PLANE('',#7390);
#6372=PLANE('',#7391);
#6373=PLANE('',#7392);
#6374=PLANE('',#7393);
#6375=PLANE('',#7394);
#6376=PLANE('',#7395);
#6377=PLANE('',#7396);
#6378=PLANE('',#7397);
#6379=PLANE('',#7398);
#6380=PLANE('',#7399);
#6381=PLANE('',#7400);
#6382=PLANE('',#7401);
#6383=PLANE('',#7402);
#6384=PLANE('',#7403);
#6385=PLANE('',#7404);
#6386=PLANE('',#7405);
#6387=PLANE('',#7406);
#6388=PLANE('',#7407);
#6389=PLANE('',#7408);
#6390=PLANE('',#7409);
#6391=PLANE('',#7410);
#6392=PLANE('',#7411);
#6393=PLANE('',#7412);
#6394=PLANE('',#7413);
#6395=PLANE('',#7414);
#6396=PLANE('',#7415);
#6397=PLANE('',#7416);
#6398=PLANE('',#7417);
#6399=PLANE('',#7418);
#6400=PLANE('',#7419);
#6401=PLANE('',#7420);
#6402=PLANE('',#7421);
#6403=PLANE('',#7422);
#6404=PLANE('',#7423);
#6405=PLANE('',#7424);
#6406=PLANE('',#7425);
#6407=PLANE('',#7426);
#6408=PLANE('',#7427);
#6409=PLANE('',#7428);
#6410=PLANE('',#7429);
#6411=PLANE('',#7430);
#6412=PLANE('',#7431);
#6413=PLANE('',#7432);
#6414=PLANE('',#7433);
#6415=PLANE('',#7434);
#6416=PLANE('',#7435);
#6417=PLANE('',#7436);
#6418=PLANE('',#7437);
#6419=PLANE('',#7438);
#6420=PLANE('',#7439);
#6421=PLANE('',#7440);
#6422=PLANE('',#7441);
#6423=PLANE('',#7442);
#6424=PLANE('',#7443);
#6425=PLANE('',#7444);
#6426=PLANE('',#7445);
#6427=PLANE('',#7446);
#6428=PLANE('',#7447);
#6429=PLANE('',#7448);
#6430=PLANE('',#7449);
#6431=PLANE('',#7450);
#6432=PLANE('',#7451);
#6433=PLANE('',#7452);
#6434=PLANE('',#7453);
#6435=PLANE('',#7454);
#6436=PLANE('',#7455);
#6437=PLANE('',#7456);
#6438=PLANE('',#7457);
#6439=PLANE('',#7458);
#6440=PLANE('',#7459);
#6441=PLANE('',#7460);
#6442=PLANE('',#7461);
#6443=PLANE('',#7462);
#6444=PLANE('',#7463);
#6445=PLANE('',#7464);
#6446=PLANE('',#7465);
#6447=PLANE('',#7466);
#6448=PLANE('',#7467);
#6449=PLANE('',#7468);
#6450=PLANE('',#7469);
#6451=PLANE('',#7470);
#6452=PLANE('',#7471);
#6453=PLANE('',#7472);
#6454=PLANE('',#7473);
#6455=PLANE('',#7474);
#6456=PLANE('',#7475);
#6457=PLANE('',#7476);
#6458=PLANE('',#7477);
#6459=PLANE('',#7478);
#6460=PLANE('',#7479);
#6461=PLANE('',#7480);
#6462=PLANE('',#7481);
#6463=PLANE('',#7482);
#6464=PLANE('',#7483);
#6465=PLANE('',#7484);
#6466=PLANE('',#7485);
#6467=PLANE('',#7486);
#6468=PLANE('',#7487);
#6469=PLANE('',#7488);
#6470=PLANE('',#7489);
#6471=PLANE('',#7490);
#6472=PLANE('',#7491);
#6473=PLANE('',#7492);
#6474=PLANE('',#7493);
#6475=PLANE('',#7494);
#6476=PLANE('',#7495);
#6477=PLANE('',#7496);
#6478=PLANE('',#7497);
#6479=PLANE('',#7498);
#6480=PLANE('',#7499);
#6481=PLANE('',#7500);
#6482=PLANE('',#7501);
#6483=PLANE('',#7502);
#6484=PLANE('',#7503);
#6485=PLANE('',#7504);
#6486=PLANE('',#7505);
#6487=PLANE('',#7506);
#6488=PLANE('',#7507);
#6489=PLANE('',#7508);
#6490=PLANE('',#7509);
#6491=PLANE('',#7510);
#6492=PLANE('',#7511);
#6493=PLANE('',#7512);
#6494=PLANE('',#7513);
#6495=PLANE('',#7514);
#6496=PLANE('',#7518);
#6497=PLANE('',#7522);
#6498=PLANE('',#7526);
#6499=PLANE('',#7528);
#6500=PLANE('',#7531);
#6501=PLANE('',#7536);
#6502=ADVANCED_FACE('',(#40),#5997,.T.);
#6503=ADVANCED_FACE('',(#41),#5998,.T.);
#6504=ADVANCED_FACE('',(#42),#5999,.T.);
#6505=ADVANCED_FACE('',(#43),#6000,.T.);
#6506=ADVANCED_FACE('',(#44),#6001,.T.);
#6507=ADVANCED_FACE('',(#45),#6002,.T.);
#6508=ADVANCED_FACE('',(#46),#6003,.T.);
#6509=ADVANCED_FACE('',(#47),#6004,.T.);
#6510=ADVANCED_FACE('',(#48),#6005,.T.);
#6511=ADVANCED_FACE('',(#49),#6006,.T.);
#6512=ADVANCED_FACE('',(#50),#6007,.T.);
#6513=ADVANCED_FACE('',(#51),#6008,.T.);
#6514=ADVANCED_FACE('',(#52),#6009,.T.);
#6515=ADVANCED_FACE('',(#53),#6010,.T.);
#6516=ADVANCED_FACE('',(#54),#6011,.T.);
#6517=ADVANCED_FACE('',(#55),#6012,.T.);
#6518=ADVANCED_FACE('',(#56),#6013,.T.);
#6519=ADVANCED_FACE('',(#57),#6014,.T.);
#6520=ADVANCED_FACE('',(#58),#6015,.T.);
#6521=ADVANCED_FACE('',(#59),#6016,.T.);
#6522=ADVANCED_FACE('',(#60),#6017,.T.);
#6523=ADVANCED_FACE('',(#61),#6018,.T.);
#6524=ADVANCED_FACE('',(#62),#6019,.T.);
#6525=ADVANCED_FACE('',(#63),#6020,.T.);
#6526=ADVANCED_FACE('',(#64),#6021,.T.);
#6527=ADVANCED_FACE('',(#65),#6022,.T.);
#6528=ADVANCED_FACE('',(#66),#6023,.T.);
#6529=ADVANCED_FACE('',(#67),#6024,.T.);
#6530=ADVANCED_FACE('',(#68),#6025,.T.);
#6531=ADVANCED_FACE('',(#69),#6026,.T.);
#6532=ADVANCED_FACE('',(#70),#6027,.T.);
#6533=ADVANCED_FACE('',(#71),#6028,.T.);
#6534=ADVANCED_FACE('',(#72),#6029,.T.);
#6535=ADVANCED_FACE('',(#73),#6030,.T.);
#6536=ADVANCED_FACE('',(#74),#6031,.T.);
#6537=ADVANCED_FACE('',(#75),#6032,.T.);
#6538=ADVANCED_FACE('',(#76),#6033,.T.);
#6539=ADVANCED_FACE('',(#77),#6034,.T.);
#6540=ADVANCED_FACE('',(#78),#6035,.T.);
#6541=ADVANCED_FACE('',(#79),#6036,.T.);
#6542=ADVANCED_FACE('',(#80),#6037,.T.);
#6543=ADVANCED_FACE('',(#81),#6038,.T.);
#6544=ADVANCED_FACE('',(#82),#6039,.T.);
#6545=ADVANCED_FACE('',(#83),#6040,.T.);
#6546=ADVANCED_FACE('',(#84),#6041,.T.);
#6547=ADVANCED_FACE('',(#85),#6042,.T.);
#6548=ADVANCED_FACE('',(#86),#6043,.T.);
#6549=ADVANCED_FACE('',(#87),#6044,.T.);
#6550=ADVANCED_FACE('',(#88),#6045,.T.);
#6551=ADVANCED_FACE('',(#89),#6046,.T.);
#6552=ADVANCED_FACE('',(#90),#6047,.T.);
#6553=ADVANCED_FACE('',(#91),#6048,.T.);
#6554=ADVANCED_FACE('',(#92),#6049,.T.);
#6555=ADVANCED_FACE('',(#93),#6050,.T.);
#6556=ADVANCED_FACE('',(#94),#6051,.T.);
#6557=ADVANCED_FACE('',(#95),#6052,.T.);
#6558=ADVANCED_FACE('',(#96),#6053,.T.);
#6559=ADVANCED_FACE('',(#97),#6054,.T.);
#6560=ADVANCED_FACE('',(#98),#6055,.T.);
#6561=ADVANCED_FACE('',(#99),#6056,.T.);
#6562=ADVANCED_FACE('',(#100),#6057,.T.);
#6563=ADVANCED_FACE('',(#101),#6058,.T.);
#6564=ADVANCED_FACE('',(#102),#6059,.T.);
#6565=ADVANCED_FACE('',(#103),#6060,.T.);
#6566=ADVANCED_FACE('',(#104),#6061,.T.);
#6567=ADVANCED_FACE('',(#105),#6062,.T.);
#6568=ADVANCED_FACE('',(#106),#6063,.T.);
#6569=ADVANCED_FACE('',(#107),#6064,.T.);
#6570=ADVANCED_FACE('',(#108),#6065,.T.);
#6571=ADVANCED_FACE('',(#109),#6066,.T.);
#6572=ADVANCED_FACE('',(#110),#6067,.T.);
#6573=ADVANCED_FACE('',(#111),#6068,.T.);
#6574=ADVANCED_FACE('',(#112),#6069,.T.);
#6575=ADVANCED_FACE('',(#113),#6070,.T.);
#6576=ADVANCED_FACE('',(#114),#6071,.T.);
#6577=ADVANCED_FACE('',(#115),#6072,.T.);
#6578=ADVANCED_FACE('',(#116),#6073,.T.);
#6579=ADVANCED_FACE('',(#117),#6074,.T.);
#6580=ADVANCED_FACE('',(#118),#6075,.T.);
#6581=ADVANCED_FACE('',(#119),#6076,.T.);
#6582=ADVANCED_FACE('',(#120),#6077,.T.);
#6583=ADVANCED_FACE('',(#121),#6078,.T.);
#6584=ADVANCED_FACE('',(#122),#6079,.T.);
#6585=ADVANCED_FACE('',(#123),#6080,.T.);
#6586=ADVANCED_FACE('',(#124),#6081,.T.);
#6587=ADVANCED_FACE('',(#125),#6082,.T.);
#6588=ADVANCED_FACE('',(#126),#6083,.T.);
#6589=ADVANCED_FACE('',(#127),#6084,.T.);
#6590=ADVANCED_FACE('',(#128),#6085,.T.);
#6591=ADVANCED_FACE('',(#129),#6086,.T.);
#6592=ADVANCED_FACE('',(#130),#6087,.T.);
#6593=ADVANCED_FACE('',(#131),#6088,.T.);
#6594=ADVANCED_FACE('',(#132),#6089,.T.);
#6595=ADVANCED_FACE('',(#133),#6090,.T.);
#6596=ADVANCED_FACE('',(#134),#6091,.T.);
#6597=ADVANCED_FACE('',(#135),#6092,.T.);
#6598=ADVANCED_FACE('',(#136),#6093,.T.);
#6599=ADVANCED_FACE('',(#137),#6094,.T.);
#6600=ADVANCED_FACE('',(#138),#6095,.T.);
#6601=ADVANCED_FACE('',(#139),#6096,.T.);
#6602=ADVANCED_FACE('',(#140),#6097,.T.);
#6603=ADVANCED_FACE('',(#141),#6098,.T.);
#6604=ADVANCED_FACE('',(#142),#6099,.T.);
#6605=ADVANCED_FACE('',(#143),#6100,.T.);
#6606=ADVANCED_FACE('',(#144),#6101,.T.);
#6607=ADVANCED_FACE('',(#145),#6102,.T.);
#6608=ADVANCED_FACE('',(#146),#6103,.T.);
#6609=ADVANCED_FACE('',(#147),#6104,.T.);
#6610=ADVANCED_FACE('',(#148),#6105,.T.);
#6611=ADVANCED_FACE('',(#149),#6106,.T.);
#6612=ADVANCED_FACE('',(#150),#6107,.T.);
#6613=ADVANCED_FACE('',(#151),#6108,.T.);
#6614=ADVANCED_FACE('',(#152),#6109,.T.);
#6615=ADVANCED_FACE('',(#153),#6110,.T.);
#6616=ADVANCED_FACE('',(#154),#6111,.T.);
#6617=ADVANCED_FACE('',(#155),#6112,.T.);
#6618=ADVANCED_FACE('',(#156),#6113,.T.);
#6619=ADVANCED_FACE('',(#157),#6114,.T.);
#6620=ADVANCED_FACE('',(#158),#6115,.T.);
#6621=ADVANCED_FACE('',(#159),#6116,.T.);
#6622=ADVANCED_FACE('',(#160),#6117,.T.);
#6623=ADVANCED_FACE('',(#161),#6118,.T.);
#6624=ADVANCED_FACE('',(#162),#6119,.T.);
#6625=ADVANCED_FACE('',(#163),#6120,.T.);
#6626=ADVANCED_FACE('',(#164),#6121,.T.);
#6627=ADVANCED_FACE('',(#165),#6122,.T.);
#6628=ADVANCED_FACE('',(#166),#6123,.T.);
#6629=ADVANCED_FACE('',(#167),#6124,.T.);
#6630=ADVANCED_FACE('',(#168),#6125,.T.);
#6631=ADVANCED_FACE('',(#169),#6126,.T.);
#6632=ADVANCED_FACE('',(#170),#6127,.T.);
#6633=ADVANCED_FACE('',(#171),#6128,.T.);
#6634=ADVANCED_FACE('',(#172),#6129,.T.);
#6635=ADVANCED_FACE('',(#173),#6130,.T.);
#6636=ADVANCED_FACE('',(#174),#6131,.T.);
#6637=ADVANCED_FACE('',(#175),#6132,.T.);
#6638=ADVANCED_FACE('',(#176),#6133,.T.);
#6639=ADVANCED_FACE('',(#177),#6134,.T.);
#6640=ADVANCED_FACE('',(#178),#6135,.T.);
#6641=ADVANCED_FACE('',(#179),#6136,.T.);
#6642=ADVANCED_FACE('',(#180),#6137,.T.);
#6643=ADVANCED_FACE('',(#181),#6138,.T.);
#6644=ADVANCED_FACE('',(#182),#6139,.T.);
#6645=ADVANCED_FACE('',(#183),#6140,.T.);
#6646=ADVANCED_FACE('',(#184),#6141,.T.);
#6647=ADVANCED_FACE('',(#185),#6142,.T.);
#6648=ADVANCED_FACE('',(#186),#6143,.T.);
#6649=ADVANCED_FACE('',(#187),#6144,.T.);
#6650=ADVANCED_FACE('',(#188),#6145,.T.);
#6651=ADVANCED_FACE('',(#189),#6146,.T.);
#6652=ADVANCED_FACE('',(#190),#6147,.T.);
#6653=ADVANCED_FACE('',(#191),#6148,.T.);
#6654=ADVANCED_FACE('',(#192),#6149,.T.);
#6655=ADVANCED_FACE('',(#193),#6150,.T.);
#6656=ADVANCED_FACE('',(#194),#6151,.T.);
#6657=ADVANCED_FACE('',(#195),#6152,.T.);
#6658=ADVANCED_FACE('',(#196),#6153,.T.);
#6659=ADVANCED_FACE('',(#197),#6154,.T.);
#6660=ADVANCED_FACE('',(#198),#6155,.T.);
#6661=ADVANCED_FACE('',(#199),#6156,.T.);
#6662=ADVANCED_FACE('',(#200),#6157,.T.);
#6663=ADVANCED_FACE('',(#201),#6158,.T.);
#6664=ADVANCED_FACE('',(#202),#6159,.T.);
#6665=ADVANCED_FACE('',(#203),#6160,.T.);
#6666=ADVANCED_FACE('',(#204),#6161,.T.);
#6667=ADVANCED_FACE('',(#205),#6162,.T.);
#6668=ADVANCED_FACE('',(#206),#6163,.T.);
#6669=ADVANCED_FACE('',(#207),#6164,.T.);
#6670=ADVANCED_FACE('',(#208),#6165,.T.);
#6671=ADVANCED_FACE('',(#209),#6166,.T.);
#6672=ADVANCED_FACE('',(#210),#6167,.T.);
#6673=ADVANCED_FACE('',(#211),#6168,.T.);
#6674=ADVANCED_FACE('',(#212),#6169,.T.);
#6675=ADVANCED_FACE('',(#213),#6170,.T.);
#6676=ADVANCED_FACE('',(#214),#6171,.T.);
#6677=ADVANCED_FACE('',(#215),#6172,.T.);
#6678=ADVANCED_FACE('',(#216),#6173,.T.);
#6679=ADVANCED_FACE('',(#217),#6174,.T.);
#6680=ADVANCED_FACE('',(#218),#6175,.T.);
#6681=ADVANCED_FACE('',(#219),#6176,.T.);
#6682=ADVANCED_FACE('',(#220),#6177,.T.);
#6683=ADVANCED_FACE('',(#221),#6178,.T.);
#6684=ADVANCED_FACE('',(#222),#6179,.T.);
#6685=ADVANCED_FACE('',(#223),#6180,.T.);
#6686=ADVANCED_FACE('',(#224),#6181,.T.);
#6687=ADVANCED_FACE('',(#225),#6182,.T.);
#6688=ADVANCED_FACE('',(#226),#6183,.T.);
#6689=ADVANCED_FACE('',(#227),#6184,.T.);
#6690=ADVANCED_FACE('',(#228),#6185,.T.);
#6691=ADVANCED_FACE('',(#229),#6186,.T.);
#6692=ADVANCED_FACE('',(#230),#6187,.T.);
#6693=ADVANCED_FACE('',(#231),#6188,.T.);
#6694=ADVANCED_FACE('',(#232),#6189,.T.);
#6695=ADVANCED_FACE('',(#233),#6190,.T.);
#6696=ADVANCED_FACE('',(#234),#6191,.T.);
#6697=ADVANCED_FACE('',(#235),#6192,.T.);
#6698=ADVANCED_FACE('',(#236),#6193,.T.);
#6699=ADVANCED_FACE('',(#237),#6194,.T.);
#6700=ADVANCED_FACE('',(#238),#6195,.T.);
#6701=ADVANCED_FACE('',(#239),#6196,.T.);
#6702=ADVANCED_FACE('',(#240),#6197,.T.);
#6703=ADVANCED_FACE('',(#241),#6198,.T.);
#6704=ADVANCED_FACE('',(#242),#6199,.T.);
#6705=ADVANCED_FACE('',(#243),#6200,.T.);
#6706=ADVANCED_FACE('',(#244),#6201,.T.);
#6707=ADVANCED_FACE('',(#245),#6202,.T.);
#6708=ADVANCED_FACE('',(#246),#6203,.T.);
#6709=ADVANCED_FACE('',(#247),#6204,.T.);
#6710=ADVANCED_FACE('',(#248),#6205,.T.);
#6711=ADVANCED_FACE('',(#249),#6206,.T.);
#6712=ADVANCED_FACE('',(#250),#6207,.T.);
#6713=ADVANCED_FACE('',(#251),#6208,.T.);
#6714=ADVANCED_FACE('',(#252),#6209,.T.);
#6715=ADVANCED_FACE('',(#253),#6210,.T.);
#6716=ADVANCED_FACE('',(#254),#6211,.T.);
#6717=ADVANCED_FACE('',(#255),#6212,.T.);
#6718=ADVANCED_FACE('',(#256),#6213,.T.);
#6719=ADVANCED_FACE('',(#257),#6214,.T.);
#6720=ADVANCED_FACE('',(#258),#6215,.T.);
#6721=ADVANCED_FACE('',(#259),#6216,.T.);
#6722=ADVANCED_FACE('',(#260),#6217,.T.);
#6723=ADVANCED_FACE('',(#261),#6218,.T.);
#6724=ADVANCED_FACE('',(#262),#6219,.T.);
#6725=ADVANCED_FACE('',(#263),#6220,.T.);
#6726=ADVANCED_FACE('',(#264),#6221,.T.);
#6727=ADVANCED_FACE('',(#265),#6222,.T.);
#6728=ADVANCED_FACE('',(#266),#6223,.T.);
#6729=ADVANCED_FACE('',(#267),#6224,.T.);
#6730=ADVANCED_FACE('',(#268),#6225,.T.);
#6731=ADVANCED_FACE('',(#269),#6226,.T.);
#6732=ADVANCED_FACE('',(#270),#6227,.T.);
#6733=ADVANCED_FACE('',(#271),#6228,.T.);
#6734=ADVANCED_FACE('',(#272),#6229,.T.);
#6735=ADVANCED_FACE('',(#273),#6230,.T.);
#6736=ADVANCED_FACE('',(#274),#6231,.T.);
#6737=ADVANCED_FACE('',(#275),#6232,.T.);
#6738=ADVANCED_FACE('',(#276),#6233,.T.);
#6739=ADVANCED_FACE('',(#277),#6234,.T.);
#6740=ADVANCED_FACE('',(#278),#6235,.T.);
#6741=ADVANCED_FACE('',(#279),#6236,.T.);
#6742=ADVANCED_FACE('',(#280),#6237,.T.);
#6743=ADVANCED_FACE('',(#281),#6238,.T.);
#6744=ADVANCED_FACE('',(#282),#6239,.T.);
#6745=ADVANCED_FACE('',(#283),#6240,.T.);
#6746=ADVANCED_FACE('',(#284),#6241,.T.);
#6747=ADVANCED_FACE('',(#285),#6242,.T.);
#6748=ADVANCED_FACE('',(#286),#6243,.T.);
#6749=ADVANCED_FACE('',(#287),#6244,.T.);
#6750=ADVANCED_FACE('',(#288),#6245,.T.);
#6751=ADVANCED_FACE('',(#289),#6246,.T.);
#6752=ADVANCED_FACE('',(#290),#6247,.T.);
#6753=ADVANCED_FACE('',(#291),#6248,.T.);
#6754=ADVANCED_FACE('',(#292),#6249,.T.);
#6755=ADVANCED_FACE('',(#293),#6250,.T.);
#6756=ADVANCED_FACE('',(#294),#6251,.T.);
#6757=ADVANCED_FACE('',(#295),#6252,.T.);
#6758=ADVANCED_FACE('',(#296),#6253,.T.);
#6759=ADVANCED_FACE('',(#297),#6254,.T.);
#6760=ADVANCED_FACE('',(#298),#6255,.T.);
#6761=ADVANCED_FACE('',(#299),#6256,.T.);
#6762=ADVANCED_FACE('',(#300),#6257,.T.);
#6763=ADVANCED_FACE('',(#301),#6258,.T.);
#6764=ADVANCED_FACE('',(#302),#6259,.T.);
#6765=ADVANCED_FACE('',(#303),#6260,.T.);
#6766=ADVANCED_FACE('',(#304),#6261,.T.);
#6767=ADVANCED_FACE('',(#305),#6262,.T.);
#6768=ADVANCED_FACE('',(#306),#6263,.T.);
#6769=ADVANCED_FACE('',(#307),#6264,.T.);
#6770=ADVANCED_FACE('',(#308),#6265,.T.);
#6771=ADVANCED_FACE('',(#309),#6266,.T.);
#6772=ADVANCED_FACE('',(#310),#6267,.T.);
#6773=ADVANCED_FACE('',(#311),#6268,.T.);
#6774=ADVANCED_FACE('',(#312),#6269,.T.);
#6775=ADVANCED_FACE('',(#313),#6270,.T.);
#6776=ADVANCED_FACE('',(#314),#6271,.T.);
#6777=ADVANCED_FACE('',(#315),#6272,.T.);
#6778=ADVANCED_FACE('',(#316),#6273,.T.);
#6779=ADVANCED_FACE('',(#317),#6274,.T.);
#6780=ADVANCED_FACE('',(#318),#6275,.T.);
#6781=ADVANCED_FACE('',(#319),#6276,.T.);
#6782=ADVANCED_FACE('',(#320),#6277,.T.);
#6783=ADVANCED_FACE('',(#321),#6278,.T.);
#6784=ADVANCED_FACE('',(#322),#6279,.T.);
#6785=ADVANCED_FACE('',(#323),#6280,.T.);
#6786=ADVANCED_FACE('',(#324),#6281,.T.);
#6787=ADVANCED_FACE('',(#325),#6282,.T.);
#6788=ADVANCED_FACE('',(#326),#6283,.T.);
#6789=ADVANCED_FACE('',(#327),#6284,.T.);
#6790=ADVANCED_FACE('',(#328),#6285,.T.);
#6791=ADVANCED_FACE('',(#329),#6286,.T.);
#6792=ADVANCED_FACE('',(#330),#6287,.T.);
#6793=ADVANCED_FACE('',(#331),#6288,.T.);
#6794=ADVANCED_FACE('',(#332),#6289,.T.);
#6795=ADVANCED_FACE('',(#333),#6290,.T.);
#6796=ADVANCED_FACE('',(#334),#6291,.T.);
#6797=ADVANCED_FACE('',(#335),#6292,.T.);
#6798=ADVANCED_FACE('',(#336),#6293,.T.);
#6799=ADVANCED_FACE('',(#337),#6294,.T.);
#6800=ADVANCED_FACE('',(#338),#6295,.T.);
#6801=ADVANCED_FACE('',(#339),#6296,.T.);
#6802=ADVANCED_FACE('',(#340),#6297,.T.);
#6803=ADVANCED_FACE('',(#341),#6298,.T.);
#6804=ADVANCED_FACE('',(#342),#6299,.T.);
#6805=ADVANCED_FACE('',(#343),#6300,.T.);
#6806=ADVANCED_FACE('',(#344),#6301,.T.);
#6807=ADVANCED_FACE('',(#345),#6302,.T.);
#6808=ADVANCED_FACE('',(#346),#6303,.T.);
#6809=ADVANCED_FACE('',(#347),#6304,.T.);
#6810=ADVANCED_FACE('',(#348),#6305,.T.);
#6811=ADVANCED_FACE('',(#349),#6306,.T.);
#6812=ADVANCED_FACE('',(#350),#6307,.T.);
#6813=ADVANCED_FACE('',(#351),#6308,.T.);
#6814=ADVANCED_FACE('',(#352),#6309,.T.);
#6815=ADVANCED_FACE('',(#353),#6310,.T.);
#6816=ADVANCED_FACE('',(#354),#6311,.T.);
#6817=ADVANCED_FACE('',(#355),#6312,.T.);
#6818=ADVANCED_FACE('',(#356),#6313,.T.);
#6819=ADVANCED_FACE('',(#357),#6314,.T.);
#6820=ADVANCED_FACE('',(#358),#6315,.T.);
#6821=ADVANCED_FACE('',(#359),#6316,.T.);
#6822=ADVANCED_FACE('',(#360),#6317,.T.);
#6823=ADVANCED_FACE('',(#361),#6318,.T.);
#6824=ADVANCED_FACE('',(#362),#6319,.T.);
#6825=ADVANCED_FACE('',(#363),#6320,.T.);
#6826=ADVANCED_FACE('',(#364),#6321,.T.);
#6827=ADVANCED_FACE('',(#365),#6322,.T.);
#6828=ADVANCED_FACE('',(#366),#6323,.T.);
#6829=ADVANCED_FACE('',(#367),#6324,.T.);
#6830=ADVANCED_FACE('',(#368),#6325,.T.);
#6831=ADVANCED_FACE('',(#369),#6326,.T.);
#6832=ADVANCED_FACE('',(#370),#6327,.T.);
#6833=ADVANCED_FACE('',(#371),#6328,.T.);
#6834=ADVANCED_FACE('',(#372),#6329,.T.);
#6835=ADVANCED_FACE('',(#373),#6330,.T.);
#6836=ADVANCED_FACE('',(#374),#6331,.T.);
#6837=ADVANCED_FACE('',(#375),#6332,.T.);
#6838=ADVANCED_FACE('',(#376),#6333,.T.);
#6839=ADVANCED_FACE('',(#377),#6334,.T.);
#6840=ADVANCED_FACE('',(#378),#6335,.T.);
#6841=ADVANCED_FACE('',(#379),#6336,.T.);
#6842=ADVANCED_FACE('',(#380),#6337,.T.);
#6843=ADVANCED_FACE('',(#381),#6338,.T.);
#6844=ADVANCED_FACE('',(#382),#6339,.T.);
#6845=ADVANCED_FACE('',(#383),#6340,.T.);
#6846=ADVANCED_FACE('',(#384),#6341,.T.);
#6847=ADVANCED_FACE('',(#385),#6342,.T.);
#6848=ADVANCED_FACE('',(#386),#6343,.T.);
#6849=ADVANCED_FACE('',(#387),#6344,.T.);
#6850=ADVANCED_FACE('',(#388),#6345,.T.);
#6851=ADVANCED_FACE('',(#389),#6346,.T.);
#6852=ADVANCED_FACE('',(#390),#6347,.T.);
#6853=ADVANCED_FACE('',(#391),#6348,.T.);
#6854=ADVANCED_FACE('',(#392),#6349,.T.);
#6855=ADVANCED_FACE('',(#393),#6350,.T.);
#6856=ADVANCED_FACE('',(#394),#6351,.T.);
#6857=ADVANCED_FACE('',(#395),#6352,.T.);
#6858=ADVANCED_FACE('',(#396),#6353,.T.);
#6859=ADVANCED_FACE('',(#397),#6354,.T.);
#6860=ADVANCED_FACE('',(#398),#6355,.T.);
#6861=ADVANCED_FACE('',(#399),#6356,.T.);
#6862=ADVANCED_FACE('',(#400),#6357,.T.);
#6863=ADVANCED_FACE('',(#401),#6358,.T.);
#6864=ADVANCED_FACE('',(#402),#6359,.T.);
#6865=ADVANCED_FACE('',(#403),#6360,.T.);
#6866=ADVANCED_FACE('',(#404),#6361,.T.);
#6867=ADVANCED_FACE('',(#405),#6362,.T.);
#6868=ADVANCED_FACE('',(#406),#6363,.T.);
#6869=ADVANCED_FACE('',(#407),#6364,.T.);
#6870=ADVANCED_FACE('',(#408),#6365,.T.);
#6871=ADVANCED_FACE('',(#409),#6366,.T.);
#6872=ADVANCED_FACE('',(#410),#6367,.T.);
#6873=ADVANCED_FACE('',(#411),#6368,.T.);
#6874=ADVANCED_FACE('',(#412),#6369,.T.);
#6875=ADVANCED_FACE('',(#413),#6370,.T.);
#6876=ADVANCED_FACE('',(#414),#6371,.T.);
#6877=ADVANCED_FACE('',(#415),#6372,.T.);
#6878=ADVANCED_FACE('',(#416),#6373,.T.);
#6879=ADVANCED_FACE('',(#417),#6374,.T.);
#6880=ADVANCED_FACE('',(#418),#6375,.T.);
#6881=ADVANCED_FACE('',(#419),#6376,.T.);
#6882=ADVANCED_FACE('',(#420),#6377,.T.);
#6883=ADVANCED_FACE('',(#421),#6378,.T.);
#6884=ADVANCED_FACE('',(#422),#6379,.T.);
#6885=ADVANCED_FACE('',(#423),#6380,.T.);
#6886=ADVANCED_FACE('',(#424),#6381,.T.);
#6887=ADVANCED_FACE('',(#425),#6382,.T.);
#6888=ADVANCED_FACE('',(#426),#6383,.T.);
#6889=ADVANCED_FACE('',(#427),#6384,.T.);
#6890=ADVANCED_FACE('',(#428),#6385,.T.);
#6891=ADVANCED_FACE('',(#429),#6386,.T.);
#6892=ADVANCED_FACE('',(#430),#6387,.T.);
#6893=ADVANCED_FACE('',(#431),#6388,.T.);
#6894=ADVANCED_FACE('',(#432),#6389,.T.);
#6895=ADVANCED_FACE('',(#433),#6390,.T.);
#6896=ADVANCED_FACE('',(#434),#6391,.T.);
#6897=ADVANCED_FACE('',(#435),#6392,.T.);
#6898=ADVANCED_FACE('',(#436),#6393,.T.);
#6899=ADVANCED_FACE('',(#437),#6394,.T.);
#6900=ADVANCED_FACE('',(#438),#6395,.T.);
#6901=ADVANCED_FACE('',(#439),#6396,.T.);
#6902=ADVANCED_FACE('',(#440),#6397,.T.);
#6903=ADVANCED_FACE('',(#441),#6398,.T.);
#6904=ADVANCED_FACE('',(#442),#6399,.T.);
#6905=ADVANCED_FACE('',(#443),#6400,.T.);
#6906=ADVANCED_FACE('',(#444),#6401,.T.);
#6907=ADVANCED_FACE('',(#445),#6402,.T.);
#6908=ADVANCED_FACE('',(#446),#6403,.T.);
#6909=ADVANCED_FACE('',(#447),#6404,.T.);
#6910=ADVANCED_FACE('',(#448),#6405,.T.);
#6911=ADVANCED_FACE('',(#449),#6406,.T.);
#6912=ADVANCED_FACE('',(#450),#6407,.T.);
#6913=ADVANCED_FACE('',(#451),#6408,.T.);
#6914=ADVANCED_FACE('',(#452),#6409,.T.);
#6915=ADVANCED_FACE('',(#453),#6410,.T.);
#6916=ADVANCED_FACE('',(#454),#6411,.T.);
#6917=ADVANCED_FACE('',(#455),#6412,.T.);
#6918=ADVANCED_FACE('',(#456),#6413,.T.);
#6919=ADVANCED_FACE('',(#457),#6414,.T.);
#6920=ADVANCED_FACE('',(#458),#6415,.T.);
#6921=ADVANCED_FACE('',(#459),#6416,.T.);
#6922=ADVANCED_FACE('',(#460),#6417,.T.);
#6923=ADVANCED_FACE('',(#461),#6418,.T.);
#6924=ADVANCED_FACE('',(#462),#6419,.T.);
#6925=ADVANCED_FACE('',(#463),#6420,.T.);
#6926=ADVANCED_FACE('',(#464),#6421,.T.);
#6927=ADVANCED_FACE('',(#465),#6422,.T.);
#6928=ADVANCED_FACE('',(#466),#6423,.T.);
#6929=ADVANCED_FACE('',(#467),#6424,.T.);
#6930=ADVANCED_FACE('',(#468),#6425,.T.);
#6931=ADVANCED_FACE('',(#469),#6426,.T.);
#6932=ADVANCED_FACE('',(#470),#6427,.T.);
#6933=ADVANCED_FACE('',(#471),#6428,.T.);
#6934=ADVANCED_FACE('',(#472),#6429,.T.);
#6935=ADVANCED_FACE('',(#473),#6430,.T.);
#6936=ADVANCED_FACE('',(#474),#6431,.T.);
#6937=ADVANCED_FACE('',(#475),#6432,.T.);
#6938=ADVANCED_FACE('',(#476),#6433,.T.);
#6939=ADVANCED_FACE('',(#477),#6434,.T.);
#6940=ADVANCED_FACE('',(#478),#6435,.T.);
#6941=ADVANCED_FACE('',(#479),#6436,.T.);
#6942=ADVANCED_FACE('',(#480),#6437,.T.);
#6943=ADVANCED_FACE('',(#481),#6438,.T.);
#6944=ADVANCED_FACE('',(#482),#6439,.T.);
#6945=ADVANCED_FACE('',(#483),#6440,.T.);
#6946=ADVANCED_FACE('',(#484),#6441,.T.);
#6947=ADVANCED_FACE('',(#485),#6442,.T.);
#6948=ADVANCED_FACE('',(#486),#6443,.T.);
#6949=ADVANCED_FACE('',(#487),#6444,.T.);
#6950=ADVANCED_FACE('',(#488),#6445,.T.);
#6951=ADVANCED_FACE('',(#489),#6446,.T.);
#6952=ADVANCED_FACE('',(#490),#6447,.T.);
#6953=ADVANCED_FACE('',(#491),#6448,.T.);
#6954=ADVANCED_FACE('',(#492),#6449,.T.);
#6955=ADVANCED_FACE('',(#493),#6450,.T.);
#6956=ADVANCED_FACE('',(#494),#6451,.T.);
#6957=ADVANCED_FACE('',(#495),#6452,.T.);
#6958=ADVANCED_FACE('',(#496),#6453,.T.);
#6959=ADVANCED_FACE('',(#497),#6454,.T.);
#6960=ADVANCED_FACE('',(#498),#6455,.T.);
#6961=ADVANCED_FACE('',(#499),#6456,.T.);
#6962=ADVANCED_FACE('',(#500),#6457,.T.);
#6963=ADVANCED_FACE('',(#501),#6458,.T.);
#6964=ADVANCED_FACE('',(#502),#6459,.T.);
#6965=ADVANCED_FACE('',(#503),#6460,.T.);
#6966=ADVANCED_FACE('',(#504),#6461,.T.);
#6967=ADVANCED_FACE('',(#505),#6462,.T.);
#6968=ADVANCED_FACE('',(#506),#6463,.T.);
#6969=ADVANCED_FACE('',(#507),#6464,.T.);
#6970=ADVANCED_FACE('',(#508),#6465,.T.);
#6971=ADVANCED_FACE('',(#509),#6466,.T.);
#6972=ADVANCED_FACE('',(#510),#6467,.T.);
#6973=ADVANCED_FACE('',(#511),#6468,.T.);
#6974=ADVANCED_FACE('',(#512),#6469,.T.);
#6975=ADVANCED_FACE('',(#513),#6470,.T.);
#6976=ADVANCED_FACE('',(#514),#6471,.T.);
#6977=ADVANCED_FACE('',(#515),#6472,.T.);
#6978=ADVANCED_FACE('',(#516),#6473,.T.);
#6979=ADVANCED_FACE('',(#517),#6474,.T.);
#6980=ADVANCED_FACE('',(#518),#6475,.T.);
#6981=ADVANCED_FACE('',(#519),#6476,.T.);
#6982=ADVANCED_FACE('',(#520),#6477,.T.);
#6983=ADVANCED_FACE('',(#521),#6478,.T.);
#6984=ADVANCED_FACE('',(#522),#6479,.T.);
#6985=ADVANCED_FACE('',(#523),#6480,.T.);
#6986=ADVANCED_FACE('',(#524),#6481,.T.);
#6987=ADVANCED_FACE('',(#525),#6482,.T.);
#6988=ADVANCED_FACE('',(#526),#6483,.T.);
#6989=ADVANCED_FACE('',(#527),#6484,.T.);
#6990=ADVANCED_FACE('',(#528),#6485,.T.);
#6991=ADVANCED_FACE('',(#529),#6486,.T.);
#6992=ADVANCED_FACE('',(#530),#6487,.T.);
#6993=ADVANCED_FACE('',(#531),#6488,.T.);
#6994=ADVANCED_FACE('',(#532),#6489,.T.);
#6995=ADVANCED_FACE('',(#533),#6490,.T.);
#6996=ADVANCED_FACE('',(#534),#6491,.T.);
#6997=ADVANCED_FACE('',(#535),#6492,.T.);
#6998=ADVANCED_FACE('',(#536),#6493,.T.);
#6999=ADVANCED_FACE('',(#537),#6494,.T.);
#7000=ADVANCED_FACE('',(#538),#6495,.T.);
#7001=ADVANCED_FACE('',(#539),#36,.T.);
#7002=ADVANCED_FACE('',(#540),#6496,.T.);
#7003=ADVANCED_FACE('',(#541),#37,.T.);
#7004=ADVANCED_FACE('',(#542),#6497,.T.);
#7005=ADVANCED_FACE('',(#543),#38,.T.);
#7006=ADVANCED_FACE('',(#544,#21),#6498,.F.);
#7007=ADVANCED_FACE('',(#545),#6499,.T.);
#7008=ADVANCED_FACE('',(#546),#39,.T.);
#7009=ADVANCED_FACE('',(#547),#6500,.T.);
#7010=ADVANCED_FACE('',(#548),#19,.F.);
#7011=ADVANCED_FACE('',(#549,#22),#6501,.T.);
#7012=ADVANCED_FACE('',(#550),#20,.T.);
#7013=CLOSED_SHELL('',(#6502,#6503,#6504,#6505,#6506,#6507,#6508,#6509,
#6510,#6511,#6512,#6513,#6514,#6515,#6516,#6517,#6518,#6519,#6520,#6521,
#6522,#6523,#6524,#6525,#6526,#6527,#6528,#6529,#6530,#6531,#6532,#6533,
#6534,#6535,#6536,#6537,#6538,#6539,#6540,#6541,#6542,#6543,#6544,#6545,
#6546,#6547,#6548,#6549,#6550,#6551,#6552,#6553,#6554,#6555,#6556,#6557,
#6558,#6559,#6560,#6561,#6562,#6563,#6564,#6565,#6566,#6567,#6568,#6569,
#6570,#6571,#6572,#6573,#6574,#6575,#6576,#6577,#6578,#6579,#6580,#6581,
#6582,#6583,#6584,#6585,#6586,#6587,#6588,#6589,#6590,#6591,#6592,#6593,
#6594,#6595,#6596,#6597,#6598,#6599,#6600,#6601,#6602,#6603,#6604,#6605,
#6606,#6607,#6608,#6609,#6610,#6611,#6612,#6613,#6614,#6615,#6616,#6617,
#6618,#6619,#6620,#6621,#6622,#6623,#6624,#6625,#6626,#6627,#6628,#6629,
#6630,#6631,#6632,#6633,#6634,#6635,#6636,#6637,#6638,#6639,#6640,#6641,
#6642,#6643,#6644,#6645,#6646,#6647,#6648,#6649,#6650,#6651,#6652,#6653,
#6654,#6655,#6656,#6657,#6658,#6659,#6660,#6661,#6662,#6663,#6664,#6665,
#6666,#6667,#6668,#6669,#6670,#6671,#6672,#6673,#6674,#6675,#6676,#6677,
#6678,#6679,#6680,#6681,#6682,#6683,#6684,#6685,#6686,#6687,#6688,#6689,
#6690,#6691,#6692,#6693,#6694,#6695,#6696,#6697,#6698,#6699,#6700,#6701,
#6702,#6703,#6704,#6705,#6706,#6707,#6708,#6709,#6710,#6711,#6712,#6713,
#6714,#6715,#6716,#6717,#6718,#6719,#6720,#6721,#6722,#6723,#6724,#6725,
#6726,#6727,#6728,#6729,#6730,#6731,#6732,#6733,#6734,#6735,#6736,#6737,
#6738,#6739,#6740,#6741,#6742,#6743,#6744,#6745,#6746,#6747,#6748,#6749,
#6750,#6751,#6752,#6753,#6754,#6755,#6756,#6757,#6758,#6759,#6760,#6761,
#6762,#6763,#6764,#6765,#6766,#6767,#6768,#6769,#6770,#6771,#6772,#6773,
#6774,#6775,#6776,#6777,#6778,#6779,#6780,#6781,#6782,#6783,#6784,#6785,
#6786,#6787,#6788,#6789,#6790,#6791,#6792,#6793,#6794,#6795,#6796,#6797,
#6798,#6799,#6800,#6801,#6802,#6803,#6804,#6805,#6806,#6807,#6808,#6809,
#6810,#6811,#6812,#6813,#6814,#6815,#6816,#6817,#6818,#6819,#6820,#6821,
#6822,#6823,#6824,#6825,#6826,#6827,#6828,#6829,#6830,#6831,#6832,#6833,
#6834,#6835,#6836,#6837,#6838,#6839,#6840,#6841,#6842,#6843,#6844,#6845,
#6846,#6847,#6848,#6849,#6850,#6851,#6852,#6853,#6854,#6855,#6856,#6857,
#6858,#6859,#6860,#6861,#6862,#6863,#6864,#6865,#6866,#6867,#6868,#6869,
#6870,#6871,#6872,#6873,#6874,#6875,#6876,#6877,#6878,#6879,#6880,#6881,
#6882,#6883,#6884,#6885,#6886,#6887,#6888,#6889,#6890,#6891,#6892,#6893,
#6894,#6895,#6896,#6897,#6898,#6899,#6900,#6901,#6902,#6903,#6904,#6905,
#6906,#6907,#6908,#6909,#6910,#6911,#6912,#6913,#6914,#6915,#6916,#6917,
#6918,#6919,#6920,#6921,#6922,#6923,#6924,#6925,#6926,#6927,#6928,#6929,
#6930,#6931,#6932,#6933,#6934,#6935,#6936,#6937,#6938,#6939,#6940,#6941,
#6942,#6943,#6944,#6945,#6946,#6947,#6948,#6949,#6950,#6951,#6952,#6953,
#6954,#6955,#6956,#6957,#6958,#6959,#6960,#6961,#6962,#6963,#6964,#6965,
#6966,#6967,#6968,#6969,#6970,#6971,#6972,#6973,#6974,#6975,#6976,#6977,
#6978,#6979,#6980,#6981,#6982,#6983,#6984,#6985,#6986,#6987,#6988,#6989,
#6990,#6991,#6992,#6993,#6994,#6995,#6996,#6997,#6998,#6999,#7000,#7001,
#7002,#7003,#7004,#7005,#7006,#7007,#7008,#7009,#7010,#7011,#7012));
#7014=AXIS2_PLACEMENT_3D('',#9493,#7541,#7542);
#7015=AXIS2_PLACEMENT_3D('',#9494,#7543,#7544);
#7016=AXIS2_PLACEMENT_3D('',#9495,#7545,#7546);
#7017=AXIS2_PLACEMENT_3D('',#9504,#7551,#7552);
#7018=AXIS2_PLACEMENT_3D('',#9510,#7556,#7557);
#7019=AXIS2_PLACEMENT_3D('',#9514,#7560,#7561);
#7020=AXIS2_PLACEMENT_3D('',#9520,#7565,#7566);
#7021=AXIS2_PLACEMENT_3D('',#9526,#7570,#7571);
#7022=AXIS2_PLACEMENT_3D('',#9530,#7574,#7575);
#7023=AXIS2_PLACEMENT_3D('',#9536,#7579,#7580);
#7024=AXIS2_PLACEMENT_3D('',#9542,#7584,#7585);
#7025=AXIS2_PLACEMENT_3D('',#9548,#7589,#7590);
#7026=AXIS2_PLACEMENT_3D('',#9554,#7594,#7595);
#7027=AXIS2_PLACEMENT_3D('',#9560,#7599,#7600);
#7028=AXIS2_PLACEMENT_3D('',#9566,#7604,#7605);
#7029=AXIS2_PLACEMENT_3D('',#9570,#7608,#7609);
#7030=AXIS2_PLACEMENT_3D('',#9576,#7613,#7614);
#7031=AXIS2_PLACEMENT_3D('',#9580,#7617,#7618);
#7032=AXIS2_PLACEMENT_3D('',#9586,#7622,#7623);
#7033=AXIS2_PLACEMENT_3D('',#9592,#7627,#7628);
#7034=AXIS2_PLACEMENT_3D('',#9596,#7631,#7632);
#7035=AXIS2_PLACEMENT_3D('',#9602,#7636,#7637);
#7036=AXIS2_PLACEMENT_3D('',#9608,#7641,#7642);
#7037=AXIS2_PLACEMENT_3D('',#9614,#7646,#7647);
#7038=AXIS2_PLACEMENT_3D('',#9620,#7651,#7652);
#7039=AXIS2_PLACEMENT_3D('',#9626,#7656,#7657);
#7040=AXIS2_PLACEMENT_3D('',#9632,#7661,#7662);
#7041=AXIS2_PLACEMENT_3D('',#9638,#7666,#7667);
#7042=AXIS2_PLACEMENT_3D('',#9644,#7671,#7672);
#7043=AXIS2_PLACEMENT_3D('',#9650,#7676,#7677);
#7044=AXIS2_PLACEMENT_3D('',#9654,#7680,#7681);
#7045=AXIS2_PLACEMENT_3D('',#9660,#7685,#7686);
#7046=AXIS2_PLACEMENT_3D('',#9666,#7690,#7691);
#7047=AXIS2_PLACEMENT_3D('',#9670,#7694,#7695);
#7048=AXIS2_PLACEMENT_3D('',#9676,#7699,#7700);
#7049=AXIS2_PLACEMENT_3D('',#9680,#7703,#7704);
#7050=AXIS2_PLACEMENT_3D('',#9686,#7708,#7709);
#7051=AXIS2_PLACEMENT_3D('',#9692,#7713,#7714);
#7052=AXIS2_PLACEMENT_3D('',#9696,#7717,#7718);
#7053=AXIS2_PLACEMENT_3D('',#9702,#7722,#7723);
#7054=AXIS2_PLACEMENT_3D('',#9706,#7726,#7727);
#7055=AXIS2_PLACEMENT_3D('',#9712,#7731,#7732);
#7056=AXIS2_PLACEMENT_3D('',#9718,#7736,#7737);
#7057=AXIS2_PLACEMENT_3D('',#9722,#7740,#7741);
#7058=AXIS2_PLACEMENT_3D('',#9728,#7745,#7746);
#7059=AXIS2_PLACEMENT_3D('',#9734,#7750,#7751);
#7060=AXIS2_PLACEMENT_3D('',#9740,#7755,#7756);
#7061=AXIS2_PLACEMENT_3D('',#9746,#7760,#7761);
#7062=AXIS2_PLACEMENT_3D('',#9752,#7765,#7766);
#7063=AXIS2_PLACEMENT_3D('',#9758,#7770,#7771);
#7064=AXIS2_PLACEMENT_3D('',#9764,#7775,#7776);
#7065=AXIS2_PLACEMENT_3D('',#9770,#7780,#7781);
#7066=AXIS2_PLACEMENT_3D('',#9776,#7785,#7786);
#7067=AXIS2_PLACEMENT_3D('',#9782,#7790,#7791);
#7068=AXIS2_PLACEMENT_3D('',#9788,#7795,#7796);
#7069=AXIS2_PLACEMENT_3D('',#9792,#7799,#7800);
#7070=AXIS2_PLACEMENT_3D('',#9798,#7804,#7805);
#7071=AXIS2_PLACEMENT_3D('',#9802,#7808,#7809);
#7072=AXIS2_PLACEMENT_3D('',#9808,#7813,#7814);
#7073=AXIS2_PLACEMENT_3D('',#9814,#7818,#7819);
#7074=AXIS2_PLACEMENT_3D('',#9818,#7822,#7823);
#7075=AXIS2_PLACEMENT_3D('',#9824,#7827,#7828);
#7076=AXIS2_PLACEMENT_3D('',#9830,#7832,#7833);
#7077=AXIS2_PLACEMENT_3D('',#9836,#7837,#7838);
#7078=AXIS2_PLACEMENT_3D('',#9840,#7841,#7842);
#7079=AXIS2_PLACEMENT_3D('',#9846,#7846,#7847);
#7080=AXIS2_PLACEMENT_3D('',#9852,#7851,#7852);
#7081=AXIS2_PLACEMENT_3D('',#9858,#7856,#7857);
#7082=AXIS2_PLACEMENT_3D('',#9864,#7861,#7862);
#7083=AXIS2_PLACEMENT_3D('',#9868,#7865,#7866);
#7084=AXIS2_PLACEMENT_3D('',#9874,#7870,#7871);
#7085=AXIS2_PLACEMENT_3D('',#9878,#7874,#7875);
#7086=AXIS2_PLACEMENT_3D('',#9884,#7879,#7880);
#7087=AXIS2_PLACEMENT_3D('',#9890,#7884,#7885);
#7088=AXIS2_PLACEMENT_3D('',#9894,#7888,#7889);
#7089=AXIS2_PLACEMENT_3D('',#9900,#7893,#7894);
#7090=AXIS2_PLACEMENT_3D('',#9906,#7898,#7899);
#7091=AXIS2_PLACEMENT_3D('',#9912,#7903,#7904);
#7092=AXIS2_PLACEMENT_3D('',#9918,#7908,#7909);
#7093=AXIS2_PLACEMENT_3D('',#9922,#7912,#7913);
#7094=AXIS2_PLACEMENT_3D('',#9926,#7916,#7917);
#7095=AXIS2_PLACEMENT_3D('',#9932,#7921,#7922);
#7096=AXIS2_PLACEMENT_3D('',#9938,#7926,#7927);
#7097=AXIS2_PLACEMENT_3D('',#9941,#7930,#7931);
#7098=AXIS2_PLACEMENT_3D('',#9944,#7934,#7935);
#7099=AXIS2_PLACEMENT_3D('',#9947,#7938,#7939);
#7100=AXIS2_PLACEMENT_3D('',#9949,#7941,#7942);
#7101=AXIS2_PLACEMENT_3D('',#9952,#7945,#7946);
#7102=AXIS2_PLACEMENT_3D('',#9957,#7950,#7951);
#7103=AXIS2_PLACEMENT_3D('',#9963,#7955,#7956);
#7104=AXIS2_PLACEMENT_3D('',#9969,#7960,#7961);
#7105=AXIS2_PLACEMENT_3D('',#9978,#7966,#7967);
#7106=AXIS2_PLACEMENT_3D('',#9987,#7972,#7973);
#7107=AXIS2_PLACEMENT_3D('',#9991,#7976,#7977);
#7108=AXIS2_PLACEMENT_3D('',#9997,#7981,#7982);
#7109=AXIS2_PLACEMENT_3D('',#10003,#7986,#7987);
#7110=AXIS2_PLACEMENT_3D('',#10012,#7992,#7993);
#7111=AXIS2_PLACEMENT_3D('',#10014,#7995,#7996);
#7112=AXIS2_PLACEMENT_3D('',#10020,#8000,#8001);
#7113=AXIS2_PLACEMENT_3D('',#10026,#8005,#8006);
#7114=AXIS2_PLACEMENT_3D('',#10032,#8010,#8011);
#7115=AXIS2_PLACEMENT_3D('',#10038,#8015,#8016);
#7116=AXIS2_PLACEMENT_3D('',#10044,#8020,#8021);
#7117=AXIS2_PLACEMENT_3D('',#10050,#8025,#8026);
#7118=AXIS2_PLACEMENT_3D('',#10056,#8030,#8031);
#7119=AXIS2_PLACEMENT_3D('',#10062,#8035,#8036);
#7120=AXIS2_PLACEMENT_3D('',#10068,#8040,#8041);
#7121=AXIS2_PLACEMENT_3D('',#10074,#8045,#8046);
#7122=AXIS2_PLACEMENT_3D('',#10080,#8050,#8051);
#7123=AXIS2_PLACEMENT_3D('',#10086,#8055,#8056);
#7124=AXIS2_PLACEMENT_3D('',#10092,#8060,#8061);
#7125=AXIS2_PLACEMENT_3D('',#10098,#8065,#8066);
#7126=AXIS2_PLACEMENT_3D('',#10104,#8070,#8071);
#7127=AXIS2_PLACEMENT_3D('',#10112,#8076,#8077);
#7128=AXIS2_PLACEMENT_3D('',#10118,#8081,#8082);
#7129=AXIS2_PLACEMENT_3D('',#10122,#8085,#8086);
#7130=AXIS2_PLACEMENT_3D('',#10128,#8090,#8091);
#7131=AXIS2_PLACEMENT_3D('',#10134,#8095,#8096);
#7132=AXIS2_PLACEMENT_3D('',#10138,#8099,#8100);
#7133=AXIS2_PLACEMENT_3D('',#10144,#8104,#8105);
#7134=AXIS2_PLACEMENT_3D('',#10150,#8109,#8110);
#7135=AXIS2_PLACEMENT_3D('',#10154,#8113,#8114);
#7136=AXIS2_PLACEMENT_3D('',#10160,#8118,#8119);
#7137=AXIS2_PLACEMENT_3D('',#10166,#8123,#8124);
#7138=AXIS2_PLACEMENT_3D('',#10172,#8128,#8129);
#7139=AXIS2_PLACEMENT_3D('',#10178,#8133,#8134);
#7140=AXIS2_PLACEMENT_3D('',#10184,#8138,#8139);
#7141=AXIS2_PLACEMENT_3D('',#10190,#8143,#8144);
#7142=AXIS2_PLACEMENT_3D('',#10192,#8146,#8147);
#7143=AXIS2_PLACEMENT_3D('',#10194,#8149,#8150);
#7144=AXIS2_PLACEMENT_3D('',#10196,#8152,#8153);
#7145=AXIS2_PLACEMENT_3D('',#10198,#8155,#8156);
#7146=AXIS2_PLACEMENT_3D('',#10204,#8160,#8161);
#7147=AXIS2_PLACEMENT_3D('',#10208,#8164,#8165);
#7148=AXIS2_PLACEMENT_3D('',#10212,#8168,#8169);
#7149=AXIS2_PLACEMENT_3D('',#10216,#8172,#8173);
#7150=AXIS2_PLACEMENT_3D('',#10222,#8177,#8178);
#7151=AXIS2_PLACEMENT_3D('',#10228,#8182,#8183);
#7152=AXIS2_PLACEMENT_3D('',#10232,#8186,#8187);
#7153=AXIS2_PLACEMENT_3D('',#10236,#8190,#8191);
#7154=AXIS2_PLACEMENT_3D('',#10238,#8193,#8194);
#7155=AXIS2_PLACEMENT_3D('',#10240,#8196,#8197);
#7156=AXIS2_PLACEMENT_3D('',#10242,#8199,#8200);
#7157=AXIS2_PLACEMENT_3D('',#10246,#8203,#8204);
#7158=AXIS2_PLACEMENT_3D('',#10250,#8207,#8208);
#7159=AXIS2_PLACEMENT_3D('',#10254,#8211,#8212);
#7160=AXIS2_PLACEMENT_3D('',#10258,#8215,#8216);
#7161=AXIS2_PLACEMENT_3D('',#10264,#8220,#8221);
#7162=AXIS2_PLACEMENT_3D('',#10270,#8225,#8226);
#7163=AXIS2_PLACEMENT_3D('',#10276,#8230,#8231);
#7164=AXIS2_PLACEMENT_3D('',#10282,#8235,#8236);
#7165=AXIS2_PLACEMENT_3D('',#10291,#8241,#8242);
#7166=AXIS2_PLACEMENT_3D('',#10300,#8247,#8248);
#7167=AXIS2_PLACEMENT_3D('',#10304,#8251,#8252);
#7168=AXIS2_PLACEMENT_3D('',#10310,#8256,#8257);
#7169=AXIS2_PLACEMENT_3D('',#10316,#8261,#8262);
#7170=AXIS2_PLACEMENT_3D('',#10322,#8266,#8267);
#7171=AXIS2_PLACEMENT_3D('',#10326,#8270,#8271);
#7172=AXIS2_PLACEMENT_3D('',#10332,#8275,#8276);
#7173=AXIS2_PLACEMENT_3D('',#10338,#8280,#8281);
#7174=AXIS2_PLACEMENT_3D('',#10344,#8285,#8286);
#7175=AXIS2_PLACEMENT_3D('',#10348,#8289,#8290);
#7176=AXIS2_PLACEMENT_3D('',#10352,#8293,#8294);
#7177=AXIS2_PLACEMENT_3D('',#10356,#8297,#8298);
#7178=AXIS2_PLACEMENT_3D('',#10360,#8301,#8302);
#7179=AXIS2_PLACEMENT_3D('',#10362,#8304,#8305);
#7180=AXIS2_PLACEMENT_3D('',#10366,#8308,#8309);
#7181=AXIS2_PLACEMENT_3D('',#10368,#8311,#8312);
#7182=AXIS2_PLACEMENT_3D('',#10375,#8316,#8317);
#7183=AXIS2_PLACEMENT_3D('',#10384,#8322,#8323);
#7184=AXIS2_PLACEMENT_3D('',#10391,#8327,#8328);
#7185=AXIS2_PLACEMENT_3D('',#10395,#8331,#8332);
#7186=AXIS2_PLACEMENT_3D('',#10399,#8335,#8336);
#7187=AXIS2_PLACEMENT_3D('',#10403,#8339,#8340);
#7188=AXIS2_PLACEMENT_3D('',#10406,#8343,#8344);
#7189=AXIS2_PLACEMENT_3D('',#10408,#8346,#8347);
#7190=AXIS2_PLACEMENT_3D('',#10411,#8350,#8351);
#7191=AXIS2_PLACEMENT_3D('',#10413,#8353,#8354);
#7192=AXIS2_PLACEMENT_3D('',#10415,#8356,#8357);
#7193=AXIS2_PLACEMENT_3D('',#10421,#8361,#8362);
#7194=AXIS2_PLACEMENT_3D('',#10425,#8365,#8366);
#7195=AXIS2_PLACEMENT_3D('',#10429,#8369,#8370);
#7196=AXIS2_PLACEMENT_3D('',#10431,#8372,#8373);
#7197=AXIS2_PLACEMENT_3D('',#10435,#8376,#8377);
#7198=AXIS2_PLACEMENT_3D('',#10439,#8380,#8381);
#7199=AXIS2_PLACEMENT_3D('',#10441,#8383,#8384);
#7200=AXIS2_PLACEMENT_3D('',#10445,#8387,#8388);
#7201=AXIS2_PLACEMENT_3D('',#10449,#8391,#8392);
#7202=AXIS2_PLACEMENT_3D('',#10453,#8395,#8396);
#7203=AXIS2_PLACEMENT_3D('',#10457,#8399,#8400);
#7204=AXIS2_PLACEMENT_3D('',#10461,#8403,#8404);
#7205=AXIS2_PLACEMENT_3D('',#10470,#8409,#8410);
#7206=AXIS2_PLACEMENT_3D('',#10476,#8414,#8415);
#7207=AXIS2_PLACEMENT_3D('',#10482,#8419,#8420);
#7208=AXIS2_PLACEMENT_3D('',#10489,#8424,#8425);
#7209=AXIS2_PLACEMENT_3D('',#10492,#8428,#8429);
#7210=AXIS2_PLACEMENT_3D('',#10494,#8431,#8432);
#7211=AXIS2_PLACEMENT_3D('',#10496,#8434,#8435);
#7212=AXIS2_PLACEMENT_3D('',#10500,#8438,#8439);
#7213=AXIS2_PLACEMENT_3D('',#10504,#8442,#8443);
#7214=AXIS2_PLACEMENT_3D('',#10506,#8445,#8446);
#7215=AXIS2_PLACEMENT_3D('',#10508,#8448,#8449);
#7216=AXIS2_PLACEMENT_3D('',#10514,#8453,#8454);
#7217=AXIS2_PLACEMENT_3D('',#10517,#8457,#8458);
#7218=AXIS2_PLACEMENT_3D('',#10521,#8461,#8462);
#7219=AXIS2_PLACEMENT_3D('',#10527,#8466,#8467);
#7220=AXIS2_PLACEMENT_3D('',#10533,#8471,#8472);
#7221=AXIS2_PLACEMENT_3D('',#10539,#8476,#8477);
#7222=AXIS2_PLACEMENT_3D('',#10543,#8480,#8481);
#7223=AXIS2_PLACEMENT_3D('',#10549,#8485,#8486);
#7224=AXIS2_PLACEMENT_3D('',#10555,#8490,#8491);
#7225=AXIS2_PLACEMENT_3D('',#10557,#8493,#8494);
#7226=AXIS2_PLACEMENT_3D('',#10559,#8496,#8497);
#7227=AXIS2_PLACEMENT_3D('',#10561,#8499,#8500);
#7228=AXIS2_PLACEMENT_3D('',#10565,#8503,#8504);
#7229=AXIS2_PLACEMENT_3D('',#10569,#8507,#8508);
#7230=AXIS2_PLACEMENT_3D('',#10575,#8512,#8513);
#7231=AXIS2_PLACEMENT_3D('',#10579,#8516,#8517);
#7232=AXIS2_PLACEMENT_3D('',#10585,#8521,#8522);
#7233=AXIS2_PLACEMENT_3D('',#10589,#8525,#8526);
#7234=AXIS2_PLACEMENT_3D('',#10595,#8530,#8531);
#7235=AXIS2_PLACEMENT_3D('',#10599,#8534,#8535);
#7236=AXIS2_PLACEMENT_3D('',#10605,#8539,#8540);
#7237=AXIS2_PLACEMENT_3D('',#10609,#8543,#8544);
#7238=AXIS2_PLACEMENT_3D('',#10613,#8547,#8548);
#7239=AXIS2_PLACEMENT_3D('',#10619,#8552,#8553);
#7240=AXIS2_PLACEMENT_3D('',#10625,#8557,#8558);
#7241=AXIS2_PLACEMENT_3D('',#10627,#8560,#8561);
#7242=AXIS2_PLACEMENT_3D('',#10629,#8563,#8564);
#7243=AXIS2_PLACEMENT_3D('',#10631,#8566,#8567);
#7244=AXIS2_PLACEMENT_3D('',#10635,#8570,#8571);
#7245=AXIS2_PLACEMENT_3D('',#10637,#8573,#8574);
#7246=AXIS2_PLACEMENT_3D('',#10639,#8576,#8577);
#7247=AXIS2_PLACEMENT_3D('',#10641,#8579,#8580);
#7248=AXIS2_PLACEMENT_3D('',#10645,#8583,#8584);
#7249=AXIS2_PLACEMENT_3D('',#10651,#8588,#8589);
#7250=AXIS2_PLACEMENT_3D('',#10656,#8593,#8594);
#7251=AXIS2_PLACEMENT_3D('',#10659,#8597,#8598);
#7252=AXIS2_PLACEMENT_3D('',#10662,#8601,#8602);
#7253=AXIS2_PLACEMENT_3D('',#10668,#8606,#8607);
#7254=AXIS2_PLACEMENT_3D('',#10671,#8610,#8611);
#7255=AXIS2_PLACEMENT_3D('',#10673,#8613,#8614);
#7256=AXIS2_PLACEMENT_3D('',#10675,#8616,#8617);
#7257=AXIS2_PLACEMENT_3D('',#10677,#8619,#8620);
#7258=AXIS2_PLACEMENT_3D('',#10679,#8622,#8623);
#7259=AXIS2_PLACEMENT_3D('',#10680,#8624,#8625);
#7260=AXIS2_PLACEMENT_3D('',#10682,#8627,#8628);
#7261=AXIS2_PLACEMENT_3D('',#10684,#8630,#8631);
#7262=AXIS2_PLACEMENT_3D('',#10686,#8633,#8634);
#7263=AXIS2_PLACEMENT_3D('',#10688,#8636,#8637);
#7264=AXIS2_PLACEMENT_3D('',#10690,#8639,#8640);
#7265=AXIS2_PLACEMENT_3D('',#10692,#8642,#8643);
#7266=AXIS2_PLACEMENT_3D('',#10694,#8645,#8646);
#7267=AXIS2_PLACEMENT_3D('',#10695,#8647,#8648);
#7268=AXIS2_PLACEMENT_3D('',#10697,#8650,#8651);
#7269=AXIS2_PLACEMENT_3D('',#10698,#8652,#8653);
#7270=AXIS2_PLACEMENT_3D('',#10700,#8655,#8656);
#7271=AXIS2_PLACEMENT_3D('',#10702,#8658,#8659);
#7272=AXIS2_PLACEMENT_3D('',#10704,#8661,#8662);
#7273=AXIS2_PLACEMENT_3D('',#10706,#8664,#8665);
#7274=AXIS2_PLACEMENT_3D('',#10710,#8668,#8669);
#7275=AXIS2_PLACEMENT_3D('',#10712,#8671,#8672);
#7276=AXIS2_PLACEMENT_3D('',#10714,#8674,#8675);
#7277=AXIS2_PLACEMENT_3D('',#10716,#8677,#8678);
#7278=AXIS2_PLACEMENT_3D('',#10718,#8680,#8681);
#7279=AXIS2_PLACEMENT_3D('',#10720,#8683,#8684);
#7280=AXIS2_PLACEMENT_3D('',#10722,#8686,#8687);
#7281=AXIS2_PLACEMENT_3D('',#10724,#8689,#8690);
#7282=AXIS2_PLACEMENT_3D('',#10726,#8692,#8693);
#7283=AXIS2_PLACEMENT_3D('',#10728,#8695,#8696);
#7284=AXIS2_PLACEMENT_3D('',#10730,#8698,#8699);
#7285=AXIS2_PLACEMENT_3D('',#10732,#8701,#8702);
#7286=AXIS2_PLACEMENT_3D('',#10734,#8704,#8705);
#7287=AXIS2_PLACEMENT_3D('',#10736,#8707,#8708);
#7288=AXIS2_PLACEMENT_3D('',#10738,#8710,#8711);
#7289=AXIS2_PLACEMENT_3D('',#10740,#8713,#8714);
#7290=AXIS2_PLACEMENT_3D('',#10742,#8716,#8717);
#7291=AXIS2_PLACEMENT_3D('',#10744,#8719,#8720);
#7292=AXIS2_PLACEMENT_3D('',#10746,#8722,#8723);
#7293=AXIS2_PLACEMENT_3D('',#10748,#8725,#8726);
#7294=AXIS2_PLACEMENT_3D('',#10750,#8728,#8729);
#7295=AXIS2_PLACEMENT_3D('',#10752,#8731,#8732);
#7296=AXIS2_PLACEMENT_3D('',#10754,#8734,#8735);
#7297=AXIS2_PLACEMENT_3D('',#10756,#8737,#8738);
#7298=AXIS2_PLACEMENT_3D('',#10758,#8740,#8741);
#7299=AXIS2_PLACEMENT_3D('',#10760,#8743,#8744);
#7300=AXIS2_PLACEMENT_3D('',#10762,#8746,#8747);
#7301=AXIS2_PLACEMENT_3D('',#10764,#8749,#8750);
#7302=AXIS2_PLACEMENT_3D('',#10766,#8752,#8753);
#7303=AXIS2_PLACEMENT_3D('',#10768,#8755,#8756);
#7304=AXIS2_PLACEMENT_3D('',#10770,#8758,#8759);
#7305=AXIS2_PLACEMENT_3D('',#10772,#8761,#8762);
#7306=AXIS2_PLACEMENT_3D('',#10774,#8764,#8765);
#7307=AXIS2_PLACEMENT_3D('',#10776,#8767,#8768);
#7308=AXIS2_PLACEMENT_3D('',#10778,#8770,#8771);
#7309=AXIS2_PLACEMENT_3D('',#10780,#8773,#8774);
#7310=AXIS2_PLACEMENT_3D('',#10782,#8776,#8777);
#7311=AXIS2_PLACEMENT_3D('',#10784,#8779,#8780);
#7312=AXIS2_PLACEMENT_3D('',#10786,#8782,#8783);
#7313=AXIS2_PLACEMENT_3D('',#10788,#8785,#8786);
#7314=AXIS2_PLACEMENT_3D('',#10790,#8788,#8789);
#7315=AXIS2_PLACEMENT_3D('',#10792,#8791,#8792);
#7316=AXIS2_PLACEMENT_3D('',#10794,#8794,#8795);
#7317=AXIS2_PLACEMENT_3D('',#10796,#8797,#8798);
#7318=AXIS2_PLACEMENT_3D('',#10798,#8800,#8801);
#7319=AXIS2_PLACEMENT_3D('',#10800,#8803,#8804);
#7320=AXIS2_PLACEMENT_3D('',#10802,#8806,#8807);
#7321=AXIS2_PLACEMENT_3D('',#10804,#8809,#8810);
#7322=AXIS2_PLACEMENT_3D('',#10806,#8812,#8813);
#7323=AXIS2_PLACEMENT_3D('',#10808,#8815,#8816);
#7324=AXIS2_PLACEMENT_3D('',#10810,#8818,#8819);
#7325=AXIS2_PLACEMENT_3D('',#10812,#8821,#8822);
#7326=AXIS2_PLACEMENT_3D('',#10814,#8824,#8825);
#7327=AXIS2_PLACEMENT_3D('',#10816,#8827,#8828);
#7328=AXIS2_PLACEMENT_3D('',#10817,#8829,#8830);
#7329=AXIS2_PLACEMENT_3D('',#10819,#8832,#8833);
#7330=AXIS2_PLACEMENT_3D('',#10821,#8835,#8836);
#7331=AXIS2_PLACEMENT_3D('',#10823,#8838,#8839);
#7332=AXIS2_PLACEMENT_3D('',#10825,#8841,#8842);
#7333=AXIS2_PLACEMENT_3D('',#10827,#8844,#8845);
#7334=AXIS2_PLACEMENT_3D('',#10828,#8846,#8847);
#7335=AXIS2_PLACEMENT_3D('',#10832,#8850,#8851);
#7336=AXIS2_PLACEMENT_3D('',#10835,#8854,#8855);
#7337=AXIS2_PLACEMENT_3D('',#10837,#8857,#8858);
#7338=AXIS2_PLACEMENT_3D('',#10839,#8860,#8861);
#7339=AXIS2_PLACEMENT_3D('',#10841,#8863,#8864);
#7340=AXIS2_PLACEMENT_3D('',#10845,#8867,#8868);
#7341=AXIS2_PLACEMENT_3D('',#10849,#8871,#8872);
#7342=AXIS2_PLACEMENT_3D('',#10853,#8875,#8876);
#7343=AXIS2_PLACEMENT_3D('',#10857,#8879,#8880);
#7344=AXIS2_PLACEMENT_3D('',#10861,#8883,#8884);
#7345=AXIS2_PLACEMENT_3D('',#10865,#8887,#8888);
#7346=AXIS2_PLACEMENT_3D('',#10869,#8891,#8892);
#7347=AXIS2_PLACEMENT_3D('',#10873,#8895,#8896);
#7348=AXIS2_PLACEMENT_3D('',#10877,#8899,#8900);
#7349=AXIS2_PLACEMENT_3D('',#10881,#8903,#8904);
#7350=AXIS2_PLACEMENT_3D('',#10885,#8907,#8908);
#7351=AXIS2_PLACEMENT_3D('',#10889,#8911,#8912);
#7352=AXIS2_PLACEMENT_3D('',#10895,#8916,#8917);
#7353=AXIS2_PLACEMENT_3D('',#10897,#8919,#8920);
#7354=AXIS2_PLACEMENT_3D('',#10899,#8922,#8923);
#7355=AXIS2_PLACEMENT_3D('',#10903,#8926,#8927);
#7356=AXIS2_PLACEMENT_3D('',#10907,#8930,#8931);
#7357=AXIS2_PLACEMENT_3D('',#10911,#8934,#8935);
#7358=AXIS2_PLACEMENT_3D('',#10915,#8938,#8939);
#7359=AXIS2_PLACEMENT_3D('',#10919,#8942,#8943);
#7360=AXIS2_PLACEMENT_3D('',#10922,#8946,#8947);
#7361=AXIS2_PLACEMENT_3D('',#10924,#8949,#8950);
#7362=AXIS2_PLACEMENT_3D('',#10926,#8952,#8953);
#7363=AXIS2_PLACEMENT_3D('',#10930,#8956,#8957);
#7364=AXIS2_PLACEMENT_3D('',#10932,#8959,#8960);
#7365=AXIS2_PLACEMENT_3D('',#10936,#8963,#8964);
#7366=AXIS2_PLACEMENT_3D('',#10938,#8966,#8967);
#7367=AXIS2_PLACEMENT_3D('',#10940,#8969,#8970);
#7368=AXIS2_PLACEMENT_3D('',#10942,#8972,#8973);
#7369=AXIS2_PLACEMENT_3D('',#10946,#8976,#8977);
#7370=AXIS2_PLACEMENT_3D('',#10949,#8980,#8981);
#7371=AXIS2_PLACEMENT_3D('',#10951,#8983,#8984);
#7372=AXIS2_PLACEMENT_3D('',#10953,#8986,#8987);
#7373=AXIS2_PLACEMENT_3D('',#10955,#8989,#8990);
#7374=AXIS2_PLACEMENT_3D('',#10957,#8992,#8993);
#7375=AXIS2_PLACEMENT_3D('',#10959,#8995,#8996);
#7376=AXIS2_PLACEMENT_3D('',#10961,#8998,#8999);
#7377=AXIS2_PLACEMENT_3D('',#10963,#9001,#9002);
#7378=AXIS2_PLACEMENT_3D('',#10965,#9004,#9005);
#7379=AXIS2_PLACEMENT_3D('',#10967,#9007,#9008);
#7380=AXIS2_PLACEMENT_3D('',#10969,#9010,#9011);
#7381=AXIS2_PLACEMENT_3D('',#10971,#9013,#9014);
#7382=AXIS2_PLACEMENT_3D('',#10973,#9016,#9017);
#7383=AXIS2_PLACEMENT_3D('',#10975,#9019,#9020);
#7384=AXIS2_PLACEMENT_3D('',#10977,#9022,#9023);
#7385=AXIS2_PLACEMENT_3D('',#10979,#9025,#9026);
#7386=AXIS2_PLACEMENT_3D('',#10982,#9029,#9030);
#7387=AXIS2_PLACEMENT_3D('',#10984,#9032,#9033);
#7388=AXIS2_PLACEMENT_3D('',#10986,#9035,#9036);
#7389=AXIS2_PLACEMENT_3D('',#10988,#9038,#9039);
#7390=AXIS2_PLACEMENT_3D('',#10990,#9041,#9042);
#7391=AXIS2_PLACEMENT_3D('',#10992,#9044,#9045);
#7392=AXIS2_PLACEMENT_3D('',#10996,#9048,#9049);
#7393=AXIS2_PLACEMENT_3D('',#10998,#9051,#9052);
#7394=AXIS2_PLACEMENT_3D('',#11002,#9055,#9056);
#7395=AXIS2_PLACEMENT_3D('',#11004,#9058,#9059);
#7396=AXIS2_PLACEMENT_3D('',#11008,#9062,#9063);
#7397=AXIS2_PLACEMENT_3D('',#11012,#9066,#9067);
#7398=AXIS2_PLACEMENT_3D('',#11016,#9070,#9071);
#7399=AXIS2_PLACEMENT_3D('',#11019,#9074,#9075);
#7400=AXIS2_PLACEMENT_3D('',#11021,#9077,#9078);
#7401=AXIS2_PLACEMENT_3D('',#11023,#9080,#9081);
#7402=AXIS2_PLACEMENT_3D('',#11025,#9083,#9084);
#7403=AXIS2_PLACEMENT_3D('',#11027,#9086,#9087);
#7404=AXIS2_PLACEMENT_3D('',#11029,#9089,#9090);
#7405=AXIS2_PLACEMENT_3D('',#11031,#9092,#9093);
#7406=AXIS2_PLACEMENT_3D('',#11033,#9095,#9096);
#7407=AXIS2_PLACEMENT_3D('',#11035,#9098,#9099);
#7408=AXIS2_PLACEMENT_3D('',#11037,#9101,#9102);
#7409=AXIS2_PLACEMENT_3D('',#11039,#9104,#9105);
#7410=AXIS2_PLACEMENT_3D('',#11041,#9107,#9108);
#7411=AXIS2_PLACEMENT_3D('',#11043,#9110,#9111);
#7412=AXIS2_PLACEMENT_3D('',#11045,#9113,#9114);
#7413=AXIS2_PLACEMENT_3D('',#11047,#9116,#9117);
#7414=AXIS2_PLACEMENT_3D('',#11049,#9119,#9120);
#7415=AXIS2_PLACEMENT_3D('',#11051,#9122,#9123);
#7416=AXIS2_PLACEMENT_3D('',#11053,#9125,#9126);
#7417=AXIS2_PLACEMENT_3D('',#11055,#9128,#9129);
#7418=AXIS2_PLACEMENT_3D('',#11057,#9131,#9132);
#7419=AXIS2_PLACEMENT_3D('',#11059,#9134,#9135);
#7420=AXIS2_PLACEMENT_3D('',#11061,#9137,#9138);
#7421=AXIS2_PLACEMENT_3D('',#11063,#9140,#9141);
#7422=AXIS2_PLACEMENT_3D('',#11065,#9143,#9144);
#7423=AXIS2_PLACEMENT_3D('',#11067,#9146,#9147);
#7424=AXIS2_PLACEMENT_3D('',#11069,#9149,#9150);
#7425=AXIS2_PLACEMENT_3D('',#11071,#9152,#9153);
#7426=AXIS2_PLACEMENT_3D('',#11073,#9155,#9156);
#7427=AXIS2_PLACEMENT_3D('',#11075,#9158,#9159);
#7428=AXIS2_PLACEMENT_3D('',#11077,#9161,#9162);
#7429=AXIS2_PLACEMENT_3D('',#11079,#9164,#9165);
#7430=AXIS2_PLACEMENT_3D('',#11081,#9167,#9168);
#7431=AXIS2_PLACEMENT_3D('',#11083,#9170,#9171);
#7432=AXIS2_PLACEMENT_3D('',#11085,#9173,#9174);
#7433=AXIS2_PLACEMENT_3D('',#11087,#9176,#9177);
#7434=AXIS2_PLACEMENT_3D('',#11089,#9179,#9180);
#7435=AXIS2_PLACEMENT_3D('',#11091,#9182,#9183);
#7436=AXIS2_PLACEMENT_3D('',#11093,#9185,#9186);
#7437=AXIS2_PLACEMENT_3D('',#11095,#9188,#9189);
#7438=AXIS2_PLACEMENT_3D('',#11097,#9191,#9192);
#7439=AXIS2_PLACEMENT_3D('',#11099,#9194,#9195);
#7440=AXIS2_PLACEMENT_3D('',#11101,#9197,#9198);
#7441=AXIS2_PLACEMENT_3D('',#11103,#9200,#9201);
#7442=AXIS2_PLACEMENT_3D('',#11105,#9203,#9204);
#7443=AXIS2_PLACEMENT_3D('',#11107,#9206,#9207);
#7444=AXIS2_PLACEMENT_3D('',#11109,#9209,#9210);
#7445=AXIS2_PLACEMENT_3D('',#11111,#9212,#9213);
#7446=AXIS2_PLACEMENT_3D('',#11113,#9215,#9216);
#7447=AXIS2_PLACEMENT_3D('',#11115,#9218,#9219);
#7448=AXIS2_PLACEMENT_3D('',#11117,#9221,#9222);
#7449=AXIS2_PLACEMENT_3D('',#11119,#9224,#9225);
#7450=AXIS2_PLACEMENT_3D('',#11121,#9227,#9228);
#7451=AXIS2_PLACEMENT_3D('',#11123,#9230,#9231);
#7452=AXIS2_PLACEMENT_3D('',#11125,#9233,#9234);
#7453=AXIS2_PLACEMENT_3D('',#11127,#9236,#9237);
#7454=AXIS2_PLACEMENT_3D('',#11129,#9239,#9240);
#7455=AXIS2_PLACEMENT_3D('',#11131,#9242,#9243);
#7456=AXIS2_PLACEMENT_3D('',#11133,#9245,#9246);
#7457=AXIS2_PLACEMENT_3D('',#11135,#9248,#9249);
#7458=AXIS2_PLACEMENT_3D('',#11137,#9251,#9252);
#7459=AXIS2_PLACEMENT_3D('',#11139,#9254,#9255);
#7460=AXIS2_PLACEMENT_3D('',#11141,#9257,#9258);
#7461=AXIS2_PLACEMENT_3D('',#11143,#9260,#9261);
#7462=AXIS2_PLACEMENT_3D('',#11145,#9263,#9264);
#7463=AXIS2_PLACEMENT_3D('',#11147,#9266,#9267);
#7464=AXIS2_PLACEMENT_3D('',#11149,#9269,#9270);
#7465=AXIS2_PLACEMENT_3D('',#11151,#9272,#9273);
#7466=AXIS2_PLACEMENT_3D('',#11153,#9275,#9276);
#7467=AXIS2_PLACEMENT_3D('',#11155,#9278,#9279);
#7468=AXIS2_PLACEMENT_3D('',#11157,#9281,#9282);
#7469=AXIS2_PLACEMENT_3D('',#11159,#9284,#9285);
#7470=AXIS2_PLACEMENT_3D('',#11161,#9287,#9288);
#7471=AXIS2_PLACEMENT_3D('',#11163,#9290,#9291);
#7472=AXIS2_PLACEMENT_3D('',#11169,#9295,#9296);
#7473=AXIS2_PLACEMENT_3D('',#11172,#9299,#9300);
#7474=AXIS2_PLACEMENT_3D('',#11174,#9302,#9303);
#7475=AXIS2_PLACEMENT_3D('',#11176,#9305,#9306);
#7476=AXIS2_PLACEMENT_3D('',#11178,#9308,#9309);
#7477=AXIS2_PLACEMENT_3D('',#11180,#9311,#9312);
#7478=AXIS2_PLACEMENT_3D('',#11182,#9314,#9315);
#7479=AXIS2_PLACEMENT_3D('',#11186,#9318,#9319);
#7480=AXIS2_PLACEMENT_3D('',#11190,#9322,#9323);
#7481=AXIS2_PLACEMENT_3D('',#11193,#9326,#9327);
#7482=AXIS2_PLACEMENT_3D('',#11195,#9329,#9330);
#7483=AXIS2_PLACEMENT_3D('',#11197,#9332,#9333);
#7484=AXIS2_PLACEMENT_3D('',#11199,#9335,#9336);
#7485=AXIS2_PLACEMENT_3D('',#11201,#9338,#9339);
#7486=AXIS2_PLACEMENT_3D('',#11205,#9342,#9343);
#7487=AXIS2_PLACEMENT_3D('',#11207,#9345,#9346);
#7488=AXIS2_PLACEMENT_3D('',#11211,#9349,#9350);
#7489=AXIS2_PLACEMENT_3D('',#11215,#9353,#9354);
#7490=AXIS2_PLACEMENT_3D('',#11218,#9357,#9358);
#7491=AXIS2_PLACEMENT_3D('',#11220,#9360,#9361);
#7492=AXIS2_PLACEMENT_3D('',#11222,#9363,#9364);
#7493=AXIS2_PLACEMENT_3D('',#11224,#9366,#9367);
#7494=AXIS2_PLACEMENT_3D('',#11225,#9368,#9369);
#7495=AXIS2_PLACEMENT_3D('',#11227,#9371,#9372);
#7496=AXIS2_PLACEMENT_3D('',#11229,#9374,#9375);
#7497=AXIS2_PLACEMENT_3D('',#11230,#9376,#9377);
#7498=AXIS2_PLACEMENT_3D('',#11232,#9379,#9380);
#7499=AXIS2_PLACEMENT_3D('',#11234,#9382,#9383);
#7500=AXIS2_PLACEMENT_3D('',#11235,#9384,#9385);
#7501=AXIS2_PLACEMENT_3D('',#11237,#9387,#9388);
#7502=AXIS2_PLACEMENT_3D('',#11239,#9390,#9391);
#7503=AXIS2_PLACEMENT_3D('',#11240,#9392,#9393);
#7504=AXIS2_PLACEMENT_3D('',#11242,#9395,#9396);
#7505=AXIS2_PLACEMENT_3D('',#11244,#9398,#9399);
#7506=AXIS2_PLACEMENT_3D('',#11245,#9400,#9401);
#7507=AXIS2_PLACEMENT_3D('',#11247,#9403,#9404);
#7508=AXIS2_PLACEMENT_3D('',#11249,#9406,#9407);
#7509=AXIS2_PLACEMENT_3D('',#11251,#9409,#9410);
#7510=AXIS2_PLACEMENT_3D('',#11253,#9412,#9413);
#7511=AXIS2_PLACEMENT_3D('',#11255,#9415,#9416);
#7512=AXIS2_PLACEMENT_3D('',#11257,#9418,#9419);
#7513=AXIS2_PLACEMENT_3D('',#11259,#9421,#9422);
#7514=AXIS2_PLACEMENT_3D('',#11260,#9423,#9424);
#7515=AXIS2_PLACEMENT_3D('',#11269,#9429,#9430);
#7516=AXIS2_PLACEMENT_3D('',#11271,#9431,#9432);
#7517=AXIS2_PLACEMENT_3D('',#11274,#9434,#9435);
#7518=AXIS2_PLACEMENT_3D('',#11275,#9436,#9437);
#7519=AXIS2_PLACEMENT_3D('',#11281,#9441,#9442);
#7520=AXIS2_PLACEMENT_3D('',#11283,#9443,#9444);
#7521=AXIS2_PLACEMENT_3D('',#11286,#9446,#9447);
#7522=AXIS2_PLACEMENT_3D('',#11287,#9448,#9449);
#7523=AXIS2_PLACEMENT_3D('',#11293,#9453,#9454);
#7524=AXIS2_PLACEMENT_3D('',#11295,#9455,#9456);
#7525=AXIS2_PLACEMENT_3D('',#11298,#9458,#9459);
#7526=AXIS2_PLACEMENT_3D('',#11299,#9460,#9461);
#7527=AXIS2_PLACEMENT_3D('',#11301,#9462,#9463);
#7528=AXIS2_PLACEMENT_3D('',#11303,#9465,#9466);
#7529=AXIS2_PLACEMENT_3D('',#11307,#9469,#9470);
#7530=AXIS2_PLACEMENT_3D('',#11308,#9471,#9472);
#7531=AXIS2_PLACEMENT_3D('',#11309,#9473,#9474);
#7532=AXIS2_PLACEMENT_3D('',#11311,#9475,#9476);
#7533=AXIS2_PLACEMENT_3D('',#11312,#9477,#9478);
#7534=AXIS2_PLACEMENT_3D('',#11314,#9479,#9480);
#7535=AXIS2_PLACEMENT_3D('',#11315,#9481,#9482);
#7536=AXIS2_PLACEMENT_3D('',#11316,#9483,#9484);
#7537=AXIS2_PLACEMENT_3D('',#11318,#9485,#9486);
#7538=AXIS2_PLACEMENT_3D('',#11319,#9487,#9488);
#7539=AXIS2_PLACEMENT_3D('',#11320,#9489,#9490);
#7540=AXIS2_PLACEMENT_3D('',#11321,#9491,#9492);
#7541=DIRECTION('axis',(0.,0.,1.));
#7542=DIRECTION('refdir',(1.,0.,0.));
#7543=DIRECTION('axis',(0.,0.,1.));
#7544=DIRECTION('refdir',(1.,0.,0.));
#7545=DIRECTION('center_axis',(0.,1.,0.));
#7546=DIRECTION('ref_axis',(0.,0.,1.));
#7547=DIRECTION('',(-1.,0.,0.));
#7548=DIRECTION('',(0.0481580817697772,0.,-0.998839726462787));
#7549=DIRECTION('',(1.,0.,0.));
#7550=DIRECTION('',(0.997862795045363,0.,0.0653440300582705));
#7551=DIRECTION('center_axis',(0.,1.,0.));
#7552=DIRECTION('ref_axis',(0.,0.,1.));
#7553=DIRECTION('',(-1.,0.,0.));
#7554=DIRECTION('',(0.997862138692824,0.,-0.0653540523868538));
#7555=DIRECTION('',(1.,0.,0.));
#7556=DIRECTION('center_axis',(0.,1.,0.));
#7557=DIRECTION('ref_axis',(0.,0.,1.));
#7558=DIRECTION('',(-1.,0.,0.));
#7559=DIRECTION('',(0.250463313346827,0.,0.968126091305946));
#7560=DIRECTION('center_axis',(0.,1.,0.));
#7561=DIRECTION('ref_axis',(0.,0.,1.));
#7562=DIRECTION('',(-1.,0.,0.));
#7563=DIRECTION('',(0.998276187395431,0.,-0.0586911720724827));
#7564=DIRECTION('',(1.,0.,0.));
#7565=DIRECTION('center_axis',(0.,1.,0.));
#7566=DIRECTION('ref_axis',(0.,0.,1.));
#7567=DIRECTION('',(-1.,0.,0.));
#7568=DIRECTION('',(0.998763900287709,0.,-0.0497058495761199));
#7569=DIRECTION('',(1.,0.,0.));
#7570=DIRECTION('center_axis',(0.,1.,0.));
#7571=DIRECTION('ref_axis',(0.,0.,1.));
#7572=DIRECTION('',(-1.,0.,0.));
#7573=DIRECTION('',(0.555433387500889,0.,0.831561033267726));
#7574=DIRECTION('center_axis',(0.,1.,0.));
#7575=DIRECTION('ref_axis',(0.,0.,1.));
#7576=DIRECTION('',(-1.,0.,0.));
#7577=DIRECTION('',(0.214771403950884,0.,-0.976664345640285));
#7578=DIRECTION('',(1.,0.,0.));
#7579=DIRECTION('center_axis',(0.,1.,0.));
#7580=DIRECTION('ref_axis',(0.,0.,1.));
#7581=DIRECTION('',(-1.,0.,0.));
#7582=DIRECTION('',(0.985395445363481,0.,-0.170281579323505));
#7583=DIRECTION('',(1.,0.,0.));
#7584=DIRECTION('center_axis',(0.,1.,0.));
#7585=DIRECTION('ref_axis',(0.,0.,1.));
#7586=DIRECTION('',(-1.,0.,0.));
#7587=DIRECTION('',(0.986851096562186,0.,-0.161632030284875));
#7588=DIRECTION('',(1.,0.,0.));
#7589=DIRECTION('center_axis',(0.,1.,0.));
#7590=DIRECTION('ref_axis',(0.,0.,1.));
#7591=DIRECTION('',(-1.,0.,0.));
#7592=DIRECTION('',(0.997220182439219,0.,-0.0745111249136061));
#7593=DIRECTION('',(1.,0.,0.));
#7594=DIRECTION('center_axis',(0.,1.,0.));
#7595=DIRECTION('ref_axis',(0.,0.,1.));
#7596=DIRECTION('',(-1.,0.,0.));
#7597=DIRECTION('',(0.999358258217662,0.,-0.0358199906778438));
#7598=DIRECTION('',(1.,0.,0.));
#7599=DIRECTION('center_axis',(0.,1.,0.));
#7600=DIRECTION('ref_axis',(0.,0.,1.));
#7601=DIRECTION('',(-1.,0.,0.));
#7602=DIRECTION('',(0.999879025606335,0.,-0.0155542326241651));
#7603=DIRECTION('',(1.,0.,0.));
#7604=DIRECTION('center_axis',(0.,1.,0.));
#7605=DIRECTION('ref_axis',(0.,0.,1.));
#7606=DIRECTION('',(-1.,0.,0.));
#7607=DIRECTION('',(0.18713864908403,0.,0.982333510585384));
#7608=DIRECTION('center_axis',(0.,1.,0.));
#7609=DIRECTION('ref_axis',(0.,0.,1.));
#7610=DIRECTION('',(-1.,0.,0.));
#7611=DIRECTION('',(0.999613323178005,0.,-0.0278065482400228));
#7612=DIRECTION('',(1.,0.,0.));
#7613=DIRECTION('center_axis',(0.,1.,0.));
#7614=DIRECTION('ref_axis',(0.,0.,1.));
#7615=DIRECTION('',(-1.,0.,0.));
#7616=DIRECTION('',(0.389847527331155,0.,0.920879419595087));
#7617=DIRECTION('center_axis',(0.,1.,0.));
#7618=DIRECTION('ref_axis',(0.,0.,1.));
#7619=DIRECTION('',(-1.,0.,0.));
#7620=DIRECTION('',(0.070382132782406,0.,-0.997520102747308));
#7621=DIRECTION('',(1.,0.,0.));
#7622=DIRECTION('center_axis',(0.,1.,0.));
#7623=DIRECTION('ref_axis',(0.,0.,1.));
#7624=DIRECTION('',(-1.,0.,0.));
#7625=DIRECTION('',(0.99984010963452,0.,-0.0178816991930356));
#7626=DIRECTION('',(1.,0.,0.));
#7627=DIRECTION('center_axis',(0.,1.,0.));
#7628=DIRECTION('ref_axis',(0.,0.,1.));
#7629=DIRECTION('',(-1.,0.,0.));
#7630=DIRECTION('',(0.275803309082181,0.,0.961214094101475));
#7631=DIRECTION('center_axis',(0.,1.,0.));
#7632=DIRECTION('ref_axis',(0.,0.,1.));
#7633=DIRECTION('',(-1.,0.,0.));
#7634=DIRECTION('',(0.429119103318536,0.,-0.903247914565595));
#7635=DIRECTION('',(1.,0.,0.));
#7636=DIRECTION('center_axis',(0.,1.,0.));
#7637=DIRECTION('ref_axis',(0.,0.,1.));
#7638=DIRECTION('',(-1.,0.,0.));
#7639=DIRECTION('',(0.999018173023359,0.,-0.0443022569297424));
#7640=DIRECTION('',(1.,0.,0.));
#7641=DIRECTION('center_axis',(0.,1.,0.));
#7642=DIRECTION('ref_axis',(0.,0.,1.));
#7643=DIRECTION('',(-1.,0.,0.));
#7644=DIRECTION('',(0.999058118988415,0.,-0.0433921062329421));
#7645=DIRECTION('',(1.,0.,0.));
#7646=DIRECTION('center_axis',(0.,1.,0.));
#7647=DIRECTION('ref_axis',(0.,0.,1.));
#7648=DIRECTION('',(-1.,0.,0.));
#7649=DIRECTION('',(0.999228645494437,0.,-0.0392697596548818));
#7650=DIRECTION('',(1.,0.,0.));
#7651=DIRECTION('center_axis',(0.,1.,0.));
#7652=DIRECTION('ref_axis',(0.,0.,1.));
#7653=DIRECTION('',(-1.,0.,0.));
#7654=DIRECTION('',(0.99945378873834,0.,-0.0330473021074098));
#7655=DIRECTION('',(1.,0.,0.));
#7656=DIRECTION('center_axis',(0.,1.,0.));
#7657=DIRECTION('ref_axis',(0.,0.,1.));
#7658=DIRECTION('',(-1.,0.,0.));
#7659=DIRECTION('',(0.999922916306253,0.,-0.0124161767705439));
#7660=DIRECTION('',(1.,0.,0.));
#7661=DIRECTION('center_axis',(0.,1.,0.));
#7662=DIRECTION('ref_axis',(0.,0.,1.));
#7663=DIRECTION('',(-1.,0.,0.));
#7664=DIRECTION('',(0.999924190057184,0.,-0.012313169311147));
#7665=DIRECTION('',(1.,0.,0.));
#7666=DIRECTION('center_axis',(0.,1.,0.));
#7667=DIRECTION('ref_axis',(0.,0.,1.));
#7668=DIRECTION('',(-1.,0.,0.));
#7669=DIRECTION('',(0.999926713549476,0.,-0.0121065077600466));
#7670=DIRECTION('',(1.,0.,0.));
#7671=DIRECTION('center_axis',(0.,1.,0.));
#7672=DIRECTION('ref_axis',(0.,0.,1.));
#7673=DIRECTION('',(-1.,0.,0.));
#7674=DIRECTION('',(0.999933071953956,0.,-0.0115694257733356));
#7675=DIRECTION('',(1.,0.,0.));
#7676=DIRECTION('center_axis',(0.,1.,0.));
#7677=DIRECTION('ref_axis',(0.,0.,1.));
#7678=DIRECTION('',(-1.,0.,0.));
#7679=DIRECTION('',(0.0750486688973797,0.,0.997179872087645));
#7680=DIRECTION('center_axis',(0.,1.,0.));
#7681=DIRECTION('ref_axis',(0.,0.,1.));
#7682=DIRECTION('',(-1.,0.,0.));
#7683=DIRECTION('',(0.995383247263652,0.,-0.0959801597564155));
#7684=DIRECTION('',(1.,0.,0.));
#7685=DIRECTION('center_axis',(0.,1.,0.));
#7686=DIRECTION('ref_axis',(0.,0.,1.));
#7687=DIRECTION('',(-1.,0.,0.));
#7688=DIRECTION('',(0.999189777768198,0.,-0.0402465899616158));
#7689=DIRECTION('',(1.,0.,0.));
#7690=DIRECTION('center_axis',(0.,1.,0.));
#7691=DIRECTION('ref_axis',(0.,0.,1.));
#7692=DIRECTION('',(-1.,0.,0.));
#7693=DIRECTION('',(0.228943626676217,0.,0.97343968267394));
#7694=DIRECTION('center_axis',(0.,1.,0.));
#7695=DIRECTION('ref_axis',(0.,0.,1.));
#7696=DIRECTION('',(-1.,0.,0.));
#7697=DIRECTION('',(0.983903096204036,0.,-0.178702818332872));
#7698=DIRECTION('',(1.,0.,0.));
#7699=DIRECTION('center_axis',(0.,1.,0.));
#7700=DIRECTION('ref_axis',(0.,0.,1.));
#7701=DIRECTION('',(-1.,0.,0.));
#7702=DIRECTION('',(0.261087718203808,0.,0.96531507985897));
#7703=DIRECTION('center_axis',(0.,1.,0.));
#7704=DIRECTION('ref_axis',(0.,0.,1.));
#7705=DIRECTION('',(-1.,0.,0.));
#7706=DIRECTION('',(0.,0.,1.));
#7707=DIRECTION('',(1.,0.,0.));
#7708=DIRECTION('center_axis',(1.,0.,0.));
#7709=DIRECTION('ref_axis',(0.,0.,-1.));
#7710=DIRECTION('',(0.,1.,0.));
#7711=DIRECTION('',(0.,0.879428684139964,0.476030660264495));
#7712=DIRECTION('',(0.,1.,0.));
#7713=DIRECTION('center_axis',(1.,0.,0.));
#7714=DIRECTION('ref_axis',(0.,0.,-1.));
#7715=DIRECTION('',(0.,1.,0.));
#7716=DIRECTION('',(0.,0.999987965428065,-0.00490601661619036));
#7717=DIRECTION('center_axis',(1.,0.,0.));
#7718=DIRECTION('ref_axis',(0.,0.,-1.));
#7719=DIRECTION('',(0.,1.,0.));
#7720=DIRECTION('',(0.,0.441984440240552,0.897022716872458));
#7721=DIRECTION('',(0.,1.,0.));
#7722=DIRECTION('center_axis',(1.,0.,0.));
#7723=DIRECTION('ref_axis',(0.,0.,-1.));
#7724=DIRECTION('',(0.,1.,0.));
#7725=DIRECTION('',(0.,0.999592548340169,-0.0285436035357546));
#7726=DIRECTION('center_axis',(1.,0.,0.));
#7727=DIRECTION('ref_axis',(0.,0.,-1.));
#7728=DIRECTION('',(0.,1.,0.));
#7729=DIRECTION('',(0.,0.238671166270237,0.97110044505767));
#7730=DIRECTION('',(0.,1.,0.));
#7731=DIRECTION('center_axis',(1.,0.,0.));
#7732=DIRECTION('ref_axis',(0.,0.,-1.));
#7733=DIRECTION('',(0.,1.,0.));
#7734=DIRECTION('',(0.,0.524600055309082,0.851348801590574));
#7735=DIRECTION('',(0.,1.,0.));
#7736=DIRECTION('center_axis',(1.,0.,0.));
#7737=DIRECTION('ref_axis',(0.,0.,-1.));
#7738=DIRECTION('',(0.,1.,0.));
#7739=DIRECTION('',(0.,0.999970343800192,-0.00770139728396584));
#7740=DIRECTION('center_axis',(1.,0.,0.));
#7741=DIRECTION('ref_axis',(0.,0.,-1.));
#7742=DIRECTION('',(0.,1.,0.));
#7743=DIRECTION('',(0.,0.9996687684411,-0.0257362274518816));
#7744=DIRECTION('',(0.,1.,0.));
#7745=DIRECTION('center_axis',(1.,0.,0.));
#7746=DIRECTION('ref_axis',(0.,0.,-1.));
#7747=DIRECTION('',(0.,1.,0.));
#7748=DIRECTION('',(0.,0.999634810386465,-0.0270230616995387));
#7749=DIRECTION('',(0.,1.,0.));
#7750=DIRECTION('center_axis',(1.,0.,0.));
#7751=DIRECTION('ref_axis',(0.,0.,-1.));
#7752=DIRECTION('',(0.,1.,0.));
#7753=DIRECTION('',(0.,0.999614559081152,-0.0277620833691053));
#7754=DIRECTION('',(0.,1.,0.));
#7755=DIRECTION('center_axis',(1.,0.,0.));
#7756=DIRECTION('ref_axis',(0.,0.,-1.));
#7757=DIRECTION('',(0.,1.,0.));
#7758=DIRECTION('',(0.,0.999606509127883,-0.0280504350976644));
#7759=DIRECTION('',(0.,1.,0.));
#7760=DIRECTION('center_axis',(1.,0.,0.));
#7761=DIRECTION('ref_axis',(0.,0.,-1.));
#7762=DIRECTION('',(0.,1.,0.));
#7763=DIRECTION('',(0.,0.999269137415406,-0.0382255282379499));
#7764=DIRECTION('',(0.,1.,0.));
#7765=DIRECTION('center_axis',(1.,0.,0.));
#7766=DIRECTION('ref_axis',(0.,0.,-1.));
#7767=DIRECTION('',(0.,1.,0.));
#7768=DIRECTION('',(0.,0.999262191647523,-0.0384066705637181));
#7769=DIRECTION('',(0.,1.,0.));
#7770=DIRECTION('center_axis',(1.,0.,0.));
#7771=DIRECTION('ref_axis',(0.,0.,-1.));
#7772=DIRECTION('',(0.,1.,0.));
#7773=DIRECTION('',(0.,0.999233465336549,-0.0391469251859195));
#7774=DIRECTION('',(0.,1.,0.));
#7775=DIRECTION('center_axis',(1.,0.,0.));
#7776=DIRECTION('ref_axis',(0.,0.,-1.));
#7777=DIRECTION('',(0.,1.,0.));
#7778=DIRECTION('',(0.,0.932854766853252,-0.360252666831441));
#7779=DIRECTION('',(0.,1.,0.));
#7780=DIRECTION('center_axis',(1.,0.,0.));
#7781=DIRECTION('ref_axis',(0.,0.,-1.));
#7782=DIRECTION('',(0.,1.,0.));
#7783=DIRECTION('',(0.,0.441984440240552,-0.897022716872458));
#7784=DIRECTION('',(0.,1.,0.));
#7785=DIRECTION('center_axis',(1.,0.,0.));
#7786=DIRECTION('ref_axis',(0.,0.,-1.));
#7787=DIRECTION('',(0.,1.,0.));
#7788=DIRECTION('',(0.,0.239747641853038,-0.970835242575128));
#7789=DIRECTION('',(0.,1.,0.));
#7790=DIRECTION('center_axis',(1.,0.,0.));
#7791=DIRECTION('ref_axis',(0.,0.,-1.));
#7792=DIRECTION('',(0.,1.,0.));
#7793=DIRECTION('',(0.,0.999583795393596,0.0288485005941907));
#7794=DIRECTION('',(0.,1.,0.));
#7795=DIRECTION('center_axis',(1.,0.,0.));
#7796=DIRECTION('ref_axis',(0.,0.,-1.));
#7797=DIRECTION('',(0.,1.,0.));
#7798=DIRECTION('',(0.,0.442832635825738,-0.89660429211979));
#7799=DIRECTION('center_axis',(1.,0.,0.));
#7800=DIRECTION('ref_axis',(0.,0.,-1.));
#7801=DIRECTION('',(0.,1.,0.));
#7802=DIRECTION('',(0.,0.804544284908208,0.593892661700362));
#7803=DIRECTION('',(0.,1.,0.));
#7804=DIRECTION('center_axis',(1.,0.,0.));
#7805=DIRECTION('ref_axis',(0.,0.,-1.));
#7806=DIRECTION('',(0.,1.,0.));
#7807=DIRECTION('',(0.,0.99998847285335,-0.00480147481777853));
#7808=DIRECTION('center_axis',(1.,0.,0.));
#7809=DIRECTION('ref_axis',(0.,0.,-1.));
#7810=DIRECTION('',(0.,1.,0.));
#7811=DIRECTION('',(0.,0.,1.));
#7812=DIRECTION('',(0.,1.,0.));
#7813=DIRECTION('center_axis',(0.,-1.,0.));
#7814=DIRECTION('ref_axis',(0.,0.,-1.));
#7815=DIRECTION('',(1.,0.,0.));
#7816=DIRECTION('',(0.852020088421981,0.,0.523509091540348));
#7817=DIRECTION('',(1.,0.,0.));
#7818=DIRECTION('center_axis',(0.,-1.,0.));
#7819=DIRECTION('ref_axis',(0.,0.,-1.));
#7820=DIRECTION('',(1.,0.,0.));
#7821=DIRECTION('',(0.99998561356453,0.,-0.00536401565709506));
#7822=DIRECTION('center_axis',(0.,-1.,0.));
#7823=DIRECTION('ref_axis',(0.,0.,-1.));
#7824=DIRECTION('',(1.,0.,0.));
#7825=DIRECTION('',(0.999983432592937,0.,-0.00575626090850224));
#7826=DIRECTION('',(1.,0.,0.));
#7827=DIRECTION('center_axis',(0.,-1.,0.));
#7828=DIRECTION('ref_axis',(0.,0.,-1.));
#7829=DIRECTION('',(1.,0.,0.));
#7830=DIRECTION('',(0.99997970856217,0.,-0.00637043671325284));
#7831=DIRECTION('',(1.,0.,0.));
#7832=DIRECTION('center_axis',(0.,-1.,0.));
#7833=DIRECTION('ref_axis',(0.,0.,-1.));
#7834=DIRECTION('',(1.,0.,0.));
#7835=DIRECTION('',(0.394424613037878,0.,0.918928302224891));
#7836=DIRECTION('',(1.,0.,0.));
#7837=DIRECTION('center_axis',(0.,-1.,0.));
#7838=DIRECTION('ref_axis',(0.,0.,-1.));
#7839=DIRECTION('',(1.,0.,0.));
#7840=DIRECTION('',(0.999935405617539,0.,-0.0113659400178046));
#7841=DIRECTION('center_axis',(0.,-1.,0.));
#7842=DIRECTION('ref_axis',(0.,0.,-1.));
#7843=DIRECTION('',(1.,0.,0.));
#7844=DIRECTION('',(0.999818775872863,0.,-0.0190372112476856));
#7845=DIRECTION('',(1.,0.,0.));
#7846=DIRECTION('center_axis',(0.,-1.,0.));
#7847=DIRECTION('ref_axis',(0.,0.,-1.));
#7848=DIRECTION('',(1.,0.,0.));
#7849=DIRECTION('',(0.999742365801754,0.,-0.0226980620562987));
#7850=DIRECTION('',(1.,0.,0.));
#7851=DIRECTION('center_axis',(0.,-1.,0.));
#7852=DIRECTION('ref_axis',(0.,0.,-1.));
#7853=DIRECTION('',(1.,0.,0.));
#7854=DIRECTION('',(0.136302305512544,0.,-0.990667291027601));
#7855=DIRECTION('',(1.,0.,0.));
#7856=DIRECTION('center_axis',(0.,-1.,0.));
#7857=DIRECTION('ref_axis',(0.,0.,-1.));
#7858=DIRECTION('',(1.,0.,0.));
#7859=DIRECTION('',(0.531799277532133,0.,0.846870431893983));
#7860=DIRECTION('',(1.,0.,0.));
#7861=DIRECTION('center_axis',(0.,-1.,0.));
#7862=DIRECTION('ref_axis',(0.,0.,-1.));
#7863=DIRECTION('',(1.,0.,0.));
#7864=DIRECTION('',(0.998599878522412,0.,-0.052898795969507));
#7865=DIRECTION('center_axis',(0.,-1.,0.));
#7866=DIRECTION('ref_axis',(0.,0.,-1.));
#7867=DIRECTION('',(1.,0.,0.));
#7868=DIRECTION('',(0.237593810132937,0.,0.971364597556713));
#7869=DIRECTION('',(1.,0.,0.));
#7870=DIRECTION('center_axis',(0.,-1.,0.));
#7871=DIRECTION('ref_axis',(0.,0.,-1.));
#7872=DIRECTION('',(1.,0.,0.));
#7873=DIRECTION('',(0.997566870219644,0.,-0.0697161347191839));
#7874=DIRECTION('center_axis',(0.,-1.,0.));
#7875=DIRECTION('ref_axis',(0.,0.,-1.));
#7876=DIRECTION('',(1.,0.,0.));
#7877=DIRECTION('',(0.0458139639272488,0.,-0.998949989093184));
#7878=DIRECTION('',(1.,0.,0.));
#7879=DIRECTION('center_axis',(0.,-1.,0.));
#7880=DIRECTION('ref_axis',(0.,0.,-1.));
#7881=DIRECTION('',(1.,0.,0.));
#7882=DIRECTION('',(0.963689784942307,0.,0.267024340459535));
#7883=DIRECTION('',(1.,0.,0.));
#7884=DIRECTION('center_axis',(0.,-1.,0.));
#7885=DIRECTION('ref_axis',(0.,0.,-1.));
#7886=DIRECTION('',(1.,0.,0.));
#7887=DIRECTION('',(0.9999808542541,0.,-0.00618798232392669));
#7888=DIRECTION('center_axis',(0.,-1.,0.));
#7889=DIRECTION('ref_axis',(0.,0.,-1.));
#7890=DIRECTION('',(1.,0.,0.));
#7891=DIRECTION('',(0.999976491375324,0.,-0.00685687222395107));
#7892=DIRECTION('',(1.,0.,0.));
#7893=DIRECTION('center_axis',(0.,-1.,0.));
#7894=DIRECTION('ref_axis',(0.,0.,-1.));
#7895=DIRECTION('',(1.,0.,0.));
#7896=DIRECTION('',(0.999976278394454,0.,-0.00688786239532537));
#7897=DIRECTION('',(1.,0.,0.));
#7898=DIRECTION('center_axis',(0.,-1.,0.));
#7899=DIRECTION('ref_axis',(0.,0.,-1.));
#7900=DIRECTION('',(1.,0.,0.));
#7901=DIRECTION('',(0.999973678915478,0.,-0.0072554445931618));
#7902=DIRECTION('',(1.,0.,0.));
#7903=DIRECTION('center_axis',(0.,-1.,0.));
#7904=DIRECTION('ref_axis',(0.,0.,-1.));
#7905=DIRECTION('',(1.,0.,0.));
#7906=DIRECTION('',(0.999973338799534,0.,-0.0073021702330716));
#7907=DIRECTION('',(1.,0.,0.));
#7908=DIRECTION('center_axis',(0.,0.,1.));
#7909=DIRECTION('ref_axis',(1.,0.,0.));
#7910=DIRECTION('',(0.267729032215723,0.963494247678123,0.));
#7911=DIRECTION('',(0.0632001431578551,0.998000872697427,0.));
#7912=DIRECTION('center_axis',(0.,0.,1.));
#7913=DIRECTION('ref_axis',(1.,0.,0.));
#7914=DIRECTION('',(0.582099819239295,0.813117334977911,0.));
#7915=DIRECTION('',(0.60894734396339,0.793210648113055,0.));
#7916=DIRECTION('center_axis',(0.,1.,0.));
#7917=DIRECTION('ref_axis',(0.,0.,1.));
#7918=DIRECTION('',(0.,0.,1.));
#7919=DIRECTION('',(0.8966259774823,0.,-0.442788726712764));
#7920=DIRECTION('',(0.876756256718703,0.,0.480934991765631));
#7921=DIRECTION('center_axis',(0.,1.,0.));
#7922=DIRECTION('ref_axis',(0.,0.,1.));
#7923=DIRECTION('',(0.810722286514219,0.,0.585430930297637));
#7924=DIRECTION('',(0.334821546422437,0.,0.942281556675757));
#7925=DIRECTION('',(1.,0.,0.));
#7926=DIRECTION('center_axis',(0.,0.,1.));
#7927=DIRECTION('ref_axis',(1.,0.,0.));
#7928=DIRECTION('',(0.822594112493582,-0.568628988085286,0.));
#7929=DIRECTION('',(0.397182954045939,0.91773945159579,0.));
#7930=DIRECTION('center_axis',(0.,0.,1.));
#7931=DIRECTION('ref_axis',(1.,0.,0.));
#7932=DIRECTION('',(0.986549192510738,-0.16346464680906,0.));
#7933=DIRECTION('',(0.584455018224343,0.81142610980445,0.));
#7934=DIRECTION('center_axis',(0.,0.,1.));
#7935=DIRECTION('ref_axis',(1.,0.,0.));
#7936=DIRECTION('',(0.951019292092593,-0.309131535220372,0.));
#7937=DIRECTION('',(0.951560143460777,-0.307462669891656,0.));
#7938=DIRECTION('center_axis',(0.,0.,1.));
#7939=DIRECTION('ref_axis',(1.,0.,0.));
#7940=DIRECTION('',(0.865248739372803,-0.501342815859343,0.));
#7941=DIRECTION('center_axis',(0.,0.,1.));
#7942=DIRECTION('ref_axis',(1.,0.,0.));
#7943=DIRECTION('',(0.409072023904896,0.912502098221342,0.));
#7944=DIRECTION('',(0.418060465300027,0.908419202435266,0.));
#7945=DIRECTION('center_axis',(0.,0.,1.));
#7946=DIRECTION('ref_axis',(1.,0.,0.));
#7947=DIRECTION('',(1.,0.,0.));
#7948=DIRECTION('',(0.98064053698328,-0.195816590781131,0.));
#7949=DIRECTION('',(0.6325498849884,0.774519620798054,0.));
#7950=DIRECTION('center_axis',(0.,0.,1.));
#7951=DIRECTION('ref_axis',(1.,0.,0.));
#7952=DIRECTION('',(0.119248452159535,-0.99286444525804,0.));
#7953=DIRECTION('',(1.,0.,0.));
#7954=DIRECTION('',(0.951266339943137,-0.308370476036841,0.));
#7955=DIRECTION('center_axis',(0.,1.,0.));
#7956=DIRECTION('ref_axis',(0.,0.,1.));
#7957=DIRECTION('',(-1.,0.,0.));
#7958=DIRECTION('',(0.999980604690708,0.,-0.00622818130805412));
#7959=DIRECTION('',(0.999924222976353,0.,-0.0123104957307377));
#7960=DIRECTION('center_axis',(0.,1.,0.));
#7961=DIRECTION('ref_axis',(0.,0.,1.));
#7962=DIRECTION('',(-1.,0.,0.));
#7963=DIRECTION('',(0.999708015578689,0.,-0.0241636832399445));
#7964=DIRECTION('',(1.,0.,0.));
#7965=DIRECTION('',(0.052843892803359,0.,0.998602785392364));
#7966=DIRECTION('center_axis',(0.,1.,0.));
#7967=DIRECTION('ref_axis',(0.,0.,1.));
#7968=DIRECTION('',(-1.,0.,0.));
#7969=DIRECTION('',(0.242971755292104,0.,-0.970033363410906));
#7970=DIRECTION('',(1.,0.,0.));
#7971=DIRECTION('',(0.998810078156566,0.,0.0487691272515153));
#7972=DIRECTION('center_axis',(0.,0.,1.));
#7973=DIRECTION('ref_axis',(1.,0.,0.));
#7974=DIRECTION('',(0.472577117193571,-0.881289321565293,0.));
#7975=DIRECTION('',(0.795089576707304,-0.606492015620486,0.));
#7976=DIRECTION('center_axis',(0.,1.,0.));
#7977=DIRECTION('ref_axis',(0.,0.,1.));
#7978=DIRECTION('',(0.317025585302949,0.,0.948416985435901));
#7979=DIRECTION('',(0.327750429100496,0.,-0.944764338988534));
#7980=DIRECTION('',(1.,0.,0.));
#7981=DIRECTION('center_axis',(0.,0.,1.));
#7982=DIRECTION('ref_axis',(1.,0.,0.));
#7983=DIRECTION('',(0.714146710512941,0.699996054177126,0.));
#7984=DIRECTION('',(1.,0.,0.));
#7985=DIRECTION('',(0.705798020009773,0.708413124490423,0.));
#7986=DIRECTION('center_axis',(0.,1.,0.));
#7987=DIRECTION('ref_axis',(0.,0.,1.));
#7988=DIRECTION('',(-1.,0.,0.));
#7989=DIRECTION('',(0.999871723413144,0.,-0.0160167636815253));
#7990=DIRECTION('',(1.,0.,0.));
#7991=DIRECTION('',(0.999800924498553,0.,-0.0199527284309323));
#7992=DIRECTION('center_axis',(0.,1.,0.));
#7993=DIRECTION('ref_axis',(0.,0.,1.));
#7994=DIRECTION('',(0.469884504296234,0.,-0.882727904069132));
#7995=DIRECTION('center_axis',(1.,0.,0.));
#7996=DIRECTION('ref_axis',(0.,0.,-1.));
#7997=DIRECTION('',(0.,1.,0.));
#7998=DIRECTION('',(0.,0.447565981679026,-0.89425091112265));
#7999=DIRECTION('',(0.,0.447217017726695,0.894425479878364));
#8000=DIRECTION('center_axis',(-1.,0.,0.));
#8001=DIRECTION('ref_axis',(0.,0.,1.));
#8002=DIRECTION('',(0.,0.447217017726695,0.894425479878364));
#8003=DIRECTION('',(0.,0.447565981679026,-0.89425091112265));
#8004=DIRECTION('',(0.,1.,0.));
#8005=DIRECTION('center_axis',(0.,0.,-1.));
#8006=DIRECTION('ref_axis',(-1.,0.,0.));
#8007=DIRECTION('',(0.,1.,0.));
#8008=DIRECTION('',(1.,0.,0.));
#8009=DIRECTION('',(0.741149874865949,0.671339603320248,0.));
#8010=DIRECTION('center_axis',(0.,0.,-1.));
#8011=DIRECTION('ref_axis',(-1.,0.,0.));
#8012=DIRECTION('',(0.,1.,0.));
#8013=DIRECTION('',(1.,0.,0.));
#8014=DIRECTION('',(0.740717820111525,0.671816277689988,0.));
#8015=DIRECTION('center_axis',(-1.,0.,0.));
#8016=DIRECTION('ref_axis',(0.,0.,1.));
#8017=DIRECTION('',(0.,0.446854152389775,0.89460682229235));
#8018=DIRECTION('',(0.,0.447572822066788,-0.89424748752634));
#8019=DIRECTION('',(0.,1.,0.));
#8020=DIRECTION('center_axis',(1.,0.,0.));
#8021=DIRECTION('ref_axis',(0.,0.,-1.));
#8022=DIRECTION('',(0.,1.,0.));
#8023=DIRECTION('',(0.,0.447572822066788,-0.89424748752634));
#8024=DIRECTION('',(0.,0.446854152389775,0.89460682229235));
#8025=DIRECTION('center_axis',(0.,-1.,0.));
#8026=DIRECTION('ref_axis',(0.,0.,-1.));
#8027=DIRECTION('',(1.,0.,0.));
#8028=DIRECTION('',(0.255298558321299,0.,-0.966862268432824));
#8029=DIRECTION('',(0.210095267843561,0.,-0.97768091851572));
#8030=DIRECTION('center_axis',(0.,0.,1.));
#8031=DIRECTION('ref_axis',(1.,0.,0.));
#8032=DIRECTION('',(1.,0.,0.));
#8033=DIRECTION('',(0.981218585954259,-0.192899161682795,0.));
#8034=DIRECTION('',(0.950871888254193,0.309584644528608,0.));
#8035=DIRECTION('center_axis',(0.,0.,1.));
#8036=DIRECTION('ref_axis',(1.,0.,0.));
#8037=DIRECTION('',(0.583289713750462,0.812264187215529,0.));
#8038=DIRECTION('',(1.,0.,0.));
#8039=DIRECTION('',(0.183828052849006,0.98295841569506,0.));
#8040=DIRECTION('center_axis',(0.,0.,1.));
#8041=DIRECTION('ref_axis',(1.,0.,0.));
#8042=DIRECTION('',(0.416991931433094,0.908910187598147,0.));
#8043=DIRECTION('',(1.,0.,0.));
#8044=DIRECTION('',(0.0967423631683894,0.995309456987421,0.));
#8045=DIRECTION('center_axis',(0.,-1.,0.));
#8046=DIRECTION('ref_axis',(0.,0.,-1.));
#8047=DIRECTION('',(0.78675389210801,0.,0.617266808805478));
#8048=DIRECTION('',(0.426773911850675,0.,-0.90435835163041));
#8049=DIRECTION('',(0.545552064592211,0.,0.838076932518236));
#8050=DIRECTION('center_axis',(0.,0.,1.));
#8051=DIRECTION('ref_axis',(1.,0.,0.));
#8052=DIRECTION('',(1.,0.,0.));
#8053=DIRECTION('',(0.518049413766865,-0.85535069117632,0.));
#8054=DIRECTION('',(0.995277345711511,0.0970721644625747,0.));
#8055=DIRECTION('center_axis',(0.,-1.,0.));
#8056=DIRECTION('ref_axis',(0.,0.,-1.));
#8057=DIRECTION('',(1.,0.,0.));
#8058=DIRECTION('',(0.,0.,1.));
#8059=DIRECTION('',(0.335188297082542,0.,0.942151158519112));
#8060=DIRECTION('center_axis',(-1.,0.,0.));
#8061=DIRECTION('ref_axis',(0.,0.,1.));
#8062=DIRECTION('',(0.,0.0765594006117101,0.997065022041178));
#8063=DIRECTION('',(0.,0.,1.));
#8064=DIRECTION('',(0.,0.117297757938402,0.993096790842979));
#8065=DIRECTION('center_axis',(0.,0.,1.));
#8066=DIRECTION('ref_axis',(1.,0.,0.));
#8067=DIRECTION('',(0.,1.,0.));
#8068=DIRECTION('',(0.50221307168781,0.864743910430073,0.));
#8069=DIRECTION('',(1.,0.,0.));
#8070=DIRECTION('center_axis',(0.,-1.,0.));
#8071=DIRECTION('ref_axis',(0.,0.,-1.));
#8072=DIRECTION('',(1.,0.,0.));
#8073=DIRECTION('',(0.,0.,1.));
#8074=DIRECTION('',(0.0097280618140722,0.,0.999952681287141));
#8075=DIRECTION('',(0.834718055461168,0.,-0.550677553462211));
#8076=DIRECTION('center_axis',(0.,0.,-1.));
#8077=DIRECTION('ref_axis',(-1.,0.,0.));
#8078=DIRECTION('',(1.,0.,0.));
#8079=DIRECTION('',(0.0324179688729568,0.999474399519143,0.));
#8080=DIRECTION('',(0.,1.,0.));
#8081=DIRECTION('center_axis',(-1.,0.,0.));
#8082=DIRECTION('ref_axis',(0.,0.,1.));
#8083=DIRECTION('',(0.,1.,0.));
#8084=DIRECTION('',(0.,0.403089043494742,0.915160763480655));
#8085=DIRECTION('center_axis',(-1.,0.,0.));
#8086=DIRECTION('ref_axis',(0.,0.,1.));
#8087=DIRECTION('',(0.,0.381881020232263,0.924211494402859));
#8088=DIRECTION('',(0.,1.,0.));
#8089=DIRECTION('',(0.,0.40292134475437,0.915234609234883));
#8090=DIRECTION('center_axis',(0.,0.,-1.));
#8091=DIRECTION('ref_axis',(-1.,0.,0.));
#8092=DIRECTION('',(0.00719285414129986,0.999974131090051,0.));
#8093=DIRECTION('',(0.,1.,0.));
#8094=DIRECTION('',(0.00736964126019473,0.999972843825119,0.));
#8095=DIRECTION('center_axis',(0.,0.,-1.));
#8096=DIRECTION('ref_axis',(-1.,0.,0.));
#8097=DIRECTION('',(0.00536097237924494,0.999985629884324,0.));
#8098=DIRECTION('',(0.,1.,0.));
#8099=DIRECTION('center_axis',(0.,0.,-1.));
#8100=DIRECTION('ref_axis',(-1.,0.,0.));
#8101=DIRECTION('',(0.157632775989069,-0.987497801483112,0.));
#8102=DIRECTION('',(0.0205185427032596,0.999789472541762,0.));
#8103=DIRECTION('',(0.,1.,0.));
#8104=DIRECTION('center_axis',(-1.,0.,0.));
#8105=DIRECTION('ref_axis',(0.,0.,1.));
#8106=DIRECTION('',(0.,0.823443509548017,0.567398260997727));
#8107=DIRECTION('',(0.,0.475567898612636,-0.879679017488289));
#8108=DIRECTION('',(0.,1.,0.));
#8109=DIRECTION('center_axis',(0.,0.,-1.));
#8110=DIRECTION('ref_axis',(-1.,0.,0.));
#8111=DIRECTION('',(0.0155389167376018,0.999879263744689,0.));
#8112=DIRECTION('',(0.,1.,0.));
#8113=DIRECTION('center_axis',(-1.,0.,0.));
#8114=DIRECTION('ref_axis',(0.,0.,1.));
#8115=DIRECTION('',(0.,0.477124289160132,0.878835828066561));
#8116=DIRECTION('',(0.,0.997771234050674,-0.066727539299722));
#8117=DIRECTION('',(0.,1.,0.));
#8118=DIRECTION('center_axis',(-1.,0.,0.));
#8119=DIRECTION('ref_axis',(0.,0.,1.));
#8120=DIRECTION('',(0.,0.476071100238756,-0.879406792967544));
#8121=DIRECTION('',(0.,0.985636336777119,0.168881649756811));
#8122=DIRECTION('',(0.,0.148774326705913,-0.98887117447785));
#8123=DIRECTION('center_axis',(-1.,0.,0.));
#8124=DIRECTION('ref_axis',(0.,0.,1.));
#8125=DIRECTION('',(0.,0.,1.));
#8126=DIRECTION('',(0.,0.476615226251893,-0.879112009987838));
#8127=DIRECTION('',(0.,0.476615226251893,0.879112009987838));
#8128=DIRECTION('center_axis',(-1.,0.,0.));
#8129=DIRECTION('ref_axis',(0.,0.,1.));
#8130=DIRECTION('',(0.,0.414059558864299,0.910249790833869));
#8131=DIRECTION('',(0.,0.477620700126879,-0.878566142535842));
#8132=DIRECTION('',(0.,0.823834911817635,0.566829814027482));
#8133=DIRECTION('center_axis',(0.,0.,-1.));
#8134=DIRECTION('ref_axis',(-1.,0.,0.));
#8135=DIRECTION('',(0.613532843527425,0.789669202839488,0.));
#8136=DIRECTION('',(0.464356736160095,-0.885648249353401,0.));
#8137=DIRECTION('',(1.,0.,0.));
#8138=DIRECTION('center_axis',(0.,0.,-1.));
#8139=DIRECTION('ref_axis',(-1.,0.,0.));
#8140=DIRECTION('',(0.,1.,0.));
#8141=DIRECTION('',(0.871306300649003,0.490739574977756,0.));
#8142=DIRECTION('',(0.293844025450446,0.9558533824322,0.));
#8143=DIRECTION('center_axis',(-1.,0.,0.));
#8144=DIRECTION('ref_axis',(0.,0.,1.));
#8145=DIRECTION('',(0.,0.414056898899111,0.910251000809146));
#8146=DIRECTION('center_axis',(-1.,0.,0.));
#8147=DIRECTION('ref_axis',(0.,0.,1.));
#8148=DIRECTION('',(0.,0.476111786638058,-0.879384765972391));
#8149=DIRECTION('center_axis',(-1.,0.,0.));
#8150=DIRECTION('ref_axis',(0.,0.,1.));
#8151=DIRECTION('',(0.,0.823428331047384,0.56742028834764));
#8152=DIRECTION('center_axis',(-1.,0.,0.));
#8153=DIRECTION('ref_axis',(0.,0.,1.));
#8154=DIRECTION('',(0.,1.,0.));
#8155=DIRECTION('center_axis',(0.,0.,-1.));
#8156=DIRECTION('ref_axis',(-1.,0.,0.));
#8157=DIRECTION('',(0.,1.,0.));
#8158=DIRECTION('',(0.613723089132077,-0.789521354914597,0.));
#8159=DIRECTION('',(1.,0.,0.));
#8160=DIRECTION('center_axis',(0.,-1.,0.));
#8161=DIRECTION('ref_axis',(0.,0.,-1.));
#8162=DIRECTION('',(1.,0.,0.));
#8163=DIRECTION('',(0.,0.,1.));
#8164=DIRECTION('center_axis',(1.,0.,0.));
#8165=DIRECTION('ref_axis',(0.,0.,-1.));
#8166=DIRECTION('',(0.,1.,0.));
#8167=DIRECTION('',(0.,0.,1.));
#8168=DIRECTION('center_axis',(0.,1.,0.));
#8169=DIRECTION('ref_axis',(0.,0.,1.));
#8170=DIRECTION('',(0.362989849897409,0.,0.931793093380422));
#8171=DIRECTION('',(0.362176064606397,0.,-0.932109702892435));
#8172=DIRECTION('center_axis',(1.,0.,0.));
#8173=DIRECTION('ref_axis',(0.,0.,-1.));
#8174=DIRECTION('',(0.,1.,0.));
#8175=DIRECTION('',(0.,0.332494973313875,-0.943105027407343));
#8176=DIRECTION('',(0.,0.,1.));
#8177=DIRECTION('center_axis',(1.,0.,0.));
#8178=DIRECTION('ref_axis',(0.,0.,-1.));
#8179=DIRECTION('',(0.,0.331664113643955,0.943397538538642));
#8180=DIRECTION('',(0.,1.,0.));
#8181=DIRECTION('',(0.,0.,1.));
#8182=DIRECTION('center_axis',(0.,-1.,0.));
#8183=DIRECTION('ref_axis',(0.,0.,-1.));
#8184=DIRECTION('',(1.,0.,0.));
#8185=DIRECTION('',(0.362673813127302,0.,-0.931916147124677));
#8186=DIRECTION('center_axis',(0.,0.,-1.));
#8187=DIRECTION('ref_axis',(-1.,0.,0.));
#8188=DIRECTION('',(0.,1.,0.));
#8189=DIRECTION('',(1.,0.,0.));
#8190=DIRECTION('center_axis',(1.,0.,0.));
#8191=DIRECTION('ref_axis',(0.,0.,-1.));
#8192=DIRECTION('',(0.,1.,0.));
#8193=DIRECTION('center_axis',(0.,0.,-1.));
#8194=DIRECTION('ref_axis',(-1.,0.,0.));
#8195=DIRECTION('',(1.,0.,0.));
#8196=DIRECTION('center_axis',(0.,-1.,0.));
#8197=DIRECTION('ref_axis',(0.,0.,-1.));
#8198=DIRECTION('',(0.361860522313539,0.,0.932232247023762));
#8199=DIRECTION('center_axis',(0.,-1.,0.));
#8200=DIRECTION('ref_axis',(0.,0.,-1.));
#8201=DIRECTION('',(1.,0.,0.));
#8202=DIRECTION('',(0.,0.,1.));
#8203=DIRECTION('center_axis',(1.,0.,0.));
#8204=DIRECTION('ref_axis',(0.,0.,-1.));
#8205=DIRECTION('',(0.,1.,0.));
#8206=DIRECTION('',(0.,0.,1.));
#8207=DIRECTION('center_axis',(0.,1.,0.));
#8208=DIRECTION('ref_axis',(0.,0.,1.));
#8209=DIRECTION('',(0.5459336310543,0.,0.837828425445131));
#8210=DIRECTION('',(0.545936446677429,0.,-0.837826590762804));
#8211=DIRECTION('center_axis',(0.,1.,0.));
#8212=DIRECTION('ref_axis',(0.,0.,1.));
#8213=DIRECTION('',(0.362581557895523,0.,0.931952044836029));
#8214=DIRECTION('',(0.326552358322459,0.,-0.945179113858342));
#8215=DIRECTION('center_axis',(0.,1.,0.));
#8216=DIRECTION('ref_axis',(0.,0.,1.));
#8217=DIRECTION('',(0.352715315475797,0.,0.935730680393033));
#8218=DIRECTION('',(0.343578585523072,0.,0.939123929825007));
#8219=DIRECTION('',(1.,0.,0.));
#8220=DIRECTION('center_axis',(0.,0.,1.));
#8221=DIRECTION('ref_axis',(1.,0.,0.));
#8222=DIRECTION('',(0.402057532248728,0.915614406156906,0.));
#8223=DIRECTION('',(0.559256969983235,0.828994355544819,0.));
#8224=DIRECTION('',(1.,0.,0.));
#8225=DIRECTION('center_axis',(0.,0.,1.));
#8226=DIRECTION('ref_axis',(1.,0.,0.));
#8227=DIRECTION('',(0.45192735928881,-0.892054741552469,0.));
#8228=DIRECTION('',(0.359874617647978,0.933000675011933,0.));
#8229=DIRECTION('',(1.,0.,0.));
#8230=DIRECTION('center_axis',(0.,1.,0.));
#8231=DIRECTION('ref_axis',(0.,0.,1.));
#8232=DIRECTION('',(-1.,0.,0.));
#8233=DIRECTION('',(0.999846443838315,0.,-0.0175239477252006));
#8234=DIRECTION('',(0.999805955348285,0.,-0.0196990266283433));
#8235=DIRECTION('center_axis',(0.,1.,0.));
#8236=DIRECTION('ref_axis',(0.,0.,1.));
#8237=DIRECTION('',(-1.,0.,0.));
#8238=DIRECTION('',(0.406188316739819,0.,-0.913789391131279));
#8239=DIRECTION('',(1.,0.,0.));
#8240=DIRECTION('',(0.760515068998573,0.,0.649320282931387));
#8241=DIRECTION('center_axis',(0.,1.,0.));
#8242=DIRECTION('ref_axis',(0.,0.,1.));
#8243=DIRECTION('',(-1.,0.,0.));
#8244=DIRECTION('',(0.998770516709236,0.,-0.0495727238747806));
#8245=DIRECTION('',(1.,0.,0.));
#8246=DIRECTION('',(0.834718055461168,0.,-0.550677553462211));
#8247=DIRECTION('center_axis',(0.,0.,1.));
#8248=DIRECTION('ref_axis',(1.,0.,0.));
#8249=DIRECTION('',(0.,1.,0.));
#8250=DIRECTION('',(0.571415255174917,-0.820661078736761,0.));
#8251=DIRECTION('center_axis',(0.,1.,0.));
#8252=DIRECTION('ref_axis',(0.,0.,1.));
#8253=DIRECTION('',(-1.,0.,0.));
#8254=DIRECTION('',(0.999801743973841,0.,-0.019911623411128));
#8255=DIRECTION('',(1.,0.,0.));
#8256=DIRECTION('center_axis',(-1.,0.,0.));
#8257=DIRECTION('ref_axis',(0.,0.,1.));
#8258=DIRECTION('',(0.,0.47649562908894,0.879176839696733));
#8259=DIRECTION('',(0.,0.,1.));
#8260=DIRECTION('',(0.,0.851997849664329,0.523545283779121));
#8261=DIRECTION('center_axis',(0.,1.,0.));
#8262=DIRECTION('ref_axis',(0.,0.,1.));
#8263=DIRECTION('',(0.761290469863239,0.,0.648410996587357));
#8264=DIRECTION('',(0.0142397616623878,0.,0.999898609453878));
#8265=DIRECTION('',(0.,0.,1.));
#8266=DIRECTION('center_axis',(-1.,0.,0.));
#8267=DIRECTION('ref_axis',(0.,0.,1.));
#8268=DIRECTION('',(0.,0.984421244991523,0.175826085690774));
#8269=DIRECTION('',(0.,1.,0.));
#8270=DIRECTION('center_axis',(0.,0.,-1.));
#8271=DIRECTION('ref_axis',(-1.,0.,0.));
#8272=DIRECTION('',(0.390370958887463,-0.920657653233428,0.));
#8273=DIRECTION('',(0.,1.,0.));
#8274=DIRECTION('',(0.0752062228348759,-0.997168001916884,0.));
#8275=DIRECTION('center_axis',(-1.,0.,0.));
#8276=DIRECTION('ref_axis',(0.,0.,1.));
#8277=DIRECTION('',(0.,0.496819151205384,0.867854095453586));
#8278=DIRECTION('',(0.,0.496819151205384,-0.867854095453586));
#8279=DIRECTION('',(0.,1.,0.));
#8280=DIRECTION('center_axis',(-1.,0.,0.));
#8281=DIRECTION('ref_axis',(0.,0.,1.));
#8282=DIRECTION('',(0.,-1.,0.));
#8283=DIRECTION('',(0.,0.45844580923759,0.888722363841763));
#8284=DIRECTION('',(0.,0.346021410351609,0.938226616323734));
#8285=DIRECTION('center_axis',(-1.,0.,0.));
#8286=DIRECTION('ref_axis',(0.,0.,1.));
#8287=DIRECTION('',(0.,-1.,0.));
#8288=DIRECTION('',(0.,0.496186233162526,0.868216114812426));
#8289=DIRECTION('center_axis',(-1.,0.,0.));
#8290=DIRECTION('ref_axis',(0.,0.,1.));
#8291=DIRECTION('',(0.,-1.,0.));
#8292=DIRECTION('',(0.,0.47577732214628,-0.879565767712293));
#8293=DIRECTION('center_axis',(-1.,0.,0.));
#8294=DIRECTION('ref_axis',(0.,0.,1.));
#8295=DIRECTION('',(0.,-1.,0.));
#8296=DIRECTION('',(0.,0.324989953992816,-0.94571746827673));
#8297=DIRECTION('center_axis',(-1.,0.,0.));
#8298=DIRECTION('ref_axis',(0.,0.,1.));
#8299=DIRECTION('',(0.,-1.,0.));
#8300=DIRECTION('',(0.,0.439943487834162,-0.898025460392027));
#8301=DIRECTION('center_axis',(0.,0.,-1.));
#8302=DIRECTION('ref_axis',(-1.,0.,0.));
#8303=DIRECTION('',(0.,1.,0.));
#8304=DIRECTION('center_axis',(-1.,0.,0.));
#8305=DIRECTION('ref_axis',(0.,0.,1.));
#8306=DIRECTION('',(0.,-1.,0.));
#8307=DIRECTION('',(0.,0.808481579420065,0.588521482818118));
#8308=DIRECTION('center_axis',(-1.,0.,0.));
#8309=DIRECTION('ref_axis',(0.,0.,1.));
#8310=DIRECTION('',(0.,-1.,0.));
#8311=DIRECTION('center_axis',(0.,-1.,0.));
#8312=DIRECTION('ref_axis',(0.,0.,-1.));
#8313=DIRECTION('',(1.,0.,0.));
#8314=DIRECTION('',(0.999572003286622,0.,-0.0292542346604784));
#8315=DIRECTION('',(0.215866531180234,0.,0.976422880065913));
#8316=DIRECTION('center_axis',(0.,-1.,0.));
#8317=DIRECTION('ref_axis',(0.,0.,-1.));
#8318=DIRECTION('',(1.,0.,0.));
#8319=DIRECTION('',(0.0738824849387146,0.,-0.997266954440626));
#8320=DIRECTION('',(1.,0.,0.));
#8321=DIRECTION('',(0.997970740942812,0.,-0.0636741723311258));
#8322=DIRECTION('center_axis',(0.,-1.,0.));
#8323=DIRECTION('ref_axis',(0.,0.,-1.));
#8324=DIRECTION('',(1.,0.,0.));
#8325=DIRECTION('',(0.999726214734971,0.,-0.023398623286138));
#8326=DIRECTION('',(0.284126718049245,0.,0.958786737544155));
#8327=DIRECTION('center_axis',(0.,0.,1.));
#8328=DIRECTION('ref_axis',(1.,0.,0.));
#8329=DIRECTION('',(0.631347377539547,0.775500154012839,0.));
#8330=DIRECTION('',(1.,0.,0.));
#8331=DIRECTION('center_axis',(0.,-1.,0.));
#8332=DIRECTION('ref_axis',(0.,0.,-1.));
#8333=DIRECTION('',(1.,0.,0.));
#8334=DIRECTION('',(0.997526529594938,0.,-0.070290986294688));
#8335=DIRECTION('center_axis',(0.,-1.,0.));
#8336=DIRECTION('ref_axis',(0.,0.,-1.));
#8337=DIRECTION('',(1.,0.,0.));
#8338=DIRECTION('',(0.99865821953729,0.,-0.0517857176315033));
#8339=DIRECTION('center_axis',(0.,-1.,0.));
#8340=DIRECTION('ref_axis',(0.,0.,-1.));
#8341=DIRECTION('',(1.,0.,0.));
#8342=DIRECTION('',(1.,0.,0.));
#8343=DIRECTION('center_axis',(0.,0.,1.));
#8344=DIRECTION('ref_axis',(1.,0.,0.));
#8345=DIRECTION('',(0.831377157504405,0.55570857648582,0.));
#8346=DIRECTION('center_axis',(0.,-1.,0.));
#8347=DIRECTION('ref_axis',(0.,0.,-1.));
#8348=DIRECTION('',(1.,0.,0.));
#8349=DIRECTION('',(1.,0.,0.));
#8350=DIRECTION('center_axis',(0.,0.,1.));
#8351=DIRECTION('ref_axis',(1.,0.,0.));
#8352=DIRECTION('',(0.83367636345624,0.552253312361618,0.));
#8353=DIRECTION('center_axis',(0.,0.,1.));
#8354=DIRECTION('ref_axis',(1.,0.,0.));
#8355=DIRECTION('',(0.912064893136052,0.410045888540201,0.));
#8356=DIRECTION('center_axis',(0.,0.,1.));
#8357=DIRECTION('ref_axis',(1.,0.,0.));
#8358=DIRECTION('',(0.972875711451157,0.231328446301802,0.));
#8359=DIRECTION('',(0.984125319992718,0.177474940623262,0.));
#8360=DIRECTION('',(1.,0.,0.));
#8361=DIRECTION('center_axis',(0.,0.,1.));
#8362=DIRECTION('ref_axis',(1.,0.,0.));
#8363=DIRECTION('',(0.984188082405532,0.177126560546187,0.));
#8364=DIRECTION('',(1.,0.,0.));
#8365=DIRECTION('center_axis',(0.,0.,1.));
#8366=DIRECTION('ref_axis',(1.,0.,0.));
#8367=DIRECTION('',(0.103959492041679,0.994581532110081,0.));
#8368=DIRECTION('',(1.,0.,0.));
#8369=DIRECTION('center_axis',(0.,0.,1.));
#8370=DIRECTION('ref_axis',(1.,0.,0.));
#8371=DIRECTION('',(1.,0.,0.));
#8372=DIRECTION('center_axis',(0.,0.,1.));
#8373=DIRECTION('ref_axis',(1.,0.,0.));
#8374=DIRECTION('',(1.,0.,0.));
#8375=DIRECTION('',(0.398910377317635,0.91698991862959,0.));
#8376=DIRECTION('center_axis',(0.,0.,1.));
#8377=DIRECTION('ref_axis',(1.,0.,0.));
#8378=DIRECTION('',(0.407990663387443,0.912986099887985,0.));
#8379=DIRECTION('',(1.,0.,0.));
#8380=DIRECTION('center_axis',(0.,0.,1.));
#8381=DIRECTION('ref_axis',(1.,0.,0.));
#8382=DIRECTION('',(1.,0.,0.));
#8383=DIRECTION('center_axis',(0.,0.,1.));
#8384=DIRECTION('ref_axis',(1.,0.,0.));
#8385=DIRECTION('',(1.,0.,0.));
#8386=DIRECTION('',(0.54419368478013,0.838959613715359,0.));
#8387=DIRECTION('center_axis',(0.,0.,1.));
#8388=DIRECTION('ref_axis',(1.,0.,0.));
#8389=DIRECTION('',(0.563836557353877,0.825886394482515,0.));
#8390=DIRECTION('',(1.,0.,0.));
#8391=DIRECTION('center_axis',(0.,0.,1.));
#8392=DIRECTION('ref_axis',(1.,0.,0.));
#8393=DIRECTION('',(0.573699263801089,0.819066025857555,0.));
#8394=DIRECTION('',(1.,0.,0.));
#8395=DIRECTION('center_axis',(0.,0.,1.));
#8396=DIRECTION('ref_axis',(1.,0.,0.));
#8397=DIRECTION('',(0.620148485286506,0.784484452488928,0.));
#8398=DIRECTION('',(1.,0.,0.));
#8399=DIRECTION('center_axis',(0.,0.,1.));
#8400=DIRECTION('ref_axis',(1.,0.,0.));
#8401=DIRECTION('',(0.631095992431725,0.775704743015418,0.));
#8402=DIRECTION('',(1.,0.,0.));
#8403=DIRECTION('center_axis',(0.,-1.,0.));
#8404=DIRECTION('ref_axis',(0.,0.,-1.));
#8405=DIRECTION('',(1.,0.,0.));
#8406=DIRECTION('',(0.54998848097575,0.,0.835172240195989));
#8407=DIRECTION('',(1.,0.,0.));
#8408=DIRECTION('',(0.531799277532133,0.,-0.846870431893983));
#8409=DIRECTION('center_axis',(0.,0.,1.));
#8410=DIRECTION('ref_axis',(1.,0.,0.));
#8411=DIRECTION('',(0.872751689541101,0.488164407144923,0.));
#8412=DIRECTION('',(1.,0.,0.));
#8413=DIRECTION('',(0.870299779940618,0.492522378207643,0.));
#8414=DIRECTION('center_axis',(0.,-1.,0.));
#8415=DIRECTION('ref_axis',(0.,0.,-1.));
#8416=DIRECTION('',(1.,0.,0.));
#8417=DIRECTION('',(0.230027917256443,0.,-0.973184030532079));
#8418=DIRECTION('',(0.568083439781681,0.,-0.822970962699057));
#8419=DIRECTION('center_axis',(0.,-1.,0.));
#8420=DIRECTION('ref_axis',(0.,0.,-1.));
#8421=DIRECTION('',(1.,0.,0.));
#8422=DIRECTION('',(0.997592173102312,0.,-0.0693531265698069));
#8423=DIRECTION('',(0.0493298447959808,0.,0.998782542104338));
#8424=DIRECTION('center_axis',(0.,-1.,0.));
#8425=DIRECTION('ref_axis',(0.,0.,-1.));
#8426=DIRECTION('',(1.,0.,0.));
#8427=DIRECTION('',(1.,0.,0.));
#8428=DIRECTION('center_axis',(0.,0.,1.));
#8429=DIRECTION('ref_axis',(1.,0.,0.));
#8430=DIRECTION('',(0.92393746470439,0.382543541725154,0.));
#8431=DIRECTION('center_axis',(0.,0.,1.));
#8432=DIRECTION('ref_axis',(1.,0.,0.));
#8433=DIRECTION('',(1.,0.,0.));
#8434=DIRECTION('center_axis',(0.,-1.,0.));
#8435=DIRECTION('ref_axis',(0.,0.,-1.));
#8436=DIRECTION('',(1.,0.,0.));
#8437=DIRECTION('',(0.99755447069201,0.,-0.0698933330324395));
#8438=DIRECTION('center_axis',(0.,-1.,0.));
#8439=DIRECTION('ref_axis',(0.,0.,-1.));
#8440=DIRECTION('',(1.,0.,0.));
#8441=DIRECTION('',(0.320776816428355,0.,0.94715480996619));
#8442=DIRECTION('center_axis',(0.,0.,1.));
#8443=DIRECTION('ref_axis',(1.,0.,0.));
#8444=DIRECTION('',(0.0531438670620273,0.998586866223311,0.));
#8445=DIRECTION('center_axis',(0.,0.,1.));
#8446=DIRECTION('ref_axis',(1.,0.,0.));
#8447=DIRECTION('',(0.0497205540124107,0.998763168378119,0.));
#8448=DIRECTION('center_axis',(1.,0.,0.));
#8449=DIRECTION('ref_axis',(0.,0.,-1.));
#8450=DIRECTION('',(0.,1.,0.));
#8451=DIRECTION('',(0.,0.477630267062394,-0.878560941532177));
#8452=DIRECTION('',(0.,0.851763681652148,0.523926169052834));
#8453=DIRECTION('center_axis',(0.,0.,1.));
#8454=DIRECTION('ref_axis',(1.,0.,0.));
#8455=DIRECTION('',(0.133106815592233,0.991101697931597,0.));
#8456=DIRECTION('',(0.789001265352081,0.61439157161603,0.));
#8457=DIRECTION('center_axis',(0.,0.,1.));
#8458=DIRECTION('ref_axis',(1.,0.,0.));
#8459=DIRECTION('',(0.,1.,0.));
#8460=DIRECTION('',(0.821996655924545,0.5694923157066,0.));
#8461=DIRECTION('center_axis',(0.,0.,1.));
#8462=DIRECTION('ref_axis',(1.,0.,0.));
#8463=DIRECTION('',(1.,0.,0.));
#8464=DIRECTION('',(0.0651093975146066,-0.997878132015771,0.));
#8465=DIRECTION('',(0.581292105422036,0.813694960150312,0.));
#8466=DIRECTION('center_axis',(1.,0.,0.));
#8467=DIRECTION('ref_axis',(0.,0.,-1.));
#8468=DIRECTION('',(0.,1.,0.));
#8469=DIRECTION('',(0.,0.402839590112598,-0.915270596401913));
#8470=DIRECTION('',(0.,0.,1.));
#8471=DIRECTION('center_axis',(1.,0.,0.));
#8472=DIRECTION('ref_axis',(0.,0.,-1.));
#8473=DIRECTION('',(0.,1.,0.));
#8474=DIRECTION('',(0.,0.486516464458013,-0.87367140837461));
#8475=DIRECTION('',(0.,0.820441204048872,0.571730907594506));
#8476=DIRECTION('center_axis',(1.,0.,0.));
#8477=DIRECTION('ref_axis',(0.,0.,-1.));
#8478=DIRECTION('',(0.,0.467501048813101,-0.883992516573896));
#8479=DIRECTION('',(0.,1.,0.));
#8480=DIRECTION('center_axis',(1.,0.,0.));
#8481=DIRECTION('ref_axis',(0.,0.,-1.));
#8482=DIRECTION('',(0.,1.,0.));
#8483=DIRECTION('',(0.,0.475567898612636,-0.879679017488289));
#8484=DIRECTION('',(0.,0.476075890389156,0.879404199779699));
#8485=DIRECTION('center_axis',(1.,0.,0.));
#8486=DIRECTION('ref_axis',(0.,0.,-1.));
#8487=DIRECTION('',(0.,0.820973781042309,0.57096589288774));
#8488=DIRECTION('',(0.,0.486571652168367,-0.873640674022304));
#8489=DIRECTION('',(0.,0.403091746735032,0.915159572814545));
#8490=DIRECTION('center_axis',(1.,0.,0.));
#8491=DIRECTION('ref_axis',(0.,0.,-1.));
#8492=DIRECTION('',(0.,0.476615226251893,0.879112009987838));
#8493=DIRECTION('center_axis',(1.,0.,0.));
#8494=DIRECTION('ref_axis',(0.,0.,-1.));
#8495=DIRECTION('',(0.,0.476071100238756,-0.879406792967544));
#8496=DIRECTION('center_axis',(1.,0.,0.));
#8497=DIRECTION('ref_axis',(0.,0.,-1.));
#8498=DIRECTION('',(0.,1.,0.));
#8499=DIRECTION('center_axis',(1.,0.,0.));
#8500=DIRECTION('ref_axis',(0.,0.,-1.));
#8501=DIRECTION('',(0.,0.47662001866264,-0.8791094117401));
#8502=DIRECTION('',(0.,0.476615226251893,0.879112009987838));
#8503=DIRECTION('center_axis',(1.,0.,0.));
#8504=DIRECTION('ref_axis',(0.,0.,-1.));
#8505=DIRECTION('',(0.,1.,0.));
#8506=DIRECTION('',(0.,0.48608696642738,-0.873910442247618));
#8507=DIRECTION('center_axis',(0.,1.,0.));
#8508=DIRECTION('ref_axis',(0.,0.,1.));
#8509=DIRECTION('',(0.5459336310543,0.,0.837828425445131));
#8510=DIRECTION('',(0.545930815412674,0.,-0.837830260126031));
#8511=DIRECTION('',(1.,0.,0.));
#8512=DIRECTION('center_axis',(-1.,0.,0.));
#8513=DIRECTION('ref_axis',(0.,0.,1.));
#8514=DIRECTION('',(0.,0.,1.));
#8515=DIRECTION('',(0.,1.,0.));
#8516=DIRECTION('center_axis',(-1.,0.,0.));
#8517=DIRECTION('ref_axis',(0.,0.,1.));
#8518=DIRECTION('',(0.,0.,1.));
#8519=DIRECTION('',(0.,1.,0.));
#8520=DIRECTION('',(0.,0.447925067804378,0.8940711009939));
#8521=DIRECTION('center_axis',(0.,0.,-1.));
#8522=DIRECTION('ref_axis',(-1.,0.,0.));
#8523=DIRECTION('',(0.465047039168924,0.885285971514412,0.));
#8524=DIRECTION('',(0.613038156160401,-0.790053301424312,0.));
#8525=DIRECTION('center_axis',(0.,-1.,0.));
#8526=DIRECTION('ref_axis',(0.,0.,-1.));
#8527=DIRECTION('',(1.,0.,0.));
#8528=DIRECTION('',(0.362176064606397,0.,-0.932109702892435));
#8529=DIRECTION('',(0.,0.,1.));
#8530=DIRECTION('center_axis',(-1.,0.,0.));
#8531=DIRECTION('ref_axis',(0.,0.,1.));
#8532=DIRECTION('',(0.,0.33196030322775,-0.943293356851908));
#8533=DIRECTION('',(0.,1.,0.));
#8534=DIRECTION('center_axis',(-1.,0.,0.));
#8535=DIRECTION('ref_axis',(0.,0.,1.));
#8536=DIRECTION('',(0.,0.,1.));
#8537=DIRECTION('',(0.,0.332494973313875,-0.943105027407343));
#8538=DIRECTION('',(0.,1.,0.));
#8539=DIRECTION('center_axis',(0.,1.,0.));
#8540=DIRECTION('ref_axis',(0.,0.,1.));
#8541=DIRECTION('',(0.361860522313539,0.,0.932232247023762));
#8542=DIRECTION('',(1.,0.,0.));
#8543=DIRECTION('center_axis',(-1.,0.,0.));
#8544=DIRECTION('ref_axis',(0.,0.,1.));
#8545=DIRECTION('',(0.,0.,1.));
#8546=DIRECTION('',(0.,1.,0.));
#8547=DIRECTION('center_axis',(0.,1.,0.));
#8548=DIRECTION('ref_axis',(0.,0.,1.));
#8549=DIRECTION('',(0.362176064606397,0.,0.932109702892435));
#8550=DIRECTION('',(0.362176064606397,0.,-0.932109702892435));
#8551=DIRECTION('',(1.,0.,0.));
#8552=DIRECTION('center_axis',(-1.,0.,0.));
#8553=DIRECTION('ref_axis',(0.,0.,1.));
#8554=DIRECTION('',(0.,0.,1.));
#8555=DIRECTION('',(0.,1.,0.));
#8556=DIRECTION('',(0.,0.447931910927409,0.894067672591354));
#8557=DIRECTION('center_axis',(0.,1.,0.));
#8558=DIRECTION('ref_axis',(0.,0.,1.));
#8559=DIRECTION('',(0.,0.,1.));
#8560=DIRECTION('center_axis',(-1.,0.,0.));
#8561=DIRECTION('ref_axis',(0.,0.,1.));
#8562=DIRECTION('',(0.,0.332791720537235,0.943000355642492));
#8563=DIRECTION('center_axis',(-1.,0.,0.));
#8564=DIRECTION('ref_axis',(0.,0.,1.));
#8565=DIRECTION('',(0.,1.,0.));
#8566=DIRECTION('center_axis',(0.,0.,-1.));
#8567=DIRECTION('ref_axis',(-1.,0.,0.));
#8568=DIRECTION('',(0.870687065383298,0.491837406237286,0.));
#8569=DIRECTION('',(0.294552942252334,0.955635162711426,0.));
#8570=DIRECTION('center_axis',(0.,0.,-1.));
#8571=DIRECTION('ref_axis',(-1.,0.,0.));
#8572=DIRECTION('',(0.294716369847408,0.955584774545914,0.));
#8573=DIRECTION('center_axis',(0.,0.,-1.));
#8574=DIRECTION('ref_axis',(-1.,0.,0.));
#8575=DIRECTION('',(0.465228129690682,-0.885190819735784,0.));
#8576=DIRECTION('center_axis',(0.,0.,-1.));
#8577=DIRECTION('ref_axis',(-1.,0.,0.));
#8578=DIRECTION('',(0.830461029492316,0.5570767258597,0.));
#8579=DIRECTION('center_axis',(0.,0.,-1.));
#8580=DIRECTION('ref_axis',(-1.,0.,0.));
#8581=DIRECTION('',(0.,1.,0.));
#8582=DIRECTION('',(0.465228299325706,-0.885190730580992,0.));
#8583=DIRECTION('center_axis',(0.,-1.,0.));
#8584=DIRECTION('ref_axis',(0.,0.,-1.));
#8585=DIRECTION('',(0.86545861519601,0.,0.500980424151488));
#8586=DIRECTION('',(0.545930815412674,0.,-0.837830260126031));
#8587=DIRECTION('',(0.0251353365406408,0.,-0.999684057518669));
#8588=DIRECTION('center_axis',(0.,0.,1.));
#8589=DIRECTION('ref_axis',(1.,0.,0.));
#8590=DIRECTION('',(1.,0.,0.));
#8591=DIRECTION('',(0.578729095453935,-0.815519855107815,0.));
#8592=DIRECTION('',(0.994687897749124,0.102936806203749,0.));
#8593=DIRECTION('center_axis',(0.,0.,1.));
#8594=DIRECTION('ref_axis',(1.,0.,0.));
#8595=DIRECTION('',(0.401605591394373,0.91581272592205,0.));
#8596=DIRECTION('',(0.843938673972053,-0.536439665362557,0.));
#8597=DIRECTION('center_axis',(0.,0.,1.));
#8598=DIRECTION('ref_axis',(1.,0.,0.));
#8599=DIRECTION('',(0.764276498649131,0.644888698623744,0.));
#8600=DIRECTION('',(0.772163413413654,0.63542400252538,0.));
#8601=DIRECTION('center_axis',(0.,-1.,0.));
#8602=DIRECTION('ref_axis',(0.,0.,-1.));
#8603=DIRECTION('',(1.,0.,0.));
#8604=DIRECTION('',(0.999967579062816,0.,-0.0080523799742954));
#8605=DIRECTION('',(1.,0.,0.));
#8606=DIRECTION('center_axis',(0.,-1.,0.));
#8607=DIRECTION('ref_axis',(0.,0.,-1.));
#8608=DIRECTION('',(1.,0.,0.));
#8609=DIRECTION('',(1.,0.,0.));
#8610=DIRECTION('center_axis',(0.,0.,1.));
#8611=DIRECTION('ref_axis',(1.,0.,0.));
#8612=DIRECTION('',(0.526072222360205,0.850439896089662,0.));
#8613=DIRECTION('center_axis',(0.,0.,1.));
#8614=DIRECTION('ref_axis',(1.,0.,0.));
#8615=DIRECTION('',(0.769053371714377,0.639184567597458,0.));
#8616=DIRECTION('center_axis',(0.,0.,1.));
#8617=DIRECTION('ref_axis',(1.,0.,0.));
#8618=DIRECTION('',(0.779298399622431,0.626653017503242,0.));
#8619=DIRECTION('center_axis',(0.,0.,1.));
#8620=DIRECTION('ref_axis',(1.,0.,0.));
#8621=DIRECTION('',(0.646813091193251,0.762648559338462,0.));
#8622=DIRECTION('center_axis',(0.,0.,1.));
#8623=DIRECTION('ref_axis',(1.,0.,0.));
#8624=DIRECTION('center_axis',(0.,0.,1.));
#8625=DIRECTION('ref_axis',(1.,0.,0.));
#8626=DIRECTION('',(0.888620657054864,0.458642919770252,0.));
#8627=DIRECTION('center_axis',(0.,0.,1.));
#8628=DIRECTION('ref_axis',(1.,0.,0.));
#8629=DIRECTION('',(0.90325331000636,0.429107746332498,0.));
#8630=DIRECTION('center_axis',(0.,0.,1.));
#8631=DIRECTION('ref_axis',(1.,0.,0.));
#8632=DIRECTION('',(0.940129666735866,0.340816973936318,0.));
#8633=DIRECTION('center_axis',(0.,0.,1.));
#8634=DIRECTION('ref_axis',(1.,0.,0.));
#8635=DIRECTION('',(0.964172314742081,0.265276737549483,0.));
#8636=DIRECTION('center_axis',(0.,0.,1.));
#8637=DIRECTION('ref_axis',(1.,0.,0.));
#8638=DIRECTION('',(0.637197961537492,0.770700173746227,0.));
#8639=DIRECTION('center_axis',(0.,0.,1.));
#8640=DIRECTION('ref_axis',(1.,0.,0.));
#8641=DIRECTION('',(0.0576625180140794,0.998336132781077,0.));
#8642=DIRECTION('center_axis',(0.,0.,1.));
#8643=DIRECTION('ref_axis',(1.,0.,0.));
#8644=DIRECTION('',(0.53894422234688,0.842341454042787,0.));
#8645=DIRECTION('center_axis',(0.,0.,1.));
#8646=DIRECTION('ref_axis',(1.,0.,0.));
#8647=DIRECTION('center_axis',(0.,0.,1.));
#8648=DIRECTION('ref_axis',(1.,0.,0.));
#8649=DIRECTION('',(0.925920283627083,0.377718980682653,0.));
#8650=DIRECTION('center_axis',(0.,0.,1.));
#8651=DIRECTION('ref_axis',(1.,0.,0.));
#8652=DIRECTION('center_axis',(0.,0.,1.));
#8653=DIRECTION('ref_axis',(1.,0.,0.));
#8654=DIRECTION('',(0.964818393280639,0.26291722649413,0.));
#8655=DIRECTION('center_axis',(0.,0.,1.));
#8656=DIRECTION('ref_axis',(1.,0.,0.));
#8657=DIRECTION('',(1.,0.,0.));
#8658=DIRECTION('center_axis',(0.,-1.,0.));
#8659=DIRECTION('ref_axis',(0.,0.,-1.));
#8660=DIRECTION('',(0.400276353269833,0.,0.916394478929792));
#8661=DIRECTION('center_axis',(0.,-1.,0.));
#8662=DIRECTION('ref_axis',(0.,0.,-1.));
#8663=DIRECTION('',(0.865280773338091,0.,0.501287525569344));
#8664=DIRECTION('center_axis',(1.,0.,0.));
#8665=DIRECTION('ref_axis',(0.,0.,-1.));
#8666=DIRECTION('',(0.,0.486077550610474,-0.87391567945227));
#8667=DIRECTION('',(0.,0.821111570814922,0.570767718317926));
#8668=DIRECTION('center_axis',(1.,0.,0.));
#8669=DIRECTION('ref_axis',(0.,0.,-1.));
#8670=DIRECTION('',(0.,0.820835847682242,0.571164171810326));
#8671=DIRECTION('center_axis',(1.,0.,0.));
#8672=DIRECTION('ref_axis',(0.,0.,-1.));
#8673=DIRECTION('',(0.,0.487069986299808,-0.873362941992563));
#8674=DIRECTION('center_axis',(1.,0.,0.));
#8675=DIRECTION('ref_axis',(0.,0.,-1.));
#8676=DIRECTION('',(0.,0.403089043494742,0.915160763480655));
#8677=DIRECTION('center_axis',(1.,0.,0.));
#8678=DIRECTION('ref_axis',(0.,0.,-1.));
#8679=DIRECTION('',(0.,0.,1.));
#8680=DIRECTION('center_axis',(0.,-1.,0.));
#8681=DIRECTION('ref_axis',(0.,0.,-1.));
#8682=DIRECTION('',(1.,0.,0.));
#8683=DIRECTION('center_axis',(0.,-1.,0.));
#8684=DIRECTION('ref_axis',(0.,0.,-1.));
#8685=DIRECTION('',(0.0251167787627257,0.,0.999684523949723));
#8686=DIRECTION('center_axis',(0.,-1.,0.));
#8687=DIRECTION('ref_axis',(0.,0.,-1.));
#8688=DIRECTION('',(0.0258632013656814,0.,-0.999665491459577));
#8689=DIRECTION('center_axis',(0.,-1.,0.));
#8690=DIRECTION('ref_axis',(0.,0.,-1.));
#8691=DIRECTION('',(0.891872703251318,0.,-0.452286503441333));
#8692=DIRECTION('center_axis',(0.,-1.,0.));
#8693=DIRECTION('ref_axis',(0.,0.,-1.));
#8694=DIRECTION('',(0.545549249269837,0.,-0.838078765165373));
#8695=DIRECTION('center_axis',(-1.,0.,0.));
#8696=DIRECTION('ref_axis',(0.,0.,1.));
#8697=DIRECTION('',(0.,0.,1.));
#8698=DIRECTION('center_axis',(0.,-1.,0.));
#8699=DIRECTION('ref_axis',(0.,0.,-1.));
#8700=DIRECTION('',(1.,0.,0.));
#8701=DIRECTION('center_axis',(0.,-1.,0.));
#8702=DIRECTION('ref_axis',(0.,0.,-1.));
#8703=DIRECTION('',(0.5459336310543,0.,0.837828425445131));
#8704=DIRECTION('center_axis',(0.,-1.,0.));
#8705=DIRECTION('ref_axis',(0.,0.,-1.));
#8706=DIRECTION('',(1.,0.,0.));
#8707=DIRECTION('center_axis',(0.,0.,-1.));
#8708=DIRECTION('ref_axis',(-1.,0.,0.));
#8709=DIRECTION('',(0.613228433425794,0.789905619956047,0.));
#8710=DIRECTION('center_axis',(0.,0.,-1.));
#8711=DIRECTION('ref_axis',(-1.,0.,0.));
#8712=DIRECTION('',(0.,1.,0.));
#8713=DIRECTION('center_axis',(-1.,0.,0.));
#8714=DIRECTION('ref_axis',(0.,0.,1.));
#8715=DIRECTION('',(0.,0.447212953186288,-0.894427512156462));
#8716=DIRECTION('center_axis',(-1.,0.,0.));
#8717=DIRECTION('ref_axis',(0.,0.,1.));
#8718=DIRECTION('',(0.,0.,1.));
#8719=DIRECTION('center_axis',(0.,1.,0.));
#8720=DIRECTION('ref_axis',(0.,0.,1.));
#8721=DIRECTION('',(1.,0.,0.));
#8722=DIRECTION('center_axis',(0.,1.,0.));
#8723=DIRECTION('ref_axis',(0.,0.,1.));
#8724=DIRECTION('',(0.361860522313539,0.,-0.932232247023762));
#8725=DIRECTION('center_axis',(0.,1.,0.));
#8726=DIRECTION('ref_axis',(0.,0.,1.));
#8727=DIRECTION('',(1.,0.,0.));
#8728=DIRECTION('center_axis',(0.,0.,-1.));
#8729=DIRECTION('ref_axis',(-1.,0.,0.));
#8730=DIRECTION('',(0.,1.,0.));
#8731=DIRECTION('center_axis',(-1.,0.,0.));
#8732=DIRECTION('ref_axis',(0.,0.,1.));
#8733=DIRECTION('',(0.,0.331664113643955,0.943397538538642));
#8734=DIRECTION('center_axis',(-1.,0.,0.));
#8735=DIRECTION('ref_axis',(0.,0.,1.));
#8736=DIRECTION('',(0.,0.,1.));
#8737=DIRECTION('center_axis',(0.,-1.,0.));
#8738=DIRECTION('ref_axis',(0.,0.,-1.));
#8739=DIRECTION('',(0.361860522313539,0.,0.932232247023762));
#8740=DIRECTION('center_axis',(0.,-1.,0.));
#8741=DIRECTION('ref_axis',(0.,0.,-1.));
#8742=DIRECTION('',(0.361860522313539,0.,-0.932232247023762));
#8743=DIRECTION('center_axis',(-1.,0.,0.));
#8744=DIRECTION('ref_axis',(0.,0.,1.));
#8745=DIRECTION('',(0.,0.,1.));
#8746=DIRECTION('center_axis',(0.,-1.,0.));
#8747=DIRECTION('ref_axis',(0.,0.,-1.));
#8748=DIRECTION('',(1.,0.,0.));
#8749=DIRECTION('center_axis',(0.,-1.,0.));
#8750=DIRECTION('ref_axis',(0.,0.,-1.));
#8751=DIRECTION('',(0.362176064606397,0.,0.932109702892435));
#8752=DIRECTION('center_axis',(0.,-1.,0.));
#8753=DIRECTION('ref_axis',(0.,0.,-1.));
#8754=DIRECTION('',(1.,0.,0.));
#8755=DIRECTION('center_axis',(0.,0.,-1.));
#8756=DIRECTION('ref_axis',(-1.,0.,0.));
#8757=DIRECTION('',(0.,1.,0.));
#8758=DIRECTION('center_axis',(-1.,0.,0.));
#8759=DIRECTION('ref_axis',(0.,0.,1.));
#8760=DIRECTION('',(0.,0.447575964144316,-0.894245914902766));
#8761=DIRECTION('center_axis',(-1.,0.,0.));
#8762=DIRECTION('ref_axis',(0.,0.,1.));
#8763=DIRECTION('',(0.,0.,1.));
#8764=DIRECTION('center_axis',(0.,1.,0.));
#8765=DIRECTION('ref_axis',(0.,0.,1.));
#8766=DIRECTION('',(1.,0.,0.));
#8767=DIRECTION('center_axis',(0.,1.,0.));
#8768=DIRECTION('ref_axis',(0.,0.,1.));
#8769=DIRECTION('',(0.545549249269837,0.,-0.838078765165373));
#8770=DIRECTION('center_axis',(0.,1.,0.));
#8771=DIRECTION('ref_axis',(0.,0.,1.));
#8772=DIRECTION('',(0.876755511727771,0.,0.480936349899832));
#8773=DIRECTION('center_axis',(0.,1.,0.));
#8774=DIRECTION('ref_axis',(0.,0.,1.));
#8775=DIRECTION('',(0.,0.,1.));
#8776=DIRECTION('center_axis',(1.,0.,0.));
#8777=DIRECTION('ref_axis',(0.,0.,-1.));
#8778=DIRECTION('',(0.,0.476615226251893,-0.879112009987838));
#8779=DIRECTION('center_axis',(1.,0.,0.));
#8780=DIRECTION('ref_axis',(0.,0.,-1.));
#8781=DIRECTION('',(0.,1.,0.));
#8782=DIRECTION('center_axis',(1.,0.,0.));
#8783=DIRECTION('ref_axis',(0.,0.,-1.));
#8784=DIRECTION('',(0.,0.466979426669962,-0.88426818051256));
#8785=DIRECTION('center_axis',(1.,0.,0.));
#8786=DIRECTION('ref_axis',(0.,0.,-1.));
#8787=DIRECTION('',(0.,1.,0.));
#8788=DIRECTION('center_axis',(1.,0.,0.));
#8789=DIRECTION('ref_axis',(0.,0.,-1.));
#8790=DIRECTION('',(0.,0.455602715562342,-0.890183220226162));
#8791=DIRECTION('center_axis',(1.,0.,0.));
#8792=DIRECTION('ref_axis',(0.,0.,-1.));
#8793=DIRECTION('',(0.,0.465932835550989,-0.884820090614705));
#8794=DIRECTION('center_axis',(1.,0.,0.));
#8795=DIRECTION('ref_axis',(0.,0.,-1.));
#8796=DIRECTION('',(0.,1.,0.));
#8797=DIRECTION('center_axis',(1.,0.,0.));
#8798=DIRECTION('ref_axis',(0.,0.,-1.));
#8799=DIRECTION('',(0.,0.446159042750663,-0.894953690741488));
#8800=DIRECTION('center_axis',(1.,0.,0.));
#8801=DIRECTION('ref_axis',(0.,0.,-1.));
#8802=DIRECTION('',(0.,0.486082258540087,-0.873913060854778));
#8803=DIRECTION('center_axis',(1.,0.,0.));
#8804=DIRECTION('ref_axis',(0.,0.,-1.));
#8805=DIRECTION('',(0.,0.402842292328479,0.915269407066322));
#8806=DIRECTION('center_axis',(1.,0.,0.));
#8807=DIRECTION('ref_axis',(0.,0.,-1.));
#8808=DIRECTION('',(0.,1.,0.));
#8809=DIRECTION('center_axis',(0.,0.,1.));
#8810=DIRECTION('ref_axis',(1.,0.,0.));
#8811=DIRECTION('',(0.00523756823739699,0.999986283845413,0.));
#8812=DIRECTION('center_axis',(0.,0.,1.));
#8813=DIRECTION('ref_axis',(1.,0.,0.));
#8814=DIRECTION('',(0.0223763868436516,0.999749617310166,0.));
#8815=DIRECTION('center_axis',(0.,0.,1.));
#8816=DIRECTION('ref_axis',(1.,0.,0.));
#8817=DIRECTION('',(0.0533895287338839,0.998573762033418,0.));
#8818=DIRECTION('center_axis',(0.,0.,1.));
#8819=DIRECTION('ref_axis',(1.,0.,0.));
#8820=DIRECTION('',(0.0579367341162838,0.99832025665111,0.));
#8821=DIRECTION('center_axis',(0.,0.,1.));
#8822=DIRECTION('ref_axis',(1.,0.,0.));
#8823=DIRECTION('',(0.664193607686688,0.747560600559006,0.));
#8824=DIRECTION('center_axis',(0.,0.,1.));
#8825=DIRECTION('ref_axis',(1.,0.,0.));
#8826=DIRECTION('',(0.78868545533092,0.614796919762501,0.));
#8827=DIRECTION('center_axis',(0.,0.,1.));
#8828=DIRECTION('ref_axis',(1.,0.,0.));
#8829=DIRECTION('center_axis',(0.,0.,1.));
#8830=DIRECTION('ref_axis',(1.,0.,0.));
#8831=DIRECTION('',(0.887732340576107,0.460359958614199,0.));
#8832=DIRECTION('center_axis',(0.,0.,1.));
#8833=DIRECTION('ref_axis',(1.,0.,0.));
#8834=DIRECTION('',(0.985295238986655,-0.17086044606705,0.));
#8835=DIRECTION('center_axis',(0.,0.,1.));
#8836=DIRECTION('ref_axis',(1.,0.,0.));
#8837=DIRECTION('',(0.561637506864735,-0.827383412259857,0.));
#8838=DIRECTION('center_axis',(0.,0.,1.));
#8839=DIRECTION('ref_axis',(1.,0.,0.));
#8840=DIRECTION('',(0.00396053983518323,0.999992157031351,0.));
#8841=DIRECTION('center_axis',(0.,0.,1.));
#8842=DIRECTION('ref_axis',(1.,0.,0.));
#8843=DIRECTION('',(0.00611370063920852,0.999981311157611,0.));
#8844=DIRECTION('center_axis',(0.,0.,1.));
#8845=DIRECTION('ref_axis',(1.,0.,0.));
#8846=DIRECTION('center_axis',(0.,-1.,0.));
#8847=DIRECTION('ref_axis',(0.,0.,-1.));
#8848=DIRECTION('',(1.,0.,0.));
#8849=DIRECTION('',(0.99865215651695,0.,0.0519025074928555));
#8850=DIRECTION('center_axis',(0.,-1.,0.));
#8851=DIRECTION('ref_axis',(0.,0.,-1.));
#8852=DIRECTION('',(1.,0.,0.));
#8853=DIRECTION('',(1.,0.,0.));
#8854=DIRECTION('center_axis',(0.,0.,1.));
#8855=DIRECTION('ref_axis',(1.,0.,0.));
#8856=DIRECTION('',(0.658343804875714,0.752717366998907,0.));
#8857=DIRECTION('center_axis',(0.,0.,1.));
#8858=DIRECTION('ref_axis',(1.,0.,0.));
#8859=DIRECTION('',(0.63207527023135,0.774906996201457,0.));
#8860=DIRECTION('center_axis',(0.,0.,1.));
#8861=DIRECTION('ref_axis',(1.,0.,0.));
#8862=DIRECTION('',(1.,0.,0.));
#8863=DIRECTION('center_axis',(0.,-1.,0.));
#8864=DIRECTION('ref_axis',(0.,0.,-1.));
#8865=DIRECTION('',(1.,0.,0.));
#8866=DIRECTION('',(0.575871395068772,0.,0.817540296463451));
#8867=DIRECTION('center_axis',(0.,-1.,0.));
#8868=DIRECTION('ref_axis',(0.,0.,-1.));
#8869=DIRECTION('',(1.,0.,0.));
#8870=DIRECTION('',(0.999976303736327,0.,-0.00688418229228386));
#8871=DIRECTION('center_axis',(0.,-1.,0.));
#8872=DIRECTION('ref_axis',(0.,0.,-1.));
#8873=DIRECTION('',(1.,0.,0.));
#8874=DIRECTION('',(0.999976138672449,0.,-0.00690811738026389));
#8875=DIRECTION('center_axis',(0.,-1.,0.));
#8876=DIRECTION('ref_axis',(0.,0.,-1.));
#8877=DIRECTION('',(1.,0.,0.));
#8878=DIRECTION('',(0.999975477029304,0.,-0.0070032378237961));
#8879=DIRECTION('center_axis',(0.,-1.,0.));
#8880=DIRECTION('ref_axis',(0.,0.,-1.));
#8881=DIRECTION('',(1.,0.,0.));
#8882=DIRECTION('',(0.99997534360042,0.,-0.00702226396695301));
#8883=DIRECTION('center_axis',(0.,-1.,0.));
#8884=DIRECTION('ref_axis',(0.,0.,-1.));
#8885=DIRECTION('',(1.,0.,0.));
#8886=DIRECTION('',(0.999975084213426,0.,-0.00705910421741289));
#8887=DIRECTION('center_axis',(0.,-1.,0.));
#8888=DIRECTION('ref_axis',(0.,0.,-1.));
#8889=DIRECTION('',(1.,0.,0.));
#8890=DIRECTION('',(0.999971122568568,0.,-0.00759960715815187));
#8891=DIRECTION('center_axis',(0.,-1.,0.));
#8892=DIRECTION('ref_axis',(0.,0.,-1.));
#8893=DIRECTION('',(1.,0.,0.));
#8894=DIRECTION('',(0.999968337878861,0.,-0.00795759007415063));
#8895=DIRECTION('center_axis',(0.,-1.,0.));
#8896=DIRECTION('ref_axis',(0.,0.,-1.));
#8897=DIRECTION('',(1.,0.,0.));
#8898=DIRECTION('',(0.999968207111433,0.,-0.00797400566506362));
#8899=DIRECTION('center_axis',(0.,-1.,0.));
#8900=DIRECTION('ref_axis',(0.,0.,-1.));
#8901=DIRECTION('',(1.,0.,0.));
#8902=DIRECTION('',(0.999964111133333,0.,-0.00847209804727517));
#8903=DIRECTION('center_axis',(0.,-1.,0.));
#8904=DIRECTION('ref_axis',(0.,0.,-1.));
#8905=DIRECTION('',(1.,0.,0.));
#8906=DIRECTION('',(0.999958903501173,0.,-0.0090659422417486));
#8907=DIRECTION('center_axis',(0.,-1.,0.));
#8908=DIRECTION('ref_axis',(0.,0.,-1.));
#8909=DIRECTION('',(1.,0.,0.));
#8910=DIRECTION('',(0.999944366832514,0.,-0.0105481391686953));
#8911=DIRECTION('center_axis',(0.,-1.,0.));
#8912=DIRECTION('ref_axis',(0.,0.,-1.));
#8913=DIRECTION('',(1.,0.,0.));
#8914=DIRECTION('',(0.227858483262186,0.,-0.973694259819506));
#8915=DIRECTION('',(1.,0.,0.));
#8916=DIRECTION('center_axis',(0.,0.,1.));
#8917=DIRECTION('ref_axis',(1.,0.,0.));
#8918=DIRECTION('',(0.986032623742948,0.166552288830261,0.));
#8919=DIRECTION('center_axis',(0.,0.,1.));
#8920=DIRECTION('ref_axis',(1.,0.,0.));
#8921=DIRECTION('',(1.,0.,0.));
#8922=DIRECTION('center_axis',(0.,-1.,0.));
#8923=DIRECTION('ref_axis',(0.,0.,-1.));
#8924=DIRECTION('',(1.,0.,0.));
#8925=DIRECTION('',(0.991687407076188,0.,0.128670457551482));
#8926=DIRECTION('center_axis',(0.,-1.,0.));
#8927=DIRECTION('ref_axis',(0.,0.,-1.));
#8928=DIRECTION('',(1.,0.,0.));
#8929=DIRECTION('',(0.261087718203808,0.,-0.96531507985897));
#8930=DIRECTION('center_axis',(0.,-1.,0.));
#8931=DIRECTION('ref_axis',(0.,0.,-1.));
#8932=DIRECTION('',(1.,0.,0.));
#8933=DIRECTION('',(0.0246874609225378,0.,-0.999695218190623));
#8934=DIRECTION('center_axis',(0.,-1.,0.));
#8935=DIRECTION('ref_axis',(0.,0.,-1.));
#8936=DIRECTION('',(1.,0.,0.));
#8937=DIRECTION('',(0.999414574922636,0.,0.0342126794070221));
#8938=DIRECTION('center_axis',(0.,-1.,0.));
#8939=DIRECTION('ref_axis',(0.,0.,-1.));
#8940=DIRECTION('',(1.,0.,0.));
#8941=DIRECTION('',(0.204879181713579,0.,-0.978787270503849));
#8942=DIRECTION('center_axis',(0.,-1.,0.));
#8943=DIRECTION('ref_axis',(0.,0.,-1.));
#8944=DIRECTION('',(1.,0.,0.));
#8945=DIRECTION('',(1.,0.,0.));
#8946=DIRECTION('center_axis',(0.,0.,1.));
#8947=DIRECTION('ref_axis',(1.,0.,0.));
#8948=DIRECTION('',(0.972586653911698,0.232540750477947,0.));
#8949=DIRECTION('center_axis',(0.,0.,1.));
#8950=DIRECTION('ref_axis',(1.,0.,0.));
#8951=DIRECTION('',(1.,0.,0.));
#8952=DIRECTION('center_axis',(0.,-1.,0.));
#8953=DIRECTION('ref_axis',(0.,0.,-1.));
#8954=DIRECTION('',(1.,0.,0.));
#8955=DIRECTION('',(0.0117587048542136,0.,0.999930864040185));
#8956=DIRECTION('center_axis',(0.,-1.,0.));
#8957=DIRECTION('ref_axis',(0.,0.,-1.));
#8958=DIRECTION('',(1.,0.,0.));
#8959=DIRECTION('center_axis',(-1.,0.,0.));
#8960=DIRECTION('ref_axis',(0.,0.,1.));
#8961=DIRECTION('',(0.,-1.,0.));
#8962=DIRECTION('',(0.,0.881244236693109,0.472661184460052));
#8963=DIRECTION('center_axis',(-1.,0.,0.));
#8964=DIRECTION('ref_axis',(0.,0.,1.));
#8965=DIRECTION('',(0.,0.,1.));
#8966=DIRECTION('center_axis',(0.,1.,0.));
#8967=DIRECTION('ref_axis',(0.,0.,1.));
#8968=DIRECTION('',(0.0108756859696976,0.,0.999940857978455));
#8969=DIRECTION('center_axis',(0.,1.,0.));
#8970=DIRECTION('ref_axis',(0.,0.,1.));
#8971=DIRECTION('',(0.0097280618140722,0.,0.999952681287141));
#8972=DIRECTION('center_axis',(0.,1.,0.));
#8973=DIRECTION('ref_axis',(0.,0.,1.));
#8974=DIRECTION('',(-1.,0.,0.));
#8975=DIRECTION('',(0.,0.,1.));
#8976=DIRECTION('center_axis',(-1.,0.,0.));
#8977=DIRECTION('ref_axis',(0.,0.,1.));
#8978=DIRECTION('',(0.,-1.,0.));
#8979=DIRECTION('',(0.,1.,0.));
#8980=DIRECTION('center_axis',(0.,0.,-1.));
#8981=DIRECTION('ref_axis',(-1.,0.,0.));
#8982=DIRECTION('',(0.00498489424703579,0.999987575337487,0.));
#8983=DIRECTION('center_axis',(0.,0.,-1.));
#8984=DIRECTION('ref_axis',(-1.,0.,0.));
#8985=DIRECTION('',(0.00568842105153153,0.999983820802087,0.));
#8986=DIRECTION('center_axis',(0.,0.,-1.));
#8987=DIRECTION('ref_axis',(-1.,0.,0.));
#8988=DIRECTION('',(0.,1.,0.));
#8989=DIRECTION('center_axis',(-1.,0.,0.));
#8990=DIRECTION('ref_axis',(0.,0.,1.));
#8991=DIRECTION('',(0.,0.970037580263805,0.242954919431448));
#8992=DIRECTION('center_axis',(-1.,0.,0.));
#8993=DIRECTION('ref_axis',(0.,0.,1.));
#8994=DIRECTION('',(0.,0.98391750557893,0.178623464906873));
#8995=DIRECTION('center_axis',(-1.,0.,0.));
#8996=DIRECTION('ref_axis',(0.,0.,1.));
#8997=DIRECTION('',(0.,1.,0.));
#8998=DIRECTION('center_axis',(0.,0.,-1.));
#8999=DIRECTION('ref_axis',(-1.,0.,0.));
#9000=DIRECTION('',(0.505357239137799,-0.862910227573542,0.));
#9001=DIRECTION('center_axis',(0.,0.,-1.));
#9002=DIRECTION('ref_axis',(-1.,0.,0.));
#9003=DIRECTION('',(1.,0.,0.));
#9004=DIRECTION('center_axis',(0.,1.,0.));
#9005=DIRECTION('ref_axis',(0.,0.,1.));
#9006=DIRECTION('',(0.,0.,1.));
#9007=DIRECTION('center_axis',(-1.,0.,0.));
#9008=DIRECTION('ref_axis',(0.,0.,1.));
#9009=DIRECTION('',(0.,0.169261728463096,0.985571137603819));
#9010=DIRECTION('center_axis',(-1.,0.,0.));
#9011=DIRECTION('ref_axis',(0.,0.,1.));
#9012=DIRECTION('',(0.,0.,1.));
#9013=DIRECTION('center_axis',(0.,1.,0.));
#9014=DIRECTION('ref_axis',(0.,0.,1.));
#9015=DIRECTION('',(0.353547164323626,0.,0.93541669997853));
#9016=DIRECTION('center_axis',(0.,1.,0.));
#9017=DIRECTION('ref_axis',(0.,0.,1.));
#9018=DIRECTION('',(1.,0.,0.));
#9019=DIRECTION('center_axis',(0.,1.,0.));
#9020=DIRECTION('ref_axis',(0.,0.,1.));
#9021=DIRECTION('',(0.353318586982863,0.,-0.935503060439908));
#9022=DIRECTION('center_axis',(0.,1.,0.));
#9023=DIRECTION('ref_axis',(0.,0.,1.));
#9024=DIRECTION('',(1.,0.,0.));
#9025=DIRECTION('center_axis',(0.,1.,0.));
#9026=DIRECTION('ref_axis',(0.,0.,1.));
#9027=DIRECTION('',(-1.,0.,0.));
#9028=DIRECTION('',(1.,0.,0.));
#9029=DIRECTION('center_axis',(0.,0.,1.));
#9030=DIRECTION('ref_axis',(1.,0.,0.));
#9031=DIRECTION('',(0.570637228980281,0.821202260653066,0.));
#9032=DIRECTION('center_axis',(0.,0.,1.));
#9033=DIRECTION('ref_axis',(1.,0.,0.));
#9034=DIRECTION('',(0.993480945888805,-0.113998290144573,0.));
#9035=DIRECTION('center_axis',(0.,0.,1.));
#9036=DIRECTION('ref_axis',(1.,0.,0.));
#9037=DIRECTION('',(0.989526601360025,-0.144350632838507,0.));
#9038=DIRECTION('center_axis',(0.,0.,1.));
#9039=DIRECTION('ref_axis',(1.,0.,0.));
#9040=DIRECTION('',(0.989342603526983,-0.145606362657856,0.));
#9041=DIRECTION('center_axis',(0.,0.,1.));
#9042=DIRECTION('ref_axis',(1.,0.,0.));
#9043=DIRECTION('',(1.,0.,0.));
#9044=DIRECTION('center_axis',(0.,1.,0.));
#9045=DIRECTION('ref_axis',(0.,0.,1.));
#9046=DIRECTION('',(-1.,0.,0.));
#9047=DIRECTION('',(0.999985124092144,0.,-0.00545450221550764));
#9048=DIRECTION('center_axis',(0.,1.,0.));
#9049=DIRECTION('ref_axis',(0.,0.,1.));
#9050=DIRECTION('',(-1.,0.,0.));
#9051=DIRECTION('center_axis',(0.,1.,0.));
#9052=DIRECTION('ref_axis',(0.,0.,1.));
#9053=DIRECTION('',(-1.,0.,0.));
#9054=DIRECTION('',(0.556783575125563,0.,-0.83065760122351));
#9055=DIRECTION('center_axis',(0.,0.,1.));
#9056=DIRECTION('ref_axis',(1.,0.,0.));
#9057=DIRECTION('',(1.,0.,0.));
#9058=DIRECTION('center_axis',(0.,1.,0.));
#9059=DIRECTION('ref_axis',(0.,0.,1.));
#9060=DIRECTION('',(-1.,0.,0.));
#9061=DIRECTION('',(0.121394503940069,0.,0.992604339308037));
#9062=DIRECTION('center_axis',(0.,1.,0.));
#9063=DIRECTION('ref_axis',(0.,0.,1.));
#9064=DIRECTION('',(-1.,0.,0.));
#9065=DIRECTION('',(0.99993794902011,0.,-0.0111399330992385));
#9066=DIRECTION('center_axis',(0.,1.,0.));
#9067=DIRECTION('ref_axis',(0.,0.,1.));
#9068=DIRECTION('',(-1.,0.,0.));
#9069=DIRECTION('',(0.999884830705283,0.,-0.0151764727610575));
#9070=DIRECTION('center_axis',(0.,1.,0.));
#9071=DIRECTION('ref_axis',(0.,0.,1.));
#9072=DIRECTION('',(-1.,0.,0.));
#9073=DIRECTION('',(1.,0.,0.));
#9074=DIRECTION('center_axis',(0.,0.,1.));
#9075=DIRECTION('ref_axis',(1.,0.,0.));
#9076=DIRECTION('',(0.581958039108839,0.813218814782709,0.));
#9077=DIRECTION('center_axis',(0.,0.,1.));
#9078=DIRECTION('ref_axis',(1.,0.,0.));
#9079=DIRECTION('',(1.,0.,0.));
#9080=DIRECTION('center_axis',(0.,1.,0.));
#9081=DIRECTION('ref_axis',(0.,0.,1.));
#9082=DIRECTION('',(0.361746553610912,0.,0.932276477741784));
#9083=DIRECTION('center_axis',(0.,1.,0.));
#9084=DIRECTION('ref_axis',(0.,0.,1.));
#9085=DIRECTION('',(0.769363574685945,0.,0.638811153586461));
#9086=DIRECTION('center_axis',(0.,1.,0.));
#9087=DIRECTION('ref_axis',(0.,0.,1.));
#9088=DIRECTION('',(0.545552064592211,0.,0.838076932518236));
#9089=DIRECTION('center_axis',(0.,1.,0.));
#9090=DIRECTION('ref_axis',(0.,0.,1.));
#9091=DIRECTION('',(1.,0.,0.));
#9092=DIRECTION('center_axis',(0.,1.,0.));
#9093=DIRECTION('ref_axis',(0.,0.,1.));
#9094=DIRECTION('',(0.,0.,1.));
#9095=DIRECTION('center_axis',(1.,0.,0.));
#9096=DIRECTION('ref_axis',(0.,0.,-1.));
#9097=DIRECTION('',(0.,0.447575964144316,-0.894245914902766));
#9098=DIRECTION('center_axis',(1.,0.,0.));
#9099=DIRECTION('ref_axis',(0.,0.,-1.));
#9100=DIRECTION('',(0.,0.447925067804378,0.8940711009939));
#9101=DIRECTION('center_axis',(1.,0.,0.));
#9102=DIRECTION('ref_axis',(0.,0.,-1.));
#9103=DIRECTION('',(0.,1.,0.));
#9104=DIRECTION('center_axis',(1.,0.,0.));
#9105=DIRECTION('ref_axis',(0.,0.,-1.));
#9106=DIRECTION('',(0.,0.,1.));
#9107=DIRECTION('center_axis',(0.,-1.,0.));
#9108=DIRECTION('ref_axis',(0.,0.,-1.));
#9109=DIRECTION('',(0.362176064606397,0.,-0.932109702892435));
#9110=DIRECTION('center_axis',(0.,-1.,0.));
#9111=DIRECTION('ref_axis',(0.,0.,-1.));
#9112=DIRECTION('',(0.362989849897409,0.,0.931793093380422));
#9113=DIRECTION('center_axis',(0.,-1.,0.));
#9114=DIRECTION('ref_axis',(0.,0.,-1.));
#9115=DIRECTION('',(0.,0.,1.));
#9116=DIRECTION('center_axis',(1.,0.,0.));
#9117=DIRECTION('ref_axis',(0.,0.,-1.));
#9118=DIRECTION('',(0.,0.33196030322775,-0.943293356851908));
#9119=DIRECTION('center_axis',(1.,0.,0.));
#9120=DIRECTION('ref_axis',(0.,0.,-1.));
#9121=DIRECTION('',(0.,0.332791720537235,0.943000355642492));
#9122=DIRECTION('center_axis',(1.,0.,0.));
#9123=DIRECTION('ref_axis',(0.,0.,-1.));
#9124=DIRECTION('',(0.,0.,1.));
#9125=DIRECTION('center_axis',(0.,1.,0.));
#9126=DIRECTION('ref_axis',(0.,0.,1.));
#9127=DIRECTION('',(1.,0.,0.));
#9128=DIRECTION('center_axis',(0.,1.,0.));
#9129=DIRECTION('ref_axis',(0.,0.,1.));
#9130=DIRECTION('',(0.362673813127302,0.,-0.931916147124677));
#9131=DIRECTION('center_axis',(0.,1.,0.));
#9132=DIRECTION('ref_axis',(0.,0.,1.));
#9133=DIRECTION('',(0.361860522313539,0.,0.932232247023762));
#9134=DIRECTION('center_axis',(0.,1.,0.));
#9135=DIRECTION('ref_axis',(0.,0.,1.));
#9136=DIRECTION('',(1.,0.,0.));
#9137=DIRECTION('center_axis',(0.,1.,0.));
#9138=DIRECTION('ref_axis',(0.,0.,1.));
#9139=DIRECTION('',(0.,0.,1.));
#9140=DIRECTION('center_axis',(1.,0.,0.));
#9141=DIRECTION('ref_axis',(0.,0.,-1.));
#9142=DIRECTION('',(0.,0.447212953186288,-0.894427512156462));
#9143=DIRECTION('center_axis',(1.,0.,0.));
#9144=DIRECTION('ref_axis',(0.,0.,-1.));
#9145=DIRECTION('',(0.,0.447931910927409,0.894067672591354));
#9146=DIRECTION('center_axis',(1.,0.,0.));
#9147=DIRECTION('ref_axis',(0.,0.,-1.));
#9148=DIRECTION('',(0.,1.,0.));
#9149=DIRECTION('center_axis',(1.,0.,0.));
#9150=DIRECTION('ref_axis',(0.,0.,-1.));
#9151=DIRECTION('',(0.,0.,1.));
#9152=DIRECTION('center_axis',(0.,-1.,0.));
#9153=DIRECTION('ref_axis',(0.,0.,-1.));
#9154=DIRECTION('',(0.545936446677429,0.,-0.837826590762804));
#9155=DIRECTION('center_axis',(0.,-1.,0.));
#9156=DIRECTION('ref_axis',(0.,0.,-1.));
#9157=DIRECTION('',(0.5459336310543,0.,0.837828425445131));
#9158=DIRECTION('center_axis',(0.,-1.,0.));
#9159=DIRECTION('ref_axis',(0.,0.,-1.));
#9160=DIRECTION('',(1.,0.,0.));
#9161=DIRECTION('center_axis',(0.,0.,-1.));
#9162=DIRECTION('ref_axis',(-1.,0.,0.));
#9163=DIRECTION('',(0.464537875507121,0.885553252051694,0.));
#9164=DIRECTION('center_axis',(0.,0.,-1.));
#9165=DIRECTION('ref_axis',(-1.,0.,0.));
#9166=DIRECTION('',(0.294562733888609,0.955632144605898,0.));
#9167=DIRECTION('center_axis',(0.,0.,-1.));
#9168=DIRECTION('ref_axis',(-1.,0.,0.));
#9169=DIRECTION('',(0.465241738156596,-0.885183667425597,0.));
#9170=DIRECTION('center_axis',(0.,0.,-1.));
#9171=DIRECTION('ref_axis',(-1.,0.,0.));
#9172=DIRECTION('',(0.83069736914782,0.556724241335772,0.));
#9173=DIRECTION('center_axis',(0.,0.,-1.));
#9174=DIRECTION('ref_axis',(-1.,0.,0.));
#9175=DIRECTION('',(0.,1.,0.));
#9176=DIRECTION('center_axis',(-1.,0.,0.));
#9177=DIRECTION('ref_axis',(0.,0.,1.));
#9178=DIRECTION('',(0.,0.823566144617655,0.567220244208201));
#9179=DIRECTION('center_axis',(-1.,0.,0.));
#9180=DIRECTION('ref_axis',(0.,0.,1.));
#9181=DIRECTION('',(0.,0.47662001866264,-0.8791094117401));
#9182=DIRECTION('center_axis',(-1.,0.,0.));
#9183=DIRECTION('ref_axis',(0.,0.,1.));
#9184=DIRECTION('',(0.,1.,0.));
#9185=DIRECTION('center_axis',(-1.,0.,0.));
#9186=DIRECTION('ref_axis',(0.,0.,1.));
#9187=DIRECTION('',(0.,0.476075890389156,0.879404199779699));
#9188=DIRECTION('center_axis',(-1.,0.,0.));
#9189=DIRECTION('ref_axis',(0.,0.,1.));
#9190=DIRECTION('',(0.,1.,0.));
#9191=DIRECTION('center_axis',(-1.,0.,0.));
#9192=DIRECTION('ref_axis',(0.,0.,1.));
#9193=DIRECTION('',(0.,0.850572658054372,0.525857540946519));
#9194=DIRECTION('center_axis',(-1.,0.,0.));
#9195=DIRECTION('ref_axis',(0.,0.,1.));
#9196=DIRECTION('',(0.,0.484901840538883,-0.874568582240412));
#9197=DIRECTION('center_axis',(-1.,0.,0.));
#9198=DIRECTION('ref_axis',(0.,0.,1.));
#9199=DIRECTION('',(0.,0.798914286135678,0.601444896402256));
#9200=DIRECTION('center_axis',(-1.,0.,0.));
#9201=DIRECTION('ref_axis',(0.,0.,1.));
#9202=DIRECTION('',(0.,0.651895274822979,0.758309007373295));
#9203=DIRECTION('center_axis',(-1.,0.,0.));
#9204=DIRECTION('ref_axis',(0.,0.,1.));
#9205=DIRECTION('',(0.,0.413987885828852,0.910282390462958));
#9206=DIRECTION('center_axis',(-1.,0.,0.));
#9207=DIRECTION('ref_axis',(0.,0.,1.));
#9208=DIRECTION('',(0.,0.392205489058424,0.919877630096766));
#9209=DIRECTION('center_axis',(-1.,0.,0.));
#9210=DIRECTION('ref_axis',(0.,0.,1.));
#9211=DIRECTION('',(0.,1.,0.));
#9212=DIRECTION('center_axis',(0.,0.,-1.));
#9213=DIRECTION('ref_axis',(-1.,0.,0.));
#9214=DIRECTION('',(0.00745453810969989,0.99997221454477,0.));
#9215=DIRECTION('center_axis',(0.,0.,-1.));
#9216=DIRECTION('ref_axis',(-1.,0.,0.));
#9217=DIRECTION('',(0.,1.,0.));
#9218=DIRECTION('center_axis',(-1.,0.,0.));
#9219=DIRECTION('ref_axis',(0.,0.,1.));
#9220=DIRECTION('',(0.,0.402916275894002,-0.915236840724688));
#9221=DIRECTION('center_axis',(-1.,0.,0.));
#9222=DIRECTION('ref_axis',(0.,0.,1.));
#9223=DIRECTION('',(0.,0.359671375484625,0.933079043627601));
#9224=DIRECTION('center_axis',(-1.,0.,0.));
#9225=DIRECTION('ref_axis',(0.,0.,1.));
#9226=DIRECTION('',(0.,0.121799047903597,0.992554780316823));
#9227=DIRECTION('center_axis',(-1.,0.,0.));
#9228=DIRECTION('ref_axis',(0.,0.,1.));
#9229=DIRECTION('',(0.,0.,1.));
#9230=DIRECTION('center_axis',(0.,-1.,0.));
#9231=DIRECTION('ref_axis',(0.,0.,-1.));
#9232=DIRECTION('',(0.213790240265499,0.,0.976879589902062));
#9233=DIRECTION('center_axis',(0.,-1.,0.));
#9234=DIRECTION('ref_axis',(0.,0.,-1.));
#9235=DIRECTION('',(0.0142468433523356,0.,0.999898508576993));
#9236=DIRECTION('center_axis',(0.,-1.,0.));
#9237=DIRECTION('ref_axis',(0.,0.,-1.));
#9238=DIRECTION('',(0.,0.,1.));
#9239=DIRECTION('center_axis',(-1.,0.,0.));
#9240=DIRECTION('ref_axis',(0.,0.,1.));
#9241=DIRECTION('',(0.,0.403956332851411,-0.914778268844008));
#9242=DIRECTION('center_axis',(-1.,0.,0.));
#9243=DIRECTION('ref_axis',(0.,0.,1.));
#9244=DIRECTION('',(0.,0.,1.));
#9245=DIRECTION('center_axis',(0.,-1.,0.));
#9246=DIRECTION('ref_axis',(0.,0.,-1.));
#9247=DIRECTION('',(0.33496846072755,0.,-0.942229340616082));
#9248=DIRECTION('center_axis',(0.,-1.,0.));
#9249=DIRECTION('ref_axis',(0.,0.,-1.));
#9250=DIRECTION('',(0.334349142846242,0.,0.942449282814722));
#9251=DIRECTION('center_axis',(0.,-1.,0.));
#9252=DIRECTION('ref_axis',(0.,0.,-1.));
#9253=DIRECTION('',(0.427818244038225,0.,-0.90386478527933));
#9254=DIRECTION('center_axis',(0.,-1.,0.));
#9255=DIRECTION('ref_axis',(0.,0.,-1.));
#9256=DIRECTION('',(0.393767911887256,0.,-0.919209895273082));
#9257=DIRECTION('center_axis',(0.,-1.,0.));
#9258=DIRECTION('ref_axis',(0.,0.,-1.));
#9259=DIRECTION('',(0.340685216992819,0.,-0.940177420981038));
#9260=DIRECTION('center_axis',(0.,-1.,0.));
#9261=DIRECTION('ref_axis',(0.,0.,-1.));
#9262=DIRECTION('',(0.545981109384685,0.,0.83779748638622));
#9263=DIRECTION('center_axis',(0.,-1.,0.));
#9264=DIRECTION('ref_axis',(0.,0.,-1.));
#9265=DIRECTION('',(1.,0.,0.));
#9266=DIRECTION('center_axis',(0.,0.,-1.));
#9267=DIRECTION('ref_axis',(-1.,0.,0.));
#9268=DIRECTION('',(0.547319245768636,-0.836923917217838,0.));
#9269=DIRECTION('center_axis',(0.,0.,-1.));
#9270=DIRECTION('ref_axis',(-1.,0.,0.));
#9271=DIRECTION('',(1.,0.,0.));
#9272=DIRECTION('center_axis',(0.,0.,-1.));
#9273=DIRECTION('ref_axis',(-1.,0.,0.));
#9274=DIRECTION('',(0.680530700151863,0.732719568560043,0.));
#9275=DIRECTION('center_axis',(0.,0.,-1.));
#9276=DIRECTION('ref_axis',(-1.,0.,0.));
#9277=DIRECTION('',(1.,0.,0.));
#9278=DIRECTION('center_axis',(0.,0.,-1.));
#9279=DIRECTION('ref_axis',(-1.,0.,0.));
#9280=DIRECTION('',(0.5471286109999,0.837048554759711,0.));
#9281=DIRECTION('center_axis',(0.,0.,-1.));
#9282=DIRECTION('ref_axis',(-1.,0.,0.));
#9283=DIRECTION('',(1.,0.,0.));
#9284=DIRECTION('center_axis',(0.,1.,0.));
#9285=DIRECTION('ref_axis',(0.,0.,1.));
#9286=DIRECTION('',(0.358010817717216,0.,0.933717438199293));
#9287=DIRECTION('center_axis',(0.,1.,0.));
#9288=DIRECTION('ref_axis',(0.,0.,1.));
#9289=DIRECTION('',(1.,0.,0.));
#9290=DIRECTION('center_axis',(0.,1.,0.));
#9291=DIRECTION('ref_axis',(0.,0.,1.));
#9292=DIRECTION('',(-1.,0.,0.));
#9293=DIRECTION('',(0.999894114777876,0.,-0.0145519494421495));
#9294=DIRECTION('',(1.,0.,0.));
#9295=DIRECTION('center_axis',(0.,1.,0.));
#9296=DIRECTION('ref_axis',(0.,0.,1.));
#9297=DIRECTION('',(-1.,0.,0.));
#9298=DIRECTION('',(1.,0.,0.));
#9299=DIRECTION('center_axis',(0.,0.,1.));
#9300=DIRECTION('ref_axis',(1.,0.,0.));
#9301=DIRECTION('',(0.328269446923599,0.944584125536987,0.));
#9302=DIRECTION('center_axis',(0.,0.,1.));
#9303=DIRECTION('ref_axis',(1.,0.,0.));
#9304=DIRECTION('',(0.503282984613139,0.864121656596391,0.));
#9305=DIRECTION('center_axis',(0.,0.,1.));
#9306=DIRECTION('ref_axis',(1.,0.,0.));
#9307=DIRECTION('',(0.721750106385647,0.692153728540349,0.));
#9308=DIRECTION('center_axis',(0.,0.,1.));
#9309=DIRECTION('ref_axis',(1.,0.,0.));
#9310=DIRECTION('',(0.584408058315633,0.811459932082757,0.));
#9311=DIRECTION('center_axis',(0.,0.,1.));
#9312=DIRECTION('ref_axis',(1.,0.,0.));
#9313=DIRECTION('',(1.,0.,0.));
#9314=DIRECTION('center_axis',(0.,1.,0.));
#9315=DIRECTION('ref_axis',(0.,0.,1.));
#9316=DIRECTION('',(-1.,0.,0.));
#9317=DIRECTION('',(0.999726139395938,0.,-0.0234018419893421));
#9318=DIRECTION('center_axis',(0.,1.,0.));
#9319=DIRECTION('ref_axis',(0.,0.,1.));
#9320=DIRECTION('',(-1.,0.,0.));
#9321=DIRECTION('',(0.999717753019695,0.,-0.0237574051035134));
#9322=DIRECTION('center_axis',(0.,1.,0.));
#9323=DIRECTION('ref_axis',(0.,0.,1.));
#9324=DIRECTION('',(-1.,0.,0.));
#9325=DIRECTION('',(1.,0.,0.));
#9326=DIRECTION('center_axis',(0.,0.,1.));
#9327=DIRECTION('ref_axis',(1.,0.,0.));
#9328=DIRECTION('',(0.723043255753743,0.690802757890432,0.));
#9329=DIRECTION('center_axis',(0.,0.,1.));
#9330=DIRECTION('ref_axis',(1.,0.,0.));
#9331=DIRECTION('',(0.959881911933052,-0.280404556210753,0.));
#9332=DIRECTION('center_axis',(0.,0.,1.));
#9333=DIRECTION('ref_axis',(1.,0.,0.));
#9334=DIRECTION('',(0.882363817490523,-0.470567841637687,0.));
#9335=DIRECTION('center_axis',(0.,0.,1.));
#9336=DIRECTION('ref_axis',(1.,0.,0.));
#9337=DIRECTION('',(1.,0.,0.));
#9338=DIRECTION('center_axis',(0.,1.,0.));
#9339=DIRECTION('ref_axis',(0.,0.,1.));
#9340=DIRECTION('',(-1.,0.,0.));
#9341=DIRECTION('',(0.997883639929624,0.,-0.0650249272264486));
#9342=DIRECTION('center_axis',(0.,1.,0.));
#9343=DIRECTION('ref_axis',(0.,0.,1.));
#9344=DIRECTION('',(-1.,0.,0.));
#9345=DIRECTION('center_axis',(0.,1.,0.));
#9346=DIRECTION('ref_axis',(0.,0.,1.));
#9347=DIRECTION('',(-1.,0.,0.));
#9348=DIRECTION('',(0.956931397514089,0.,0.290314140977896));
#9349=DIRECTION('center_axis',(0.,1.,0.));
#9350=DIRECTION('ref_axis',(0.,0.,1.));
#9351=DIRECTION('',(-1.,0.,0.));
#9352=DIRECTION('',(0.336625737759766,0.,-0.941638525485068));
#9353=DIRECTION('center_axis',(0.,1.,0.));
#9354=DIRECTION('ref_axis',(0.,0.,1.));
#9355=DIRECTION('',(-1.,0.,0.));
#9356=DIRECTION('',(1.,0.,0.));
#9357=DIRECTION('center_axis',(0.,0.,1.));
#9358=DIRECTION('ref_axis',(1.,0.,0.));
#9359=DIRECTION('',(0.95504162323604,-0.296471748884561,0.));
#9360=DIRECTION('center_axis',(0.,0.,1.));
#9361=DIRECTION('ref_axis',(1.,0.,0.));
#9362=DIRECTION('',(0.966972896594282,-0.254879220910736,0.));
#9363=DIRECTION('center_axis',(0.,0.,1.));
#9364=DIRECTION('ref_axis',(1.,0.,0.));
#9365=DIRECTION('',(0.974721271813325,-0.223424354703363,0.));
#9366=DIRECTION('center_axis',(0.,0.,1.));
#9367=DIRECTION('ref_axis',(1.,0.,0.));
#9368=DIRECTION('center_axis',(0.,0.,1.));
#9369=DIRECTION('ref_axis',(1.,0.,0.));
#9370=DIRECTION('',(0.574246838997033,0.818682214233286,0.));
#9371=DIRECTION('center_axis',(0.,0.,1.));
#9372=DIRECTION('ref_axis',(1.,0.,0.));
#9373=DIRECTION('',(0.555610525827369,0.831442688096921,0.));
#9374=DIRECTION('center_axis',(0.,0.,1.));
#9375=DIRECTION('ref_axis',(1.,0.,0.));
#9376=DIRECTION('center_axis',(0.,0.,1.));
#9377=DIRECTION('ref_axis',(1.,0.,0.));
#9378=DIRECTION('',(0.173634727304425,0.984810124579311,0.));
#9379=DIRECTION('center_axis',(0.,0.,1.));
#9380=DIRECTION('ref_axis',(1.,0.,0.));
#9381=DIRECTION('',(0.343836286870736,-0.93902960966678,0.));
#9382=DIRECTION('center_axis',(0.,0.,1.));
#9383=DIRECTION('ref_axis',(1.,0.,0.));
#9384=DIRECTION('center_axis',(0.,0.,1.));
#9385=DIRECTION('ref_axis',(1.,0.,0.));
#9386=DIRECTION('',(0.981883290090171,-0.189486687241348,0.));
#9387=DIRECTION('center_axis',(0.,0.,1.));
#9388=DIRECTION('ref_axis',(1.,0.,0.));
#9389=DIRECTION('',(0.982075507687043,-0.188487923223842,0.));
#9390=DIRECTION('center_axis',(0.,0.,1.));
#9391=DIRECTION('ref_axis',(1.,0.,0.));
#9392=DIRECTION('center_axis',(0.,0.,1.));
#9393=DIRECTION('ref_axis',(1.,0.,0.));
#9394=DIRECTION('',(0.574873297954075,0.818242440416901,0.));
#9395=DIRECTION('center_axis',(0.,0.,1.));
#9396=DIRECTION('ref_axis',(1.,0.,0.));
#9397=DIRECTION('',(0.522054819019276,0.852911933284293,0.));
#9398=DIRECTION('center_axis',(0.,0.,1.));
#9399=DIRECTION('ref_axis',(1.,0.,0.));
#9400=DIRECTION('center_axis',(0.,0.,1.));
#9401=DIRECTION('ref_axis',(1.,0.,0.));
#9402=DIRECTION('',(0.621287552584344,0.783582654864026,0.));
#9403=DIRECTION('center_axis',(0.,0.,1.));
#9404=DIRECTION('ref_axis',(1.,0.,0.));
#9405=DIRECTION('',(1.,0.,0.));
#9406=DIRECTION('center_axis',(0.,1.,0.));
#9407=DIRECTION('ref_axis',(0.,0.,1.));
#9408=DIRECTION('',(0.865280773338091,0.,0.501287525569344));
#9409=DIRECTION('center_axis',(0.,1.,0.));
#9410=DIRECTION('ref_axis',(0.,0.,1.));
#9411=DIRECTION('',(1.,0.,0.));
#9412=DIRECTION('center_axis',(0.,0.,1.));
#9413=DIRECTION('ref_axis',(1.,0.,0.));
#9414=DIRECTION('',(0.633202597012306,0.773986092340729,0.));
#9415=DIRECTION('center_axis',(0.,0.,1.));
#9416=DIRECTION('ref_axis',(1.,0.,0.));
#9417=DIRECTION('',(0.179250671815456,0.983803433950963,0.));
#9418=DIRECTION('center_axis',(0.,0.,1.));
#9419=DIRECTION('ref_axis',(1.,0.,0.));
#9420=DIRECTION('',(0.496890349833974,0.867813332602047,0.));
#9421=DIRECTION('center_axis',(0.,0.,1.));
#9422=DIRECTION('ref_axis',(1.,0.,0.));
#9423=DIRECTION('center_axis',(1.,0.,0.));
#9424=DIRECTION('ref_axis',(0.,1.,0.));
#9425=DIRECTION('',(0.,0.,-1.));
#9426=DIRECTION('',(0.,1.,0.));
#9427=DIRECTION('',(0.,0.,1.));
#9428=DIRECTION('',(0.,-1.,0.));
#9429=DIRECTION('center_axis',(0.,0.,1.));
#9430=DIRECTION('ref_axis',(0.707106781186547,-0.707106781186547,0.));
#9431=DIRECTION('center_axis',(0.,0.,-1.));
#9432=DIRECTION('ref_axis',(0.707106781186547,-0.707106781186547,0.));
#9433=DIRECTION('',(0.,0.,-1.));
#9434=DIRECTION('center_axis',(0.,0.,1.));
#9435=DIRECTION('ref_axis',(0.707106781186547,-0.707106781186547,0.));
#9436=DIRECTION('center_axis',(0.,-1.,0.));
#9437=DIRECTION('ref_axis',(1.,0.,0.));
#9438=DIRECTION('',(0.,0.,1.));
#9439=DIRECTION('',(-1.,0.,0.));
#9440=DIRECTION('',(1.,0.,0.));
#9441=DIRECTION('center_axis',(0.,0.,1.));
#9442=DIRECTION('ref_axis',(-0.707106781186547,-0.707106781186547,0.));
#9443=DIRECTION('center_axis',(0.,0.,-1.));
#9444=DIRECTION('ref_axis',(-0.707106781186547,-0.707106781186547,0.));
#9445=DIRECTION('',(0.,0.,-1.));
#9446=DIRECTION('center_axis',(0.,0.,1.));
#9447=DIRECTION('ref_axis',(-0.707106781186547,-0.707106781186547,0.));
#9448=DIRECTION('center_axis',(-1.,0.,0.));
#9449=DIRECTION('ref_axis',(0.,-1.,0.));
#9450=DIRECTION('',(0.,0.,1.));
#9451=DIRECTION('',(0.,1.,0.));
#9452=DIRECTION('',(0.,-1.,0.));
#9453=DIRECTION('center_axis',(0.,0.,1.));
#9454=DIRECTION('ref_axis',(-0.707106781186547,0.707106781186547,0.));
#9455=DIRECTION('center_axis',(0.,0.,-1.));
#9456=DIRECTION('ref_axis',(-0.707106781186547,0.707106781186547,0.));
#9457=DIRECTION('',(0.,0.,-1.));
#9458=DIRECTION('center_axis',(0.,0.,1.));
#9459=DIRECTION('ref_axis',(-0.707106781186547,0.707106781186547,0.));
#9460=DIRECTION('center_axis',(0.,0.,1.));
#9461=DIRECTION('ref_axis',(-1.,0.,0.));
#9462=DIRECTION('center_axis',(0.,0.,1.));
#9463=DIRECTION('ref_axis',(0.707106781186547,0.707106781186547,0.));
#9464=DIRECTION('',(1.,0.,0.));
#9465=DIRECTION('center_axis',(0.,1.,0.));
#9466=DIRECTION('ref_axis',(-1.,0.,0.));
#9467=DIRECTION('',(0.,0.,1.));
#9468=DIRECTION('',(-1.,0.,0.));
#9469=DIRECTION('center_axis',(0.,0.,1.));
#9470=DIRECTION('ref_axis',(0.707106781186547,0.707106781186547,0.));
#9471=DIRECTION('center_axis',(0.,0.,-1.));
#9472=DIRECTION('ref_axis',(0.707106781186547,0.707106781186547,0.));
#9473=DIRECTION('center_axis',(0.,0.,1.));
#9474=DIRECTION('ref_axis',(-1.,0.,0.));
#9475=DIRECTION('center_axis',(0.,0.,-1.));
#9476=DIRECTION('ref_axis',(-1.,0.,0.));
#9477=DIRECTION('center_axis',(0.,0.,-1.));
#9478=DIRECTION('ref_axis',(-1.,0.,0.));
#9479=DIRECTION('center_axis',(0.,-1.,0.));
#9480=DIRECTION('ref_axis',(1.,0.,0.));
#9481=DIRECTION('center_axis',(0.,0.,1.));
#9482=DIRECTION('ref_axis',(-1.,0.,0.));
#9483=DIRECTION('center_axis',(0.,0.,1.));
#9484=DIRECTION('ref_axis',(1.,0.,0.));
#9485=DIRECTION('center_axis',(0.,0.,1.));
#9486=DIRECTION('ref_axis',(-1.,0.,0.));
#9487=DIRECTION('center_axis',(0.,0.,-1.));
#9488=DIRECTION('ref_axis',(-1.,0.,0.));
#9489=DIRECTION('center_axis',(0.,-1.,0.));
#9490=DIRECTION('ref_axis',(1.,0.,0.));
#9491=DIRECTION('',(0.,0.,1.));
#9492=DIRECTION('',(1.,0.,0.));
#9493=CARTESIAN_POINT('',(0.,0.,0.));
#9494=CARTESIAN_POINT('',(0.,0.,0.));
#9495=CARTESIAN_POINT('Origin',(126.923470064599,-84.9545994697028,18.4615199482531));
#9496=CARTESIAN_POINT('',(127.047512421663,-84.9545994697028,18.4655187046618));
#9497=CARTESIAN_POINT('',(126.984534713399,-84.9545994697028,18.4655187046618));
#9498=CARTESIAN_POINT('',(126.626941725213,-84.9545994697028,18.4655187046618));
#9499=CARTESIAN_POINT('',(127.047705217797,-84.9545994697028,18.4615199482531));
#9500=CARTESIAN_POINT('',(127.047314211327,-84.9545994697028,18.4696297562213));
#9501=CARTESIAN_POINT('',(126.923470064599,-84.9545994697028,18.4615199482531));
#9502=CARTESIAN_POINT('',(126.923470064599,-84.9545994697028,18.4615199482531));
#9503=CARTESIAN_POINT('',(126.923470064599,-84.9545994697028,18.4615199482531));
#9504=CARTESIAN_POINT('Origin',(127.17113928457,-84.9545994697028,18.4615199482531));
#9505=CARTESIAN_POINT('',(127.110084040459,-84.9545994697028,18.4655187046618));
#9506=CARTESIAN_POINT('',(126.750776335198,-84.9545994697028,18.4655187046618));
#9507=CARTESIAN_POINT('',(127.17113928457,-84.9545994697028,18.4615199482531));
#9508=CARTESIAN_POINT('',(127.047314211327,-84.9545994697028,18.4696297562213));
#9509=CARTESIAN_POINT('',(127.047705217797,-84.9545994697028,18.4615199482531));
#9510=CARTESIAN_POINT('Origin',(127.173237368066,-84.9545994697028,18.4696297562213));
#9511=CARTESIAN_POINT('',(127.172173800413,-84.9545994697028,18.4655187046618));
#9512=CARTESIAN_POINT('',(126.751825376946,-84.9545994697028,18.4655187046618));
#9513=CARTESIAN_POINT('',(127.17113928457,-84.9545994697028,18.4615199482531));
#9514=CARTESIAN_POINT('Origin',(127.17113928457,-84.9545994697028,18.4615199482531));
#9515=CARTESIAN_POINT('',(127.243162106864,-84.9545994697028,18.4655187046618));
#9516=CARTESIAN_POINT('',(126.750776335198,-84.9545994697028,18.4655187046618));
#9517=CARTESIAN_POINT('',(127.311176821191,-84.9545994697028,18.4615199482531));
#9518=CARTESIAN_POINT('',(127.173237368066,-84.9545994697028,18.4696297562213));
#9519=CARTESIAN_POINT('',(127.17113928457,-84.9545994697028,18.4615199482531));
#9520=CARTESIAN_POINT('Origin',(127.33619169851,-84.9545994697028,18.4615199482531));
#9521=CARTESIAN_POINT('',(127.255842733929,-84.9545994697028,18.4655187046618));
#9522=CARTESIAN_POINT('',(126.833302542169,-84.9545994697028,18.4655187046618));
#9523=CARTESIAN_POINT('',(127.33619169851,-84.9545994697028,18.4615199482531));
#9524=CARTESIAN_POINT('',(127.173237368066,-84.9545994697028,18.4696297562213));
#9525=CARTESIAN_POINT('',(127.311176821191,-84.9545994697028,18.4615199482531));
#9526=CARTESIAN_POINT('Origin',(127.341608568627,-84.9545994697028,18.4696297562213));
#9527=CARTESIAN_POINT('',(127.338862630323,-84.9545994697028,18.4655187046618));
#9528=CARTESIAN_POINT('',(126.836010977227,-84.9545994697028,18.4655187046618));
#9529=CARTESIAN_POINT('',(127.33619169851,-84.9545994697028,18.4615199482531));
#9530=CARTESIAN_POINT('Origin',(127.343391939599,-84.9545994697028,18.4615199482531));
#9531=CARTESIAN_POINT('',(127.342512601133,-84.9545994697028,18.4655187046618));
#9532=CARTESIAN_POINT('',(126.836902662713,-84.9545994697028,18.4655187046618));
#9533=CARTESIAN_POINT('',(127.343391939599,-84.9545994697028,18.4615199482531));
#9534=CARTESIAN_POINT('',(127.341608568627,-84.9545994697028,18.4696297562213));
#9535=CARTESIAN_POINT('',(127.33619169851,-84.9545994697028,18.4615199482531));
#9536=CARTESIAN_POINT('Origin',(127.388538881738,-84.9545994697028,18.4615199482531));
#9537=CARTESIAN_POINT('',(127.36539864327,-84.9545994697028,18.4655187046618));
#9538=CARTESIAN_POINT('',(126.859476133782,-84.9545994697028,18.4655187046618));
#9539=CARTESIAN_POINT('',(127.388538881738,-84.9545994697028,18.4615199482531));
#9540=CARTESIAN_POINT('',(127.341608568627,-84.9545994697028,18.4696297562213));
#9541=CARTESIAN_POINT('',(127.343391939599,-84.9545994697028,18.4615199482531));
#9542=CARTESIAN_POINT('Origin',(127.391123339135,-84.9545994697028,18.4615199482531));
#9543=CARTESIAN_POINT('',(127.366708765242,-84.9545994697028,18.4655187046618));
#9544=CARTESIAN_POINT('',(126.860768362481,-84.9545994697028,18.4655187046618));
#9545=CARTESIAN_POINT('',(127.391123339135,-84.9545994697028,18.4615199482531));
#9546=CARTESIAN_POINT('',(127.341608568627,-84.9545994697028,18.4696297562213));
#9547=CARTESIAN_POINT('',(127.388538881738,-84.9545994697028,18.4615199482531));
#9548=CARTESIAN_POINT('Origin',(127.450146242577,-84.9545994697028,18.4615199482531));
#9549=CARTESIAN_POINT('',(127.396628857086,-84.9545994697028,18.4655187046618));
#9550=CARTESIAN_POINT('',(126.890279814202,-84.9545994697028,18.4655187046618));
#9551=CARTESIAN_POINT('',(127.450146242577,-84.9545994697028,18.4615199482531));
#9552=CARTESIAN_POINT('',(127.341608568627,-84.9545994697028,18.4696297562213));
#9553=CARTESIAN_POINT('',(127.391123339135,-84.9545994697028,18.4615199482531));
#9554=CARTESIAN_POINT('Origin',(127.567867800195,-84.9545994697028,18.4615199482531));
#9555=CARTESIAN_POINT('',(127.456304671227,-84.9545994697028,18.4655187046618));
#9556=CARTESIAN_POINT('',(126.949140593011,-84.9545994697028,18.4655187046618));
#9557=CARTESIAN_POINT('',(127.567867800195,-84.9545994697028,18.4615199482531));
#9558=CARTESIAN_POINT('',(127.341608568627,-84.9545994697028,18.4696297562213));
#9559=CARTESIAN_POINT('',(127.450146242577,-84.9545994697028,18.4615199482531));
#9560=CARTESIAN_POINT('Origin',(127.862934633691,-84.9545994697028,18.4615199482531));
#9561=CARTESIAN_POINT('',(127.605880958452,-84.9545994697028,18.4655187046618));
#9562=CARTESIAN_POINT('',(127.096674009759,-84.9545994697028,18.4655187046618));
#9563=CARTESIAN_POINT('',(127.862934633691,-84.9545994697028,18.4615199482531));
#9564=CARTESIAN_POINT('',(127.341608568627,-84.9545994697028,18.4696297562213));
#9565=CARTESIAN_POINT('',(127.567867800195,-84.9545994697028,18.4615199482531));
#9566=CARTESIAN_POINT('Origin',(127.862934633691,-84.9545994697028,18.4615199482531));
#9567=CARTESIAN_POINT('',(127.863696413539,-84.9545994697028,18.4655187046618));
#9568=CARTESIAN_POINT('',(127.096674009759,-84.9545994697028,18.4655187046618));
#9569=CARTESIAN_POINT('',(127.862934633691,-84.9545994697028,18.4615199482531));
#9570=CARTESIAN_POINT('Origin',(127.862934633691,-84.9545994697028,18.4615199482531));
#9571=CARTESIAN_POINT('',(128.012267145892,-84.9545994697028,18.4655187046618));
#9572=CARTESIAN_POINT('',(127.096674009759,-84.9545994697028,18.4655187046618));
#9573=CARTESIAN_POINT('',(128.156017824609,-84.9545994697028,18.4615199482531));
#9574=CARTESIAN_POINT('',(127.864479586083,-84.9545994697028,18.4696297562213));
#9575=CARTESIAN_POINT('',(127.862934633691,-84.9545994697028,18.4615199482531));
#9576=CARTESIAN_POINT('Origin',(127.864479586083,-84.9545994697028,18.4696297562213));
#9577=CARTESIAN_POINT('',(128.157710668715,-84.9545994697028,18.4655187046618));
#9578=CARTESIAN_POINT('',(127.097446485955,-84.9545994697028,18.4655187046618));
#9579=CARTESIAN_POINT('',(128.156017824609,-84.9545994697028,18.4615199482531));
#9580=CARTESIAN_POINT('Origin',(128.156017824609,-84.9545994697028,18.4615199482531));
#9581=CARTESIAN_POINT('',(128.159741116053,-84.9545994697028,18.4655187046618));
#9582=CARTESIAN_POINT('',(127.243215605218,-84.9545994697028,18.4655187046618));
#9583=CARTESIAN_POINT('',(128.160023256738,-84.9545994697028,18.4615199482531));
#9584=CARTESIAN_POINT('',(128.159451052148,-84.9545994697028,18.4696297562213));
#9585=CARTESIAN_POINT('',(128.156017824609,-84.9545994697028,18.4615199482531));
#9586=CARTESIAN_POINT('Origin',(128.612904116113,-84.9545994697028,18.4615199482531));
#9587=CARTESIAN_POINT('',(128.389317028392,-84.9545994697028,18.4655187046618));
#9588=CARTESIAN_POINT('',(127.47165875097,-84.9545994697028,18.4655187046618));
#9589=CARTESIAN_POINT('',(128.612904116113,-84.9545994697028,18.4615199482531));
#9590=CARTESIAN_POINT('',(128.159451052148,-84.9545994697028,18.4696297562213));
#9591=CARTESIAN_POINT('',(128.160023256738,-84.9545994697028,18.4615199482531));
#9592=CARTESIAN_POINT('Origin',(128.615231081445,-84.9545994697028,18.4696297562213));
#9593=CARTESIAN_POINT('',(128.614051488229,-84.9545994697028,18.4655187046618));
#9594=CARTESIAN_POINT('',(127.472822233636,-84.9545994697028,18.4655187046618));
#9595=CARTESIAN_POINT('',(128.612904116113,-84.9545994697028,18.4615199482531));
#9596=CARTESIAN_POINT('Origin',(128.612904116113,-84.9545994697028,18.4615199482531));
#9597=CARTESIAN_POINT('',(128.617184178408,-84.9545994697028,18.4655187046618));
#9598=CARTESIAN_POINT('',(127.47165875097,-84.9545994697028,18.4655187046618));
#9599=CARTESIAN_POINT('',(128.619083925683,-84.9545994697028,18.4615199482531));
#9600=CARTESIAN_POINT('',(128.615231081445,-84.9545994697028,18.4696297562213));
#9601=CARTESIAN_POINT('',(128.612904116113,-84.9545994697028,18.4615199482531));
#9602=CARTESIAN_POINT('Origin',(128.798107668359,-84.9545994697028,18.4615199482531));
#9603=CARTESIAN_POINT('',(128.707935505615,-84.9545994697028,18.4655187046618));
#9604=CARTESIAN_POINT('',(127.564260527093,-84.9545994697028,18.4655187046618));
#9605=CARTESIAN_POINT('',(128.798107668359,-84.9545994697028,18.4615199482531));
#9606=CARTESIAN_POINT('',(128.615231081445,-84.9545994697028,18.4696297562213));
#9607=CARTESIAN_POINT('',(128.619083925683,-84.9545994697028,18.4615199482531));
#9608=CARTESIAN_POINT('Origin',(128.801950975854,-84.9545994697028,18.4615199482531));
#9609=CARTESIAN_POINT('',(128.70988376818,-84.9545994697028,18.4655187046618));
#9610=CARTESIAN_POINT('',(127.56618218084,-84.9545994697028,18.4655187046618));
#9611=CARTESIAN_POINT('',(128.801950975854,-84.9545994697028,18.4615199482531));
#9612=CARTESIAN_POINT('',(128.615231081445,-84.9545994697028,18.4696297562213));
#9613=CARTESIAN_POINT('',(128.798107668359,-84.9545994697028,18.4615199482531));
#9614=CARTESIAN_POINT('Origin',(128.821587130029,-84.9545994697028,18.4615199482531));
#9615=CARTESIAN_POINT('',(128.719837794534,-84.9545994697028,18.4655187046618));
#9616=CARTESIAN_POINT('',(127.576000257928,-84.9545994697028,18.4655187046618));
#9617=CARTESIAN_POINT('',(128.821587130029,-84.9545994697028,18.4615199482531));
#9618=CARTESIAN_POINT('',(128.615231081445,-84.9545994697028,18.4696297562213));
#9619=CARTESIAN_POINT('',(128.801950975854,-84.9545994697028,18.4615199482531));
#9620=CARTESIAN_POINT('Origin',(128.860497042138,-84.9545994697028,18.4615199482531));
#9621=CARTESIAN_POINT('',(128.739562140102,-84.9545994697028,18.4655187046618));
#9622=CARTESIAN_POINT('',(127.595455213983,-84.9545994697028,18.4655187046618));
#9623=CARTESIAN_POINT('',(128.860497042138,-84.9545994697028,18.4615199482531));
#9624=CARTESIAN_POINT('',(128.615231081445,-84.9545994697028,18.4696297562213));
#9625=CARTESIAN_POINT('',(128.821587130029,-84.9545994697028,18.4615199482531));
#9626=CARTESIAN_POINT('Origin',(129.268345400292,-84.9545994697028,18.4615199482531));
#9627=CARTESIAN_POINT('',(128.946310023085,-84.9545994697028,18.4655187046618));
#9628=CARTESIAN_POINT('',(127.79937939306,-84.9545994697028,18.4655187046618));
#9629=CARTESIAN_POINT('',(129.268345400292,-84.9545994697028,18.4615199482531));
#9630=CARTESIAN_POINT('',(128.615231081445,-84.9545994697028,18.4696297562213));
#9631=CARTESIAN_POINT('',(128.860497042138,-84.9545994697028,18.4615199482531));
#9632=CARTESIAN_POINT('Origin',(129.273809954125,-84.9545994697028,18.4615199482531));
#9633=CARTESIAN_POINT('',(128.949080133381,-84.9545994697028,18.4655187046618));
#9634=CARTESIAN_POINT('',(127.802111669976,-84.9545994697028,18.4655187046618));
#9635=CARTESIAN_POINT('',(129.273809954125,-84.9545994697028,18.4615199482531));
#9636=CARTESIAN_POINT('',(128.615231081445,-84.9545994697028,18.4696297562213));
#9637=CARTESIAN_POINT('',(129.268345400292,-84.9545994697028,18.4615199482531));
#9638=CARTESIAN_POINT('Origin',(129.285053774316,-84.9545994697028,18.4615199482531));
#9639=CARTESIAN_POINT('',(128.954779889123,-84.9545994697028,18.4655187046618));
#9640=CARTESIAN_POINT('',(127.807733580071,-84.9545994697028,18.4655187046618));
#9641=CARTESIAN_POINT('',(129.285053774316,-84.9545994697028,18.4615199482531));
#9642=CARTESIAN_POINT('',(128.615231081445,-84.9545994697028,18.4696297562213));
#9643=CARTESIAN_POINT('',(129.273809954125,-84.9545994697028,18.4615199482531));
#9644=CARTESIAN_POINT('Origin',(129.316153093774,-84.9545994697028,18.4615199482531));
#9645=CARTESIAN_POINT('',(128.970544862382,-84.9545994697028,18.4655187046618));
#9646=CARTESIAN_POINT('',(127.8232832398,-84.9545994697028,18.4655187046618));
#9647=CARTESIAN_POINT('',(129.316153093774,-84.9545994697028,18.4615199482531));
#9648=CARTESIAN_POINT('',(128.615231081445,-84.9545994697028,18.4696297562213));
#9649=CARTESIAN_POINT('',(129.285053774316,-84.9545994697028,18.4615199482531));
#9650=CARTESIAN_POINT('Origin',(129.316153093774,-84.9545994697028,18.4615199482531));
#9651=CARTESIAN_POINT('',(129.316454043837,-84.9545994697028,18.4655187046618));
#9652=CARTESIAN_POINT('',(127.8232832398,-84.9545994697028,18.4655187046618));
#9653=CARTESIAN_POINT('',(129.316153093774,-84.9545994697028,18.4615199482531));
#9654=CARTESIAN_POINT('Origin',(129.316153093774,-84.9545994697028,18.4615199482531));
#9655=CARTESIAN_POINT('',(129.359398005034,-84.9545994697028,18.4655187046618));
#9656=CARTESIAN_POINT('',(127.8232832398,-84.9545994697028,18.4655187046618));
#9657=CARTESIAN_POINT('',(129.4008679833,-84.9545994697028,18.4615199482531));
#9658=CARTESIAN_POINT('',(129.316763445336,-84.9545994697028,18.4696297562213));
#9659=CARTESIAN_POINT('',(129.316153093774,-84.9545994697028,18.4615199482531));
#9660=CARTESIAN_POINT('Origin',(129.518103167016,-84.9545994697028,18.4615199482531));
#9661=CARTESIAN_POINT('',(129.418827264855,-84.9545994697028,18.4655187046618));
#9662=CARTESIAN_POINT('',(127.924258276421,-84.9545994697028,18.4655187046618));
#9663=CARTESIAN_POINT('',(129.518103167016,-84.9545994697028,18.4615199482531));
#9664=CARTESIAN_POINT('',(129.316763445336,-84.9545994697028,18.4696297562213));
#9665=CARTESIAN_POINT('',(129.4008679833,-84.9545994697028,18.4615199482531));
#9666=CARTESIAN_POINT('Origin',(129.520010515649,-84.9545994697028,18.4696297562213));
#9667=CARTESIAN_POINT('',(129.519043635964,-84.9545994697028,18.4655187046618));
#9668=CARTESIAN_POINT('',(127.925211950738,-84.9545994697028,18.4655187046618));
#9669=CARTESIAN_POINT('',(129.518103167016,-84.9545994697028,18.4615199482531));
#9670=CARTESIAN_POINT('Origin',(129.518103167016,-84.9545994697028,18.4615199482531));
#9671=CARTESIAN_POINT('',(129.542645169068,-84.9545994697028,18.4655187046618));
#9672=CARTESIAN_POINT('',(127.924258276421,-84.9545994697028,18.4655187046618));
#9673=CARTESIAN_POINT('',(129.564661547143,-84.9545994697028,18.4615199482531));
#9674=CARTESIAN_POINT('',(129.520010515649,-84.9545994697028,18.4696297562213));
#9675=CARTESIAN_POINT('',(129.518103167016,-84.9545994697028,18.4615199482531));
#9676=CARTESIAN_POINT('Origin',(129.520010515649,-84.9545994697028,18.4696297562213));
#9677=CARTESIAN_POINT('',(129.565743086433,-84.9545994697028,18.4655187046618));
#9678=CARTESIAN_POINT('',(127.925211950738,-84.9545994697028,18.4655187046618));
#9679=CARTESIAN_POINT('',(129.564661547143,-84.9545994697028,18.4615199482531));
#9680=CARTESIAN_POINT('Origin',(129.566854998071,-84.9545994697028,18.4615199482531));
#9681=CARTESIAN_POINT('',(129.566854998071,-84.9545994697028,18.4655187046618));
#9682=CARTESIAN_POINT('',(127.948634191949,-84.9545994697028,18.4655187046618));
#9683=CARTESIAN_POINT('',(129.566854998071,-84.9545994697028,18.4615199482531));
#9684=CARTESIAN_POINT('',(129.566854998071,-84.9545994697028,18.4615199482531));
#9685=CARTESIAN_POINT('',(129.564661547143,-84.9545994697028,18.4615199482531));
#9686=CARTESIAN_POINT('Origin',(129.566854998071,-84.9545994697028,18.4615199482531));
#9687=CARTESIAN_POINT('',(129.566854998071,-84.9621943096262,18.4655187046618));
#9688=CARTESIAN_POINT('',(129.566854998071,-86.1945930419379,18.4655187046618));
#9689=CARTESIAN_POINT('',(129.566854998071,-84.9695816932135,18.4615199482531));
#9690=CARTESIAN_POINT('',(129.566854998071,-84.9695816932135,18.4615199482531));
#9691=CARTESIAN_POINT('',(129.566854998071,-84.9695816932135,18.4615199482531));
#9692=CARTESIAN_POINT('Origin',(129.566854998071,-86.6225949225836,18.4696297562213));
#9693=CARTESIAN_POINT('',(129.566854998071,-85.7846438094274,18.4655187046618));
#9694=CARTESIAN_POINT('',(129.566854998071,-87.0285907683783,18.4655187046618));
#9695=CARTESIAN_POINT('',(129.566854998071,-86.6225949225836,18.4696297562213));
#9696=CARTESIAN_POINT('Origin',(129.566854998071,-86.6265908179694,18.4615199482531));
#9697=CARTESIAN_POINT('',(129.566854998071,-86.6246205355231,18.4655187046618));
#9698=CARTESIAN_POINT('',(129.566854998071,-87.0305887160712,18.4655187046618));
#9699=CARTESIAN_POINT('',(129.566854998071,-86.6265908179694,18.4615199482531));
#9700=CARTESIAN_POINT('',(129.566854998071,-86.6265908179694,18.4615199482531));
#9701=CARTESIAN_POINT('',(129.566854998071,-86.6265908179694,18.4615199482531));
#9702=CARTESIAN_POINT('Origin',(129.566854998071,-86.9105950293952,18.4696297562213));
#9703=CARTESIAN_POINT('',(129.566854998071,-86.7666266443412,18.4655187046618));
#9704=CARTESIAN_POINT('',(129.566854998071,-87.1725908217841,18.4655187046618));
#9705=CARTESIAN_POINT('',(129.566854998071,-86.9105950293952,18.4696297562213));
#9706=CARTESIAN_POINT('Origin',(129.566854998071,-86.9125882087165,18.4615199482531));
#9707=CARTESIAN_POINT('',(129.566854998071,-86.9116054186657,18.4655187046618));
#9708=CARTESIAN_POINT('',(129.566854998071,-87.1735874114447,18.4655187046618));
#9709=CARTESIAN_POINT('',(129.566854998071,-86.9125882087165,18.4615199482531));
#9710=CARTESIAN_POINT('',(129.566854998071,-86.9125882087165,18.4615199482531));
#9711=CARTESIAN_POINT('',(129.566854998071,-86.9125882087165,18.4615199482531));
#9712=CARTESIAN_POINT('Origin',(129.566854998071,-86.9125882087165,18.4615199482531));
#9713=CARTESIAN_POINT('',(129.566854998071,-86.9131282541691,18.4655187046618));
#9714=CARTESIAN_POINT('',(129.566854998071,-87.1735874114447,18.4655187046618));
#9715=CARTESIAN_POINT('',(129.566854998071,-86.9155922828131,18.4615199482531));
#9716=CARTESIAN_POINT('',(129.566854998071,-86.9155922828131,18.4615199482531));
#9717=CARTESIAN_POINT('',(129.566854998071,-86.9155922828131,18.4615199482531));
#9718=CARTESIAN_POINT('Origin',(129.566854998071,-86.9155922828131,18.4615199482531));
#9719=CARTESIAN_POINT('',(129.566854998071,-87.4348016773343,18.4655187046618));
#9720=CARTESIAN_POINT('',(129.566854998071,-87.1750894484931,18.4655187046618));
#9721=CARTESIAN_POINT('',(129.566854998071,-87.9685917792731,18.4696297562213));
#9722=CARTESIAN_POINT('Origin',(129.566854998071,-86.9155922828131,18.4615199482531));
#9723=CARTESIAN_POINT('',(129.566854998071,-87.8089067649441,18.4655187046618));
#9724=CARTESIAN_POINT('',(129.566854998071,-87.1750894484931,18.4655187046618));
#9725=CARTESIAN_POINT('',(129.566854998071,-87.6535836158209,18.4615199482531));
#9726=CARTESIAN_POINT('',(129.566854998071,-87.9685917792731,18.4696297562213));
#9727=CARTESIAN_POINT('',(129.566854998071,-87.6535836158209,18.4615199482531));
#9728=CARTESIAN_POINT('Origin',(129.566854998071,-87.6535836158209,18.4615199482531));
#9729=CARTESIAN_POINT('',(129.566854998071,-87.8165161080628,18.4655187046618));
#9730=CARTESIAN_POINT('',(129.566854998071,-87.544085114997,18.4655187046618));
#9731=CARTESIAN_POINT('',(129.566854998071,-87.6685944495612,18.4615199482531));
#9732=CARTESIAN_POINT('',(129.566854998071,-87.9685917792731,18.4696297562213));
#9733=CARTESIAN_POINT('',(129.566854998071,-87.6685944495612,18.4615199482531));
#9734=CARTESIAN_POINT('Origin',(129.566854998071,-87.6685944495612,18.4615199482531));
#9735=CARTESIAN_POINT('',(129.566854998071,-87.8205673339417,18.4655187046618));
#9736=CARTESIAN_POINT('',(129.566854998071,-87.5515905318671,18.4655187046618));
#9737=CARTESIAN_POINT('',(129.566854998071,-87.6765862403327,18.4615199482531));
#9738=CARTESIAN_POINT('',(129.566854998071,-87.9685917792731,18.4696297562213));
#9739=CARTESIAN_POINT('',(129.566854998071,-87.6765862403327,18.4615199482531));
#9740=CARTESIAN_POINT('Origin',(129.566854998071,-87.6765862403327,18.4615199482531));
#9741=CARTESIAN_POINT('',(129.566854998071,-87.8220901694451,18.4655187046618));
#9742=CARTESIAN_POINT('',(129.566854998071,-87.5555864272528,18.4655187046618));
#9743=CARTESIAN_POINT('',(129.566854998071,-87.6795903144293,18.4615199482531));
#9744=CARTESIAN_POINT('',(129.566854998071,-87.9685917792731,18.4696297562213));
#9745=CARTESIAN_POINT('',(129.566854998071,-87.6795903144293,18.4615199482531));
#9746=CARTESIAN_POINT('Origin',(129.566854998071,-87.6795903144293,18.4615199482531));
#9747=CARTESIAN_POINT('',(129.566854998071,-87.8611231023171,18.4655187046618));
#9748=CARTESIAN_POINT('',(129.566854998071,-87.5570884643012,18.4655187046618));
#9749=CARTESIAN_POINT('',(129.566854998071,-87.756589978736,18.4615199482531));
#9750=CARTESIAN_POINT('',(129.566854998071,-87.9685917792731,18.4696297562213));
#9751=CARTESIAN_POINT('',(129.566854998071,-87.756589978736,18.4615199482531));
#9752=CARTESIAN_POINT('Origin',(129.566854998071,-87.756589978736,18.4615199482531));
#9753=CARTESIAN_POINT('',(129.566854998071,-87.8616307141515,18.4655187046618));
#9754=CARTESIAN_POINT('',(129.566854998071,-87.5955882964545,18.4655187046618));
#9755=CARTESIAN_POINT('',(129.566854998071,-87.7575913367682,18.4615199482531));
#9756=CARTESIAN_POINT('',(129.566854998071,-87.9685917792731,18.4696297562213));
#9757=CARTESIAN_POINT('',(129.566854998071,-87.7575913367682,18.4615199482531));
#9758=CARTESIAN_POINT('Origin',(129.566854998071,-87.7575913367682,18.4615199482531));
#9759=CARTESIAN_POINT('',(129.566854998071,-87.863656327091,18.4655187046618));
#9760=CARTESIAN_POINT('',(129.566854998071,-87.5960889754706,18.4655187046618));
#9761=CARTESIAN_POINT('',(129.566854998071,-87.761587232154,18.4615199482531));
#9762=CARTESIAN_POINT('',(129.566854998071,-87.9685917792731,18.4696297562213));
#9763=CARTESIAN_POINT('',(129.566854998071,-87.761587232154,18.4615199482531));
#9764=CARTESIAN_POINT('Origin',(129.566854998071,-87.761587232154,18.4615199482531));
#9765=CARTESIAN_POINT('',(129.566854998071,-87.9579464339444,18.4655187046618));
#9766=CARTESIAN_POINT('',(129.566854998071,-87.5980869231635,18.4655187046618));
#9767=CARTESIAN_POINT('',(129.566854998071,-87.9475918708258,18.4615199482531));
#9768=CARTESIAN_POINT('',(129.566854998071,-87.9685917792731,18.4696297562213));
#9769=CARTESIAN_POINT('',(129.566854998071,-87.9475918708258,18.4615199482531));
#9770=CARTESIAN_POINT('Origin',(129.566854998071,-87.9475918708258,18.4615199482531));
#9771=CARTESIAN_POINT('',(129.566854998071,-87.9665661663336,18.4655187046618));
#9772=CARTESIAN_POINT('',(129.566854998071,-87.6910892424994,18.4655187046618));
#9773=CARTESIAN_POINT('',(129.566854998071,-87.9645958838874,18.4615199482531));
#9774=CARTESIAN_POINT('',(129.566854998071,-87.9685917792731,18.4696297562213));
#9775=CARTESIAN_POINT('',(129.566854998071,-87.9645958838874,18.4615199482531));
#9776=CARTESIAN_POINT('Origin',(129.566854998071,-87.9645958838874,18.4615199482531));
#9777=CARTESIAN_POINT('',(129.566854998071,-87.9675765556041,18.4655187046618));
#9778=CARTESIAN_POINT('',(129.566854998071,-87.6995912490302,18.4655187046618));
#9779=CARTESIAN_POINT('',(129.566854998071,-87.9665890632086,18.4615199482531));
#9780=CARTESIAN_POINT('',(129.566854998071,-87.9685917792731,18.4696297562213));
#9781=CARTESIAN_POINT('',(129.566854998071,-87.9665890632086,18.4615199482531));
#9782=CARTESIAN_POINT('Origin',(129.566854998071,-88.2495919166022,18.4615199482531));
#9783=CARTESIAN_POINT('',(129.566854998071,-88.1110373288237,18.4655187046618));
#9784=CARTESIAN_POINT('',(129.566854998071,-87.8420892653876,18.4655187046618));
#9785=CARTESIAN_POINT('',(129.566854998071,-88.2495919166022,18.4615199482531));
#9786=CARTESIAN_POINT('',(129.566854998071,-88.2495919166022,18.4615199482531));
#9787=CARTESIAN_POINT('',(129.566854998071,-88.2495919166022,18.4615199482531));
#9788=CARTESIAN_POINT('Origin',(129.566854998071,-88.2535973487311,18.4696297562213));
#9789=CARTESIAN_POINT('',(129.566854998071,-88.2515669013932,18.4655187046618));
#9790=CARTESIAN_POINT('',(129.566854998071,-87.8440919814521,18.4655187046618));
#9791=CARTESIAN_POINT('',(129.566854998071,-88.2535973487311,18.4696297562213));
#9792=CARTESIAN_POINT('Origin',(129.566854998071,-88.2645836768561,18.4615199482531));
#9793=CARTESIAN_POINT('',(129.566854998071,-88.2591665757151,18.4655187046618));
#9794=CARTESIAN_POINT('',(129.566854998071,-87.8495851455146,18.4655187046618));
#9795=CARTESIAN_POINT('',(129.566854998071,-88.2645836768561,18.4615199482531));
#9796=CARTESIAN_POINT('',(129.566854998071,-88.2645836768561,18.4615199482531));
#9797=CARTESIAN_POINT('',(129.566854998071,-88.2645836768561,18.4615199482531));
#9798=CARTESIAN_POINT('Origin',(129.566854998071,-88.2645836768561,18.4615199482531));
#9799=CARTESIAN_POINT('',(129.566854998071,-89.0973924421206,18.4655187046618));
#9800=CARTESIAN_POINT('',(129.566854998071,-87.8495851455146,18.4655187046618));
#9801=CARTESIAN_POINT('',(129.566854998071,-89.9535885749274,18.4696297562213));
#9802=CARTESIAN_POINT('Origin',(129.566854998071,-88.2645836768561,18.4615199482531));
#9803=CARTESIAN_POINT('',(129.566854998071,-89.9535885749274,18.4655187046618));
#9804=CARTESIAN_POINT('',(129.566854998071,-87.8495851455146,18.4655187046618));
#9805=CARTESIAN_POINT('',(129.566854998071,-89.9535885749274,18.4615199482531));
#9806=CARTESIAN_POINT('',(129.566854998071,-89.9535885749274,18.4615199482531));
#9807=CARTESIAN_POINT('',(129.566854998071,-89.9535885749274,18.4615199482531));
#9808=CARTESIAN_POINT('Origin',(129.553656145532,-89.9535885749274,18.4615199482531));
#9809=CARTESIAN_POINT('',(129.560164190652,-89.9535885749274,18.4655187046618));
#9810=CARTESIAN_POINT('',(127.942034765679,-89.9535885749274,18.4655187046618));
#9811=CARTESIAN_POINT('',(129.553656145532,-89.9535885749274,18.4615199482531));
#9812=CARTESIAN_POINT('',(129.553656145532,-89.9535885749274,18.4615199482531));
#9813=CARTESIAN_POINT('',(129.553656145532,-89.9535885749274,18.4615199482531));
#9814=CARTESIAN_POINT('Origin',(129.553656145532,-89.9535885749274,18.4615199482531));
#9815=CARTESIAN_POINT('',(128.808188731477,-89.9535885749274,18.4655187046618));
#9816=CARTESIAN_POINT('',(127.942034765679,-89.9535885749274,18.4655187046618));
#9817=CARTESIAN_POINT('',(128.04178671499,-89.9535885749274,18.4696297562213));
#9818=CARTESIAN_POINT('Origin',(129.553656145532,-89.9535885749274,18.4615199482531));
#9819=CARTESIAN_POINT('',(128.755962725307,-89.9535885749274,18.4655187046618));
#9820=CARTESIAN_POINT('',(127.942034765679,-89.9535885749274,18.4655187046618));
#9821=CARTESIAN_POINT('',(129.45063070913,-89.9535885749274,18.4615199482531));
#9822=CARTESIAN_POINT('',(128.04178671499,-89.9535885749274,18.4696297562213));
#9823=CARTESIAN_POINT('',(129.45063070913,-89.9535885749274,18.4615199482531));
#9824=CARTESIAN_POINT('Origin',(129.45063070913,-89.9535885749274,18.4615199482531));
#9825=CARTESIAN_POINT('',(128.68710638856,-89.9535885749274,18.4655187046618));
#9826=CARTESIAN_POINT('',(127.890522047479,-89.9535885749274,18.4655187046618));
#9827=CARTESIAN_POINT('',(129.314798876244,-89.9535885749274,18.4615199482531));
#9828=CARTESIAN_POINT('',(128.04178671499,-89.9535885749274,18.4696297562213));
#9829=CARTESIAN_POINT('',(129.314798876244,-89.9535885749274,18.4615199482531));
#9830=CARTESIAN_POINT('Origin',(128.038305803735,-89.9535885749274,18.4615199482531));
#9831=CARTESIAN_POINT('',(128.040022159565,-89.9535885749274,18.4655187046618));
#9832=CARTESIAN_POINT('',(127.184359594781,-89.9535885749274,18.4655187046618));
#9833=CARTESIAN_POINT('',(128.038305803735,-89.9535885749274,18.4615199482531));
#9834=CARTESIAN_POINT('',(128.038305803735,-89.9535885749274,18.4615199482531));
#9835=CARTESIAN_POINT('',(128.038305803735,-89.9535885749274,18.4615199482531));
#9836=CARTESIAN_POINT('Origin',(128.038305803735,-89.9535885749274,18.4615199482531));
#9837=CARTESIAN_POINT('',(127.686509286664,-89.9535885749274,18.4655187046618));
#9838=CARTESIAN_POINT('',(127.184359594781,-89.9535885749274,18.4655187046618));
#9839=CARTESIAN_POINT('',(127.324833437402,-89.9535885749274,18.4696297562213));
#9840=CARTESIAN_POINT('Origin',(128.038305803735,-89.9535885749274,18.4615199482531));
#9841=CARTESIAN_POINT('',(127.540742505397,-89.9535885749274,18.4655187046618));
#9842=CARTESIAN_POINT('',(127.184359594781,-89.9535885749274,18.4655187046618));
#9843=CARTESIAN_POINT('',(127.750753923852,-89.9535885749274,18.4615199482531));
#9844=CARTESIAN_POINT('',(127.324833437402,-89.9535885749274,18.4696297562213));
#9845=CARTESIAN_POINT('',(127.750753923852,-89.9535885749274,18.4615199482531));
#9846=CARTESIAN_POINT('Origin',(127.750753923852,-89.9535885749274,18.4615199482531));
#9847=CARTESIAN_POINT('',(127.505905830357,-89.9535885749274,18.4655187046618));
#9848=CARTESIAN_POINT('',(127.040583654839,-89.9535885749274,18.4655187046618));
#9849=CARTESIAN_POINT('',(127.682032152612,-89.9535885749274,18.4615199482531));
#9850=CARTESIAN_POINT('',(127.324833437402,-89.9535885749274,18.4696297562213));
#9851=CARTESIAN_POINT('',(127.682032152612,-89.9535885749274,18.4615199482531));
#9852=CARTESIAN_POINT('Origin',(127.682032152612,-89.9535885749274,18.4615199482531));
#9853=CARTESIAN_POINT('',(127.325399062017,-89.9535885749274,18.4655187046618));
#9854=CARTESIAN_POINT('',(127.006222769219,-89.9535885749274,18.4655187046618));
#9855=CARTESIAN_POINT('',(127.325949236352,-89.9535885749274,18.4615199482531));
#9856=CARTESIAN_POINT('',(127.324833437402,-89.9535885749274,18.4696297562213));
#9857=CARTESIAN_POINT('',(127.325949236352,-89.9535885749274,18.4615199482531));
#9858=CARTESIAN_POINT('Origin',(127.319740816552,-89.9535885749274,18.4615199482531));
#9859=CARTESIAN_POINT('',(127.322251868644,-89.9535885749274,18.4655187046618));
#9860=CARTESIAN_POINT('',(126.82507710119,-89.9535885749274,18.4655187046618));
#9861=CARTESIAN_POINT('',(127.319740816552,-89.9535885749274,18.4615199482531));
#9862=CARTESIAN_POINT('',(127.319740816552,-89.9535885749274,18.4615199482531));
#9863=CARTESIAN_POINT('',(127.319740816552,-89.9535885749274,18.4615199482531));
#9864=CARTESIAN_POINT('Origin',(127.166647478539,-89.9535885749274,18.4696297562213));
#9865=CARTESIAN_POINT('',(127.244254076433,-89.9535885749274,18.4655187046618));
#9866=CARTESIAN_POINT('',(126.748530432183,-89.9535885749274,18.4655187046618));
#9867=CARTESIAN_POINT('',(127.166647478539,-89.9535885749274,18.4696297562213));
#9868=CARTESIAN_POINT('Origin',(127.164663835961,-89.9535885749274,18.4615199482531));
#9869=CARTESIAN_POINT('',(127.165641923667,-89.9535885749274,18.4655187046618));
#9870=CARTESIAN_POINT('',(126.747538610894,-89.9535885749274,18.4655187046618));
#9871=CARTESIAN_POINT('',(127.164663835961,-89.9535885749274,18.4615199482531));
#9872=CARTESIAN_POINT('',(127.164663835961,-89.9535885749274,18.4615199482531));
#9873=CARTESIAN_POINT('',(127.164663835961,-89.9535885749274,18.4615199482531));
#9874=CARTESIAN_POINT('Origin',(127.164663835961,-89.9535885749274,18.4615199482531));
#9875=CARTESIAN_POINT('',(127.107445705159,-89.9535885749274,18.4655187046618));
#9876=CARTESIAN_POINT('',(126.747538610894,-89.9535885749274,18.4655187046618));
#9877=CARTESIAN_POINT('',(127.048620745141,-89.9535885749274,18.4696297562213));
#9878=CARTESIAN_POINT('Origin',(127.164663835961,-89.9535885749274,18.4615199482531));
#9879=CARTESIAN_POINT('',(127.048809286679,-89.9535885749274,18.4655187046618));
#9880=CARTESIAN_POINT('',(126.747538610894,-89.9535885749274,18.4655187046618));
#9881=CARTESIAN_POINT('',(127.048992678124,-89.9535885749274,18.4615199482531));
#9882=CARTESIAN_POINT('',(127.048620745141,-89.9535885749274,18.4696297562213));
#9883=CARTESIAN_POINT('',(127.048992678124,-89.9535885749274,18.4615199482531));
#9884=CARTESIAN_POINT('Origin',(127.048992678124,-89.9535885749274,18.4615199482531));
#9885=CARTESIAN_POINT('',(127.033783976379,-89.9535885749274,18.4655187046618));
#9886=CARTESIAN_POINT('',(126.689703031976,-89.9535885749274,18.4655187046618));
#9887=CARTESIAN_POINT('',(127.01935248037,-89.9535885749274,18.4615199482531));
#9888=CARTESIAN_POINT('',(127.01935248037,-89.9535885749274,18.4615199482531));
#9889=CARTESIAN_POINT('',(127.01935248037,-89.9535885749274,18.4615199482531));
#9890=CARTESIAN_POINT('Origin',(127.01935248037,-89.9535885749274,18.4615199482531));
#9891=CARTESIAN_POINT('',(126.373151563788,-89.9535885749274,18.4655187046618));
#9892=CARTESIAN_POINT('',(126.674882933099,-89.9535885749274,18.4655187046618));
#9893=CARTESIAN_POINT('',(125.708803698022,-89.9535885749274,18.4696297562213));
#9894=CARTESIAN_POINT('Origin',(127.01935248037,-89.9535885749274,18.4615199482531));
#9895=CARTESIAN_POINT('',(126.308341618521,-89.9535885749274,18.4655187046618));
#9896=CARTESIAN_POINT('',(126.674882933099,-89.9535885749274,18.4655187046618));
#9897=CARTESIAN_POINT('',(126.891502901513,-89.9535885749274,18.4615199482531));
#9898=CARTESIAN_POINT('',(125.708803698022,-89.9535885749274,18.4696297562213));
#9899=CARTESIAN_POINT('',(126.891502901513,-89.9535885749274,18.4615199482531));
#9900=CARTESIAN_POINT('Origin',(126.891502901513,-89.9535885749274,18.4615199482531));
#9901=CARTESIAN_POINT('',(126.305644024201,-89.9535885749274,18.4655187046618));
#9902=CARTESIAN_POINT('',(126.61095814367,-89.9535885749274,18.4655187046618));
#9903=CARTESIAN_POINT('',(126.886181398827,-89.9535885749274,18.4615199482531));
#9904=CARTESIAN_POINT('',(125.708803698022,-89.9535885749274,18.4696297562213));
#9905=CARTESIAN_POINT('',(126.886181398827,-89.9535885749274,18.4615199482531));
#9906=CARTESIAN_POINT('Origin',(126.886181398827,-89.9535885749274,18.4615199482531));
#9907=CARTESIAN_POINT('',(126.275404862061,-89.9535885749274,18.4655187046618));
#9908=CARTESIAN_POINT('',(126.608297392327,-89.9535885749274,18.4655187046618));
#9909=CARTESIAN_POINT('',(126.826529070336,-89.9535885749274,18.4615199482531));
#9910=CARTESIAN_POINT('',(125.708803698022,-89.9535885749274,18.4696297562213));
#9911=CARTESIAN_POINT('',(126.826529070336,-89.9535885749274,18.4615199482531));
#9912=CARTESIAN_POINT('Origin',(126.826529070336,-89.9535885749274,18.4615199482531));
#9913=CARTESIAN_POINT('',(126.271779063244,-89.9535885749274,18.4655187046618));
#9914=CARTESIAN_POINT('',(126.578471228082,-89.9535885749274,18.4655187046618));
#9915=CARTESIAN_POINT('',(126.819376512963,-89.9535885749274,18.4615199482531));
#9916=CARTESIAN_POINT('',(125.708803698022,-89.9535885749274,18.4696297562213));
#9917=CARTESIAN_POINT('',(126.819376512963,-89.9535885749274,18.4615199482531));
#9918=CARTESIAN_POINT('Origin',(129.564661547143,-84.9545994697028,18.4615199482531));
#9919=CARTESIAN_POINT('',(129.578403994042,-84.7375908790045,18.4615199482531));
#9920=CARTESIAN_POINT('',(129.518103167016,-84.9545994697028,18.4615199482531));
#9921=CARTESIAN_POINT('',(129.564661547143,-84.9545994697028,18.4615199482531));
#9922=CARTESIAN_POINT('Origin',(129.273809954125,-84.9545994697028,18.4615199482531));
#9923=CARTESIAN_POINT('',(129.440407320458,-84.7375908790045,18.4615199482531));
#9924=CARTESIAN_POINT('',(129.285053774316,-84.9545994697028,18.4615199482531));
#9925=CARTESIAN_POINT('',(129.273809954125,-84.9545994697028,18.4615199482531));
#9926=CARTESIAN_POINT('Origin',(126.982416674096,-84.7375908790045,17.037519685039));
#9927=CARTESIAN_POINT('',(129.578403994042,-84.7375908790045,15.7555203354449));
#9928=CARTESIAN_POINT('',(129.578403994042,-84.7375908790045,15.7555203354449));
#9929=CARTESIAN_POINT('',(126.982416674096,-84.7375908790045,17.037519685039));
#9930=CARTESIAN_POINT('',(126.982416674096,-84.7375908790045,17.037519685039));
#9931=CARTESIAN_POINT('',(126.982416674096,-84.7375908790045,17.037519685039));
#9932=CARTESIAN_POINT('Origin',(127.488407656152,-84.7375908790045,18.4615199482531));
#9933=CARTESIAN_POINT('',(128.954414888818,-84.7375908790045,18.4615199482531));
#9934=CARTESIAN_POINT('',(126.982416674096,-84.7375908790045,17.037519685039));
#9935=CARTESIAN_POINT('',(127.488407656152,-84.7375908790045,18.4615199482531));
#9936=CARTESIAN_POINT('',(126.982416674096,-84.7375908790045,17.037519685039));
#9937=CARTESIAN_POINT('',(127.488407656152,-84.7375908790045,18.4615199482531));
#9938=CARTESIAN_POINT('Origin',(128.860497042138,-84.9545994697028,18.4615199482531));
#9939=CARTESIAN_POINT('',(128.954414888818,-84.7375908790045,18.4615199482531));
#9940=CARTESIAN_POINT('',(128.860497042138,-84.9545994697028,18.4615199482531));
#9941=CARTESIAN_POINT('Origin',(128.798107668359,-84.9545994697028,18.4615199482531));
#9942=CARTESIAN_POINT('',(127.488407656152,-84.7375908790045,18.4615199482531));
#9943=CARTESIAN_POINT('',(128.798107668359,-84.9545994697028,18.4615199482531));
#9944=CARTESIAN_POINT('Origin',(128.160023256738,-84.9545994697028,18.4615199482531));
#9945=CARTESIAN_POINT('',(127.488407656152,-84.7375908790045,18.4615199482531));
#9946=CARTESIAN_POINT('',(127.488407656152,-84.7375908790045,18.4615199482531));
#9947=CARTESIAN_POINT('Origin',(128.156017824609,-84.9545994697028,18.4615199482531));
#9948=CARTESIAN_POINT('',(127.488407656152,-84.7375908790045,18.4615199482531));
#9949=CARTESIAN_POINT('Origin',(127.388538881738,-84.9545994697028,18.4615199482531));
#9950=CARTESIAN_POINT('',(127.391123339135,-84.9545994697028,18.4615199482531));
#9951=CARTESIAN_POINT('',(127.388538881738,-84.9545994697028,18.4615199482531));
#9952=CARTESIAN_POINT('Origin',(127.311176821191,-84.9545994697028,18.4615199482531));
#9953=CARTESIAN_POINT('',(126.224407717187,-84.7375908790045,18.4615199482531));
#9954=CARTESIAN_POINT('',(126.224407717187,-84.7375908790045,18.4615199482531));
#9955=CARTESIAN_POINT('',(126.224407717187,-84.7375908790045,18.4615199482531));
#9956=CARTESIAN_POINT('',(127.311176821191,-84.9545994697028,18.4615199482531));
#9957=CARTESIAN_POINT('Origin',(126.893839403588,-84.9545994697028,18.4615199482531));
#9958=CARTESIAN_POINT('',(126.250471636254,-84.9545994697028,18.4615199482531));
#9959=CARTESIAN_POINT('',(126.224407717187,-84.7375908790045,18.4615199482531));
#9960=CARTESIAN_POINT('',(126.893839403588,-84.9545994697028,18.4615199482531));
#9961=CARTESIAN_POINT('',(126.250471636254,-84.9545994697028,18.4615199482531));
#9962=CARTESIAN_POINT('',(126.224407717187,-84.7375908790045,18.4615199482531));
#9963=CARTESIAN_POINT('Origin',(126.893839403588,-84.9545994697028,18.4615199482531));
#9964=CARTESIAN_POINT('',(126.25180946679,-84.9545994697028,18.4655187046618));
#9965=CARTESIAN_POINT('',(125.925671280339,-84.9545994697028,18.4655187046618));
#9966=CARTESIAN_POINT('',(126.612126394708,-84.9545994697028,18.4655187046618));
#9967=CARTESIAN_POINT('',(125.591749712426,-84.9545994697028,18.4696297562213));
#9968=CARTESIAN_POINT('',(125.591749712426,-84.9545994697028,18.4696297562213));
#9969=CARTESIAN_POINT('Origin',(125.591320558984,-84.9545994697028,18.4615199482531));
#9970=CARTESIAN_POINT('',(125.761833517764,-84.9545994697028,18.4655187046618));
#9971=CARTESIAN_POINT('',(125.591532164497,-84.9545994697028,18.4655187046618));
#9972=CARTESIAN_POINT('',(125.960866972405,-84.9545994697028,18.4655187046618));
#9973=CARTESIAN_POINT('',(125.927271410424,-84.9545994697028,18.4615199482531));
#9974=CARTESIAN_POINT('',(125.591749712426,-84.9545994697028,18.4696297562213));
#9975=CARTESIAN_POINT('',(125.591320558984,-84.9545994697028,18.4615199482531));
#9976=CARTESIAN_POINT('',(125.591320558984,-84.9545994697028,18.4615199482531));
#9977=CARTESIAN_POINT('',(125.591320558984,-84.9545994697028,18.4615199482531));
#9978=CARTESIAN_POINT('Origin',(125.300774141747,-84.9545994697028,18.4615199482531));
#9979=CARTESIAN_POINT('',(125.467895787557,-84.9545994697028,18.4655187046618));
#9980=CARTESIAN_POINT('',(125.382670177748,-84.9545994697028,18.4655187046618));
#9981=CARTESIAN_POINT('',(125.815593763787,-84.9545994697028,18.4655187046618));
#9982=CARTESIAN_POINT('',(125.468897386987,-84.9545994697028,18.4615199482531));
#9983=CARTESIAN_POINT('',(125.466866060693,-84.9545994697028,18.4696297562213));
#9984=CARTESIAN_POINT('',(125.300774141747,-84.9545994697028,18.4615199482531));
#9985=CARTESIAN_POINT('',(125.300774141747,-84.9545994697028,18.4615199482531));
#9986=CARTESIAN_POINT('',(125.300774141747,-84.9545994697028,18.4615199482531));
#9987=CARTESIAN_POINT('Origin',(125.468897386987,-84.9545994697028,18.4615199482531));
#9988=CARTESIAN_POINT('',(125.18440680166,-84.7375908790045,18.4615199482531));
#9989=CARTESIAN_POINT('',(125.18440680166,-84.7375908790045,18.4615199482531));
#9990=CARTESIAN_POINT('',(125.18440680166,-84.7375908790045,18.4615199482531));
#9991=CARTESIAN_POINT('Origin',(125.18440680166,-84.7375908790045,18.4615199482531));
#9992=CARTESIAN_POINT('',(125.678410097558,-84.7375908790045,17.037519685039));
#9993=CARTESIAN_POINT('',(126.154408022363,-84.7375908790045,18.4615199482531));
#9994=CARTESIAN_POINT('',(125.678410097558,-84.7375908790045,17.037519685039));
#9995=CARTESIAN_POINT('',(125.18440680166,-84.7375908790045,18.4615199482531));
#9996=CARTESIAN_POINT('',(125.18440680166,-84.7375908790045,18.4615199482531));
#9997=CARTESIAN_POINT('Origin',(125.93820051809,-84.9545994697028,18.4615199482531));
#9998=CARTESIAN_POINT('',(125.933012529809,-84.9545994697028,18.4615199482531));
#9999=CARTESIAN_POINT('',(125.933012529809,-84.9545994697028,18.4615199482531));
#10000=CARTESIAN_POINT('',(125.93820051809,-84.9545994697028,18.4615199482531));
#10001=CARTESIAN_POINT('',(125.933012529809,-84.9545994697028,18.4615199482531));
#10002=CARTESIAN_POINT('',(125.93820051809,-84.9545994697028,18.4615199482531));
#10003=CARTESIAN_POINT('Origin',(126.098017260034,-84.9545994697028,18.4615199482531));
#10004=CARTESIAN_POINT('',(125.84838858714,-84.9545994697028,18.4655187046618));
#10005=CARTESIAN_POINT('',(125.797748263653,-84.9545994697028,18.4655187046618));
#10006=CARTESIAN_POINT('',(126.21421532293,-84.9545994697028,18.4655187046618));
#10007=CARTESIAN_POINT('',(126.098017260034,-84.9545994697028,18.4615199482531));
#10008=CARTESIAN_POINT('',(125.591749712426,-84.9545994697028,18.4696297562213));
#10009=CARTESIAN_POINT('',(125.99811987539,-84.9545994697028,18.4615199482531));
#10010=CARTESIAN_POINT('',(125.99811987539,-84.9545994697028,18.4615199482531));
#10011=CARTESIAN_POINT('',(125.591749712426,-84.9545994697028,18.4696297562213));
#10012=CARTESIAN_POINT('Origin',(126.224407717187,-84.7375908790045,18.4615199482531));
#10013=CARTESIAN_POINT('',(126.224407717187,-84.7375908790045,18.4615199482531));
#10014=CARTESIAN_POINT('Origin',(125.678410097558,-85.7346001563483,15.0435202038378));
#10015=CARTESIAN_POINT('',(125.678410097558,-86.7325821814948,17.037519685039));
#10016=CARTESIAN_POINT('',(125.678410097558,-86.7325821814948,17.037519685039));
#10017=CARTESIAN_POINT('',(125.678410097558,-85.7346001563483,15.0435202038378));
#10018=CARTESIAN_POINT('',(125.678410097558,-86.7325821814948,17.037519685039));
#10019=CARTESIAN_POINT('',(125.678410097558,-85.7346001563483,15.0435202038378));
#10020=CARTESIAN_POINT('Origin',(126.982416674096,-86.7325821814948,17.037519685039));
#10021=CARTESIAN_POINT('',(126.982416674096,-85.7346001563483,15.0435202038378));
#10022=CARTESIAN_POINT('',(126.982416674096,-85.7346001563483,15.0435202038378));
#10023=CARTESIAN_POINT('',(126.982416674096,-86.7325821814948,17.037519685039));
#10024=CARTESIAN_POINT('',(126.982416674096,-86.7325821814948,17.037519685039));
#10025=CARTESIAN_POINT('',(126.982416674096,-86.7325821814948,17.037519685039));
#10026=CARTESIAN_POINT('Origin',(124.128403231103,-88.1365910468512,17.037519685039));
#10027=CARTESIAN_POINT('',(125.678410097558,-88.1365910468512,17.037519685039));
#10028=CARTESIAN_POINT('',(125.678410097558,-88.1365910468512,17.037519685039));
#10029=CARTESIAN_POINT('',(124.128403231103,-88.1365910468512,17.037519685039));
#10030=CARTESIAN_POINT('',(124.128403231103,-88.1365910468512,17.037519685039));
#10031=CARTESIAN_POINT('',(124.128403231103,-88.1365910468512,17.037519685039));
#10032=CARTESIAN_POINT('Origin',(128.530420824487,-86.7325821814948,17.037519685039));
#10033=CARTESIAN_POINT('',(126.982416674096,-88.1365910468512,17.037519685039));
#10034=CARTESIAN_POINT('',(126.982416674096,-88.1365910468512,17.037519685039));
#10035=CARTESIAN_POINT('',(128.530420824487,-86.7325821814948,17.037519685039));
#10036=CARTESIAN_POINT('',(126.982416674096,-86.7325821814948,17.037519685039));
#10037=CARTESIAN_POINT('',(126.982416674096,-88.1365910468512,17.037519685039));
#10038=CARTESIAN_POINT('Origin',(126.982416674096,-90.1305905280524,17.037519685039));
#10039=CARTESIAN_POINT('',(126.982416674096,-89.1325894294196,15.0435202038378));
#10040=CARTESIAN_POINT('',(126.982416674096,-89.1325894294196,15.0435202038378));
#10041=CARTESIAN_POINT('',(126.982416674096,-90.1305905280524,17.037519685039));
#10042=CARTESIAN_POINT('',(126.982416674096,-90.1305905280524,17.037519685039));
#10043=CARTESIAN_POINT('',(126.982416674096,-90.1305905280524,17.037519685039));
#10044=CARTESIAN_POINT('Origin',(125.678410097558,-89.1325894294196,15.0435202038378));
#10045=CARTESIAN_POINT('',(125.678410097558,-90.1305905280524,17.037519685039));
#10046=CARTESIAN_POINT('',(125.678410097558,-90.1305905280524,17.037519685039));
#10047=CARTESIAN_POINT('',(125.678410097558,-89.1325894294196,15.0435202038378));
#10048=CARTESIAN_POINT('',(125.678410097558,-90.1305905280524,17.037519685039));
#10049=CARTESIAN_POINT('',(125.678410097558,-89.1325894294196,15.0435202038378));
#10050=CARTESIAN_POINT('Origin',(126.982416674096,-90.1305905280524,17.037519685039));
#10051=CARTESIAN_POINT('',(126.606411501367,-90.1305905280524,18.4615199482531));
#10052=CARTESIAN_POINT('',(126.676411196191,-90.1305905280524,18.4615199482531));
#10053=CARTESIAN_POINT('',(126.606411501367,-90.1305905280524,18.4615199482531));
#10054=CARTESIAN_POINT('',(126.606411501367,-90.1305905280524,18.4615199482531));
#10055=CARTESIAN_POINT('',(126.676411196191,-90.1305905280524,18.4615199482531));
#10056=CARTESIAN_POINT('Origin',(125.706057115991,-89.9535885749274,18.4615199482531));
#10057=CARTESIAN_POINT('',(125.16240553518,-90.1305905280524,18.4615199482531));
#10058=CARTESIAN_POINT('',(125.16240553518,-90.1305905280524,18.4615199482531));
#10059=CARTESIAN_POINT('',(125.706057115991,-89.9535885749274,18.4615199482531));
#10060=CARTESIAN_POINT('',(125.706057115991,-89.9535885749274,18.4615199482531));
#10061=CARTESIAN_POINT('',(125.16240553518,-90.1305905280524,18.4615199482531));
#10062=CARTESIAN_POINT('Origin',(125.16240553518,-90.1305905280524,18.4615199482531));
#10063=CARTESIAN_POINT('',(125.068401857812,-90.1305905280524,18.4615199482531));
#10064=CARTESIAN_POINT('',(125.195507570702,-89.9535885749274,18.4615199482531));
#10065=CARTESIAN_POINT('',(125.068401857812,-90.1305905280524,18.4615199482531));
#10066=CARTESIAN_POINT('',(125.068401857812,-90.1305905280524,18.4615199482531));
#10067=CARTESIAN_POINT('',(125.16240553518,-90.1305905280524,18.4615199482531));
#10068=CARTESIAN_POINT('Origin',(125.068401857812,-90.1305905280524,18.4615199482531));
#10069=CARTESIAN_POINT('',(125.004400774438,-90.1305905280524,18.4615199482531));
#10070=CARTESIAN_POINT('',(125.08560614248,-89.9535885749274,18.4615199482531));
#10071=CARTESIAN_POINT('',(125.004400774438,-90.1305905280524,18.4615199482531));
#10072=CARTESIAN_POINT('',(125.004400774438,-90.1305905280524,18.4615199482531));
#10073=CARTESIAN_POINT('',(125.068401857812,-90.1305905280524,18.4615199482531));
#10074=CARTESIAN_POINT('Origin',(124.38040213247,-90.1305905280524,15.0435202038378));
#10075=CARTESIAN_POINT('',(124.044403597314,-90.1305905280524,15.7555203354449));
#10076=CARTESIAN_POINT('',(124.044403597314,-90.1305905280524,15.7555203354449));
#10077=CARTESIAN_POINT('',(124.38040213247,-90.1305905280524,15.0435202038378));
#10078=CARTESIAN_POINT('',(124.044403597314,-90.1305905280524,15.7555203354449));
#10079=CARTESIAN_POINT('',(124.38040213247,-90.1305905280524,15.0435202038378));
#10080=CARTESIAN_POINT('Origin',(124.897198244531,-89.9535885749274,18.4615199482531));
#10081=CARTESIAN_POINT('',(123.082403704125,-90.1305905280524,18.4615199482531));
#10082=CARTESIAN_POINT('',(123.082403704125,-90.1305905280524,18.4615199482531));
#10083=CARTESIAN_POINT('',(124.897198244531,-89.9535885749274,18.4615199482531));
#10084=CARTESIAN_POINT('',(124.897198244531,-89.9535885749274,18.4615199482531));
#10085=CARTESIAN_POINT('',(123.082403704125,-90.1305905280524,18.4615199482531));
#10086=CARTESIAN_POINT('Origin',(123.082403704125,-90.1305905280524,13.0515198624224));
#10087=CARTESIAN_POINT('',(123.082403704125,-90.1305905280524,15.7555203354449));
#10088=CARTESIAN_POINT('',(123.082403704125,-90.1305905280524,15.7555203354449));
#10089=CARTESIAN_POINT('',(123.082403704125,-90.1305905280524,13.0515198624224));
#10090=CARTESIAN_POINT('',(123.082403704125,-90.1305905280524,13.0515198624224));
#10091=CARTESIAN_POINT('',(123.082403704125,-90.1305905280524,13.0515198624224));
#10092=CARTESIAN_POINT('Origin',(123.082403704125,-89.9535885749274,17.2541003143878));
#10093=CARTESIAN_POINT('',(123.082403704125,-89.9535885749274,18.0606906330676));
#10094=CARTESIAN_POINT('',(123.082403704125,-90.1305905280524,15.7555203354449));
#10095=CARTESIAN_POINT('',(123.082403704125,-89.9535885749274,17.2541003143878));
#10096=CARTESIAN_POINT('',(123.082403704125,-89.9535885749274,17.2541003143878));
#10097=CARTESIAN_POINT('',(123.082403704125,-90.1305905280524,15.7555203354449));
#10098=CARTESIAN_POINT('Origin',(123.185200258691,-89.9535885749274,18.4615199482531));
#10099=CARTESIAN_POINT('',(123.082403704125,-89.9535885749274,18.4615199482531));
#10100=CARTESIAN_POINT('',(123.082403704125,-90.1305905280524,18.4615199482531));
#10101=CARTESIAN_POINT('',(123.185200258691,-89.9535885749274,18.4615199482531));
#10102=CARTESIAN_POINT('',(123.082403704125,-90.1305905280524,18.4615199482531));
#10103=CARTESIAN_POINT('',(123.082403704125,-89.9535885749274,18.4615199482531));
#10104=CARTESIAN_POINT('Origin',(123.082403704125,-89.9535885749274,18.4615199482531));
#10105=CARTESIAN_POINT('',(123.070110842187,-89.9535885749274,18.4655187046618));
#10106=CARTESIAN_POINT('',(123.076342381755,-89.9535885749274,18.4655187046618));
#10107=CARTESIAN_POINT('',(124.706408544976,-89.9535885749274,18.4655187046618));
#10108=CARTESIAN_POINT('',(123.070110842187,-89.9535885749274,17.1979300892443));
#10109=CARTESIAN_POINT('',(123.070110842187,-89.9535885749274,17.1979300892443));
#10110=CARTESIAN_POINT('',(123.070110842187,-89.9535885749274,17.1979300892443));
#10111=CARTESIAN_POINT('',(123.070110842187,-89.9535885749274,18.4696297562213));
#10112=CARTESIAN_POINT('Origin',(123.082403704125,-89.5745888648444,17.1979300892443));
#10113=CARTESIAN_POINT('',(123.082403704125,-89.9535885749274,17.1979300892443));
#10114=CARTESIAN_POINT('',(123.070110842187,-89.9535885749274,17.1979300892443));
#10115=CARTESIAN_POINT('',(123.082403704125,-89.5745888648444,17.1979300892443));
#10116=CARTESIAN_POINT('',(123.070110842187,-89.9535885749274,17.1979300892443));
#10117=CARTESIAN_POINT('',(123.082403704125,-89.9535885749274,17.1979300892443));
#10118=CARTESIAN_POINT('Origin',(123.082403704125,-88.9395943580084,15.7555203354449));
#10119=CARTESIAN_POINT('',(123.082403704125,-88.9395943580084,15.7555203354449));
#10120=CARTESIAN_POINT('',(123.082403704125,-90.1305905280524,15.7555203354449));
#10121=CARTESIAN_POINT('',(123.082403704125,-90.1305905280524,13.0515198624224));
#10122=CARTESIAN_POINT('Origin',(123.082403704125,-88.9395943580084,15.7555203354449));
#10123=CARTESIAN_POINT('',(123.082403704125,-88.9005890784674,15.7555203354449));
#10124=CARTESIAN_POINT('',(123.082403704125,-88.3045903144293,17.1979300892443));
#10125=CARTESIAN_POINT('',(123.082403704125,-88.9005890784674,15.7555203354449));
#10126=CARTESIAN_POINT('',(123.082403704125,-88.9395943580084,15.7555203354449));
#10127=CARTESIAN_POINT('',(123.082403704125,-88.9395943580084,15.7555203354449));
#10128=CARTESIAN_POINT('Origin',(123.082403704125,-88.2855931220465,17.1979300892443));
#10129=CARTESIAN_POINT('',(123.082403704125,-88.2445946631842,17.1979300892443));
#10130=CARTESIAN_POINT('',(123.070110842187,-89.9535885749274,17.1979300892443));
#10131=CARTESIAN_POINT('',(123.082403704125,-88.2855931220465,17.1979300892443));
#10132=CARTESIAN_POINT('',(123.082403704125,-88.2855931220465,17.1979300892443));
#10133=CARTESIAN_POINT('',(123.070110842187,-89.9535885749274,17.1979300892443));
#10134=CARTESIAN_POINT('Origin',(123.082403704125,-88.2445946631842,17.1979300892443));
#10135=CARTESIAN_POINT('',(123.082403704125,-87.6605931220465,17.1979300892443));
#10136=CARTESIAN_POINT('',(123.070110842187,-89.9535885749274,17.1979300892443));
#10137=CARTESIAN_POINT('',(123.082403704125,-88.2445946631842,17.1979300892443));
#10138=CARTESIAN_POINT('Origin',(123.082403704125,-86.9846001563483,17.1979300892443));
#10139=CARTESIAN_POINT('',(123.070110842187,-87.5835839209967,17.1979300892443));
#10140=CARTESIAN_POINT('',(123.070110842187,-87.5835839209967,17.1979300892443));
#10141=CARTESIAN_POINT('',(123.082403704125,-86.9846001563483,17.1979300892443));
#10142=CARTESIAN_POINT('',(123.070110842187,-87.5835839209967,17.1979300892443));
#10143=CARTESIAN_POINT('',(123.082403704125,-87.6605931220465,17.1979300892443));
#10144=CARTESIAN_POINT('Origin',(123.082403704125,-86.2035885749274,15.7555203354449));
#10145=CARTESIAN_POINT('',(123.082403704125,-86.935581296485,17.1095197117419));
#10146=CARTESIAN_POINT('',(123.082403704125,-88.9005890784674,15.7555203354449));
#10147=CARTESIAN_POINT('',(123.082403704125,-86.2035885749274,15.7555203354449));
#10148=CARTESIAN_POINT('',(123.082403704125,-86.935581296485,17.1095197117419));
#10149=CARTESIAN_POINT('',(123.082403704125,-88.9005890784674,15.7555203354449));
#10150=CARTESIAN_POINT('Origin',(123.082403704125,-86.9846001563483,17.1979300892443));
#10151=CARTESIAN_POINT('',(123.082403704125,-86.7925778327399,17.1979300892443));
#10152=CARTESIAN_POINT('',(123.070110842187,-87.5835839209967,17.1979300892443));
#10153=CARTESIAN_POINT('',(123.082403704125,-86.9846001563483,17.1979300892443));
#10154=CARTESIAN_POINT('Origin',(123.082403704125,-86.7925778327399,17.1979300892443));
#10155=CARTESIAN_POINT('',(123.082403704125,-85.4705849585944,17.1095197117419));
#10156=CARTESIAN_POINT('',(123.082403704125,-85.4225865302497,17.1979300892443));
#10157=CARTESIAN_POINT('',(123.082403704125,-85.4705849585944,17.1095197117419));
#10158=CARTESIAN_POINT('',(123.082403704125,-86.7925778327399,17.1979300892443));
#10159=CARTESIAN_POINT('',(123.082403704125,-86.7925778327399,17.1979300892443));
#10160=CARTESIAN_POINT('Origin',(123.082403704125,-84.9545994697028,17.1979300892443));
#10161=CARTESIAN_POINT('',(123.082403704125,-84.7375908790045,15.7555203354449));
#10162=CARTESIAN_POINT('',(123.082403704125,-85.4705849585944,17.1095197117419));
#10163=CARTESIAN_POINT('',(123.082403704125,-84.9545994697028,17.1979300892443));
#10164=CARTESIAN_POINT('',(123.082403704125,-85.4705849585944,17.1095197117419));
#10165=CARTESIAN_POINT('',(123.082403704125,-84.9545994697028,17.1979300892443));
#10166=CARTESIAN_POINT('Origin',(123.082403704125,-85.4705849585944,14.4035200989337));
#10167=CARTESIAN_POINT('',(123.082403704125,-84.7375908790045,13.0515198624224));
#10168=CARTESIAN_POINT('',(123.082403704125,-84.7375908790045,13.0515198624224));
#10169=CARTESIAN_POINT('',(123.082403704125,-85.4705849585944,14.4035200989337));
#10170=CARTESIAN_POINT('',(123.082403704125,-85.4705849585944,14.4035200989337));
#10171=CARTESIAN_POINT('',(123.082403704125,-85.4705849585944,14.4035200989337));
#10172=CARTESIAN_POINT('Origin',(123.082403704125,-88.1685963569098,14.4035200989337));
#10173=CARTESIAN_POINT('',(123.082403704125,-87.4335995612555,13.0515198624224));
#10174=CARTESIAN_POINT('',(123.082403704125,-87.4335995612555,13.0515198624224));
#10175=CARTESIAN_POINT('',(123.082403704125,-88.1685963569098,14.4035200989337));
#10176=CARTESIAN_POINT('',(123.082403704125,-88.1685963569098,14.4035200989337));
#10177=CARTESIAN_POINT('',(123.082403704125,-88.1685963569098,14.4035200989337));
#10178=CARTESIAN_POINT('Origin',(123.082403704125,-84.7375908790045,13.0515198624224));
#10179=CARTESIAN_POINT('',(124.128403231103,-86.7325821814948,13.0515198624224));
#10180=CARTESIAN_POINT('',(125.678410097558,-84.7375908790045,13.0515198624224));
#10181=CARTESIAN_POINT('',(124.128403231103,-86.7325821814948,13.0515198624224));
#10182=CARTESIAN_POINT('',(123.082403704125,-84.7375908790045,13.0515198624224));
#10183=CARTESIAN_POINT('',(123.082403704125,-84.7375908790045,13.0515198624224));
#10184=CARTESIAN_POINT('Origin',(123.606409594018,-88.4305897651129,13.0515198624224));
#10185=CARTESIAN_POINT('',(124.128403231103,-88.1365910468512,13.0515198624224));
#10186=CARTESIAN_POINT('',(124.128403231103,-88.1365910468512,13.0515198624224));
#10187=CARTESIAN_POINT('',(123.606409594018,-88.4305897651129,13.0515198624224));
#10188=CARTESIAN_POINT('',(123.606409594018,-88.4305897651129,13.0515198624224));
#10189=CARTESIAN_POINT('',(123.606409594018,-88.4305897651129,13.0515198624224));
#10190=CARTESIAN_POINT('Origin',(123.082403704125,-88.9005890784674,15.7555203354449));
#10191=CARTESIAN_POINT('',(123.082403704125,-90.1305905280524,13.0515198624224));
#10192=CARTESIAN_POINT('Origin',(123.082403704125,-88.9005890784674,15.7555203354449));
#10193=CARTESIAN_POINT('',(123.082403704125,-88.9005890784674,15.7555203354449));
#10194=CARTESIAN_POINT('Origin',(123.082403704125,-88.1685963569098,14.4035200989337));
#10195=CARTESIAN_POINT('',(123.082403704125,-90.1305905280524,13.0515198624224));
#10196=CARTESIAN_POINT('Origin',(123.082403704125,-87.4335995612555,13.0515198624224));
#10197=CARTESIAN_POINT('',(123.082403704125,-90.1305905280524,13.0515198624224));
#10198=CARTESIAN_POINT('Origin',(124.128403231103,-88.1365910468512,13.0515198624224));
#10199=CARTESIAN_POINT('',(125.678410097558,-90.1305905280524,13.0515198624224));
#10200=CARTESIAN_POINT('',(125.678410097558,-88.1365910468512,13.0515198624224));
#10201=CARTESIAN_POINT('',(125.678410097558,-90.1305905280524,13.0515198624224));
#10202=CARTESIAN_POINT('',(124.128403231103,-88.1365910468512,13.0515198624224));
#10203=CARTESIAN_POINT('',(124.128403231103,-88.1365910468512,13.0515198624224));
#10204=CARTESIAN_POINT('Origin',(125.678410097558,-90.1305905280524,17.037519685039));
#10205=CARTESIAN_POINT('',(125.678410097558,-90.1305905280524,15.0435202038378));
#10206=CARTESIAN_POINT('',(124.38040213247,-90.1305905280524,15.0435202038378));
#10207=CARTESIAN_POINT('',(125.678410097558,-90.1305905280524,15.0435202038378));
#10208=CARTESIAN_POINT('Origin',(125.678410097558,-88.1365910468512,15.0435202038378));
#10209=CARTESIAN_POINT('',(125.678410097558,-88.1365910468512,15.0435202038378));
#10210=CARTESIAN_POINT('',(125.678410097558,-89.1325894294196,15.0435202038378));
#10211=CARTESIAN_POINT('',(125.678410097558,-88.1365910468512,15.0435202038378));
#10212=CARTESIAN_POINT('Origin',(125.678410097558,-88.1365910468512,13.0515198624224));
#10213=CARTESIAN_POINT('',(124.904408022363,-88.1365910468512,15.0435202038378));
#10214=CARTESIAN_POINT('',(124.128403231103,-88.1365910468512,13.0515198624224));
#10215=CARTESIAN_POINT('',(124.904408022363,-88.1365910468512,15.0435202038378));
#10216=CARTESIAN_POINT('Origin',(124.128403231103,-88.1365910468512,17.037519685039));
#10217=CARTESIAN_POINT('',(124.128403231103,-88.1365910468512,15.0435202038378));
#10218=CARTESIAN_POINT('',(124.128403231103,-87.4335995612555,15.0435202038378));
#10219=CARTESIAN_POINT('',(124.128403231103,-88.1365910468512,15.0435202038378));
#10220=CARTESIAN_POINT('',(124.128403231103,-88.1365910468512,17.037519685039));
#10221=CARTESIAN_POINT('',(124.128403231103,-88.1365910468512,15.0435202038378));
#10222=CARTESIAN_POINT('Origin',(124.128403231103,-86.7325821814948,15.0435202038378));
#10223=CARTESIAN_POINT('',(124.128403231103,-86.7325821814948,17.037519685039));
#10224=CARTESIAN_POINT('',(124.128403231103,-87.4335995612555,15.0435202038378));
#10225=CARTESIAN_POINT('',(124.128403231103,-86.7325821814948,15.0435202038378));
#10226=CARTESIAN_POINT('',(124.128403231103,-87.4335995612555,15.0435202038378));
#10227=CARTESIAN_POINT('',(124.128403231103,-86.7325821814948,15.0435202038378));
#10228=CARTESIAN_POINT('Origin',(124.128403231103,-86.7325821814948,17.037519685039));
#10229=CARTESIAN_POINT('',(124.904408022363,-86.7325821814948,15.0435202038378));
#10230=CARTESIAN_POINT('',(124.128403231103,-86.7325821814948,15.0435202038378));
#10231=CARTESIAN_POINT('',(124.128403231103,-86.7325821814948,17.037519685039));
#10232=CARTESIAN_POINT('Origin',(124.128403231103,-86.7325821814948,13.0515198624224));
#10233=CARTESIAN_POINT('',(125.678410097558,-86.7325821814948,13.0515198624224));
#10234=CARTESIAN_POINT('',(125.678410097558,-86.7325821814948,13.0515198624224));
#10235=CARTESIAN_POINT('',(124.128403231103,-86.7325821814948,13.0515198624224));
#10236=CARTESIAN_POINT('Origin',(124.128403231103,-87.4335995612555,15.0435202038378));
#10237=CARTESIAN_POINT('',(124.128403231103,-88.1365910468512,17.037519685039));
#10238=CARTESIAN_POINT('Origin',(125.678410097558,-86.7325821814948,17.037519685039));
#10239=CARTESIAN_POINT('',(124.128403231103,-86.7325821814948,17.037519685039));
#10240=CARTESIAN_POINT('Origin',(124.904408022363,-86.7325821814948,15.0435202038378));
#10241=CARTESIAN_POINT('',(124.904408022363,-86.7325821814948,15.0435202038378));
#10242=CARTESIAN_POINT('Origin',(125.678410097558,-86.7325821814948,17.037519685039));
#10243=CARTESIAN_POINT('',(125.678410097558,-86.7325821814948,15.0435202038378));
#10244=CARTESIAN_POINT('',(124.904408022363,-86.7325821814948,15.0435202038378));
#10245=CARTESIAN_POINT('',(125.678410097558,-86.7325821814948,15.0435202038378));
#10246=CARTESIAN_POINT('Origin',(125.678410097558,-84.7375908790045,15.0435202038378));
#10247=CARTESIAN_POINT('',(125.678410097558,-84.7375908790045,15.0435202038378));
#10248=CARTESIAN_POINT('',(125.678410097558,-85.7346001563483,15.0435202038378));
#10249=CARTESIAN_POINT('',(125.678410097558,-84.7375908790045,15.0435202038378));
#10250=CARTESIAN_POINT('Origin',(125.678410097558,-84.7375908790045,13.0515198624224));
#10251=CARTESIAN_POINT('',(124.38040213247,-84.7375908790045,15.0435202038378));
#10252=CARTESIAN_POINT('',(123.082403704125,-84.7375908790045,13.0515198624224));
#10253=CARTESIAN_POINT('',(124.38040213247,-84.7375908790045,15.0435202038378));
#10254=CARTESIAN_POINT('Origin',(124.38040213247,-84.7375908790045,15.0435202038378));
#10255=CARTESIAN_POINT('',(124.134411379296,-84.7375908790045,15.7555203354449));
#10256=CARTESIAN_POINT('',(123.082403704125,-84.7375908790045,13.0515198624224));
#10257=CARTESIAN_POINT('',(124.134411379296,-84.7375908790045,15.7555203354449));
#10258=CARTESIAN_POINT('Origin',(124.134411379296,-84.7375908790045,15.7555203354449));
#10259=CARTESIAN_POINT('',(124.104399248559,-84.7375908790045,15.7555203354449));
#10260=CARTESIAN_POINT('',(125.124401613671,-84.7375908790045,18.4615199482531));
#10261=CARTESIAN_POINT('',(124.104399248559,-84.7375908790045,15.7555203354449));
#10262=CARTESIAN_POINT('',(124.134411379296,-84.7375908790045,15.7555203354449));
#10263=CARTESIAN_POINT('',(124.104399248559,-84.7375908790045,15.7555203354449));
#10264=CARTESIAN_POINT('Origin',(124.97800306936,-84.9545994697028,18.4615199482531));
#10265=CARTESIAN_POINT('',(125.029110475976,-84.9545994697028,18.4615199482531));
#10266=CARTESIAN_POINT('',(125.029110475976,-84.9545994697028,18.4615199482531));
#10267=CARTESIAN_POINT('',(124.97800306936,-84.9545994697028,18.4615199482531));
#10268=CARTESIAN_POINT('',(124.97800306936,-84.9545994697028,18.4615199482531));
#10269=CARTESIAN_POINT('',(124.97800306936,-84.9545994697028,18.4615199482531));
#10270=CARTESIAN_POINT('Origin',(125.100702806909,-84.9545994697028,18.4615199482531));
#10271=CARTESIAN_POINT('',(125.294346376855,-84.9545994697028,18.4615199482531));
#10272=CARTESIAN_POINT('',(125.18440680166,-84.7375908790045,18.4615199482531));
#10273=CARTESIAN_POINT('',(125.100702806909,-84.9545994697028,18.4615199482531));
#10274=CARTESIAN_POINT('',(125.100702806909,-84.9545994697028,18.4615199482531));
#10275=CARTESIAN_POINT('',(125.100702806909,-84.9545994697028,18.4615199482531));
#10276=CARTESIAN_POINT('Origin',(125.029110475976,-84.9545994697028,18.4615199482531));
#10277=CARTESIAN_POINT('',(124.800957411512,-84.9545994697028,18.4655187046618));
#10278=CARTESIAN_POINT('',(124.77504987036,-84.9545994697028,18.4655187046618));
#10279=CARTESIAN_POINT('',(125.679761930901,-84.9545994697028,18.4655187046618));
#10280=CARTESIAN_POINT('',(124.566397234399,-84.9545994697028,18.4696297562213));
#10281=CARTESIAN_POINT('',(124.566397234399,-84.9545994697028,18.4696297562213));
#10282=CARTESIAN_POINT('Origin',(124.556898638207,-84.9545994697028,18.4615199482531));
#10283=CARTESIAN_POINT('',(124.568224637003,-84.9545994697028,18.4655187046618));
#10284=CARTESIAN_POINT('',(124.561582173569,-84.9545994697028,18.4655187046618));
#10285=CARTESIAN_POINT('',(125.443656012017,-84.9545994697028,18.4655187046618));
#10286=CARTESIAN_POINT('',(124.570002123315,-84.9545994697028,18.4615199482531));
#10287=CARTESIAN_POINT('',(124.566397234399,-84.9545994697028,18.4696297562213));
#10288=CARTESIAN_POINT('',(124.556898638207,-84.9545994697028,18.4615199482531));
#10289=CARTESIAN_POINT('',(124.556898638207,-84.9545994697028,18.4615199482531));
#10290=CARTESIAN_POINT('',(124.556898638207,-84.9545994697028,18.4615199482531));
#10291=CARTESIAN_POINT('Origin',(123.233503862817,-84.9545994697028,18.4615199482531));
#10292=CARTESIAN_POINT('',(123.152938590378,-84.9545994697028,18.4655187046618));
#10293=CARTESIAN_POINT('',(123.076342381755,-84.9545994697028,18.4655187046618));
#10294=CARTESIAN_POINT('',(124.781958624322,-84.9545994697028,18.4655187046618));
#10295=CARTESIAN_POINT('',(123.233503862817,-84.9545994697028,18.4615199482531));
#10296=CARTESIAN_POINT('',(123.070110842187,-84.9545994697028,18.4696297562213));
#10297=CARTESIAN_POINT('',(123.082403704125,-84.9545994697028,18.4615199482531));
#10298=CARTESIAN_POINT('',(123.082403704125,-84.9545994697028,18.4615199482531));
#10299=CARTESIAN_POINT('',(123.070110842187,-84.9545994697028,18.4696297562213));
#10300=CARTESIAN_POINT('Origin',(123.233503862817,-84.9545994697028,18.4615199482531));
#10301=CARTESIAN_POINT('',(123.082403704125,-84.7375908790045,18.4615199482531));
#10302=CARTESIAN_POINT('',(123.082403704125,-84.9545994697028,18.4615199482531));
#10303=CARTESIAN_POINT('',(123.082403704125,-84.7375908790045,18.4615199482531));
#10304=CARTESIAN_POINT('Origin',(124.973606630761,-84.9545994697028,18.4615199482531));
#10305=CARTESIAN_POINT('',(124.772821212687,-84.9545994697028,18.4655187046618));
#10306=CARTESIAN_POINT('',(125.652010008294,-84.9545994697028,18.4655187046618));
#10307=CARTESIAN_POINT('',(124.973606630761,-84.9545994697028,18.4615199482531));
#10308=CARTESIAN_POINT('',(124.566397234399,-84.9545994697028,18.4696297562213));
#10309=CARTESIAN_POINT('',(124.570002123315,-84.9545994697028,18.4615199482531));
#10310=CARTESIAN_POINT('Origin',(123.082403704125,-84.9545994697028,18.3281700527758));
#10311=CARTESIAN_POINT('',(123.082403704125,-84.9545994697028,18.06111978651));
#10312=CARTESIAN_POINT('',(123.082403704125,-84.9545994697028,18.06111978651));
#10313=CARTESIAN_POINT('',(123.082403704125,-84.9545994697028,18.3281700527758));
#10314=CARTESIAN_POINT('',(123.082403704125,-84.9545994697028,18.06111978651));
#10315=CARTESIAN_POINT('',(123.082403704125,-84.9545994697028,18.3281700527758));
#10316=CARTESIAN_POINT('Origin',(123.082403704125,-84.9545994697028,18.06111978651));
#10317=CARTESIAN_POINT('',(123.070110842187,-84.9545994697028,17.1979300892443));
#10318=CARTESIAN_POINT('',(123.082403704125,-84.9545994697028,17.2084002411456));
#10319=CARTESIAN_POINT('',(123.070110842187,-84.9545994697028,17.1979300892443));
#10320=CARTESIAN_POINT('',(123.070110842187,-84.9545994697028,17.1979300892443));
#10321=CARTESIAN_POINT('',(123.082403704125,-84.9545994697028,17.2084002411456));
#10322=CARTESIAN_POINT('Origin',(123.082403704125,-84.9545994697028,17.1979300892443));
#10323=CARTESIAN_POINT('',(123.082403704125,-84.9755898414069,17.1979300892443));
#10324=CARTESIAN_POINT('',(123.082403704125,-85.4705849585944,17.1095197117419));
#10325=CARTESIAN_POINT('',(123.082403704125,-84.9755898414069,17.1979300892443));
#10326=CARTESIAN_POINT('Origin',(123.082403704125,-85.1175919471198,17.1979300892443));
#10327=CARTESIAN_POINT('',(123.082403704125,-84.9835911689215,17.1979300892443));
#10328=CARTESIAN_POINT('',(123.070110842187,-84.9545994697028,17.1979300892443));
#10329=CARTESIAN_POINT('',(123.082403704125,-85.1175919471198,17.1979300892443));
#10330=CARTESIAN_POINT('',(123.082403704125,-85.1175919471198,17.1979300892443));
#10331=CARTESIAN_POINT('',(123.070110842187,-84.9545994697028,17.1979300892443));
#10332=CARTESIAN_POINT('Origin',(123.070110842187,-87.3255959449225,17.1979300892443));
#10333=CARTESIAN_POINT('',(123.070110842187,-87.4545899329596,17.4232594883532));
#10334=CARTESIAN_POINT('',(123.070110842187,-87.5835839209967,17.1979300892443));
#10335=CARTESIAN_POINT('',(123.070110842187,-87.3255959449225,17.1979300892443));
#10336=CARTESIAN_POINT('',(123.070110842187,-87.4545899329596,17.4232594883532));
#10337=CARTESIAN_POINT('',(123.070110842187,-87.5835839209967,17.1979300892443));
#10338=CARTESIAN_POINT('Origin',(123.070110842187,-87.3255959449225,17.1979300892443));
#10339=CARTESIAN_POINT('',(123.070110842187,-86.6717126713393,18.4655187046618));
#10340=CARTESIAN_POINT('',(123.070110842187,-86.8581046237202,18.4655187046618));
#10341=CARTESIAN_POINT('',(123.070110842187,-87.3800912795478,18.4655187046618));
#10342=CARTESIAN_POINT('',(123.070110842187,-87.3255959449225,17.1979300892443));
#10343=CARTESIAN_POINT('',(123.070110842187,-87.3255959449225,17.1979300892443));
#10344=CARTESIAN_POINT('Origin',(123.070110842187,-87.4545899329596,17.4232594883532));
#10345=CARTESIAN_POINT('',(123.070110842187,-86.8589379222493,18.4655187046618));
#10346=CARTESIAN_POINT('',(123.070110842187,-87.4445882735663,18.4655187046618));
#10347=CARTESIAN_POINT('',(123.070110842187,-87.4545899329596,17.4232594883532));
#10348=CARTESIAN_POINT('Origin',(123.070110842187,-88.0205956397467,18.4696297562213));
#10349=CARTESIAN_POINT('',(123.070110842187,-88.0183718775518,18.4655187046618));
#10350=CARTESIAN_POINT('',(123.070110842187,-87.7275911269599,18.4655187046618));
#10351=CARTESIAN_POINT('',(123.070110842187,-88.0205956397467,18.4696297562213));
#10352=CARTESIAN_POINT('Origin',(123.070110842187,-88.0205956397467,18.4696297562213));
#10353=CARTESIAN_POINT('',(123.070110842187,-88.0191829023257,18.4655187046618));
#10354=CARTESIAN_POINT('',(123.070110842187,-87.7275911269599,18.4655187046618));
#10355=CARTESIAN_POINT('',(123.070110842187,-88.0205956397467,18.4696297562213));
#10356=CARTESIAN_POINT('Origin',(123.070110842187,-88.2065907416754,18.4696297562213));
#10357=CARTESIAN_POINT('',(123.070110842187,-88.2045767337865,18.4655187046618));
#10358=CARTESIAN_POINT('',(123.070110842187,-87.8205886779242,18.4655187046618));
#10359=CARTESIAN_POINT('',(123.070110842187,-88.2065907416754,18.4696297562213));
#10360=CARTESIAN_POINT('Origin',(123.070110842187,-87.5835839209967,17.1979300892443));
#10361=CARTESIAN_POINT('',(123.070110842187,-89.9535885749274,17.1979300892443));
#10362=CARTESIAN_POINT('Origin',(123.070110842187,-87.5835839209967,17.1979300892443));
#10363=CARTESIAN_POINT('',(123.070110842187,-88.2122383000992,18.4655187046618));
#10364=CARTESIAN_POINT('',(123.070110842187,-87.5090852675849,18.4655187046618));
#10365=CARTESIAN_POINT('',(123.070110842187,-89.9535885749274,17.1979300892443));
#10366=CARTESIAN_POINT('Origin',(123.070110842187,-89.9535885749274,18.4696297562213));
#10367=CARTESIAN_POINT('',(123.070110842187,-88.6940875945502,18.4655187046618));
#10368=CARTESIAN_POINT('Origin',(123.347210451562,-89.9535885749274,18.4615199482531));
#10369=CARTESIAN_POINT('',(123.210579122782,-89.9535885749274,18.4655187046618));
#10370=CARTESIAN_POINT('',(123.348094492373,-89.9535885749274,18.4655187046618));
#10371=CARTESIAN_POINT('',(124.838811918694,-89.9535885749274,18.4655187046618));
#10372=CARTESIAN_POINT('',(123.347210451562,-89.9535885749274,18.4615199482531));
#10373=CARTESIAN_POINT('',(123.070110842187,-89.9535885749274,18.4696297562213));
#10374=CARTESIAN_POINT('',(123.347210451562,-89.9535885749274,18.4615199482531));
#10375=CARTESIAN_POINT('Origin',(123.476109072167,-89.9535885749274,18.4615199482531));
#10376=CARTESIAN_POINT('',(123.349307926377,-89.9535885749274,18.4655187046618));
#10377=CARTESIAN_POINT('',(123.413436221466,-89.9535885749274,18.4655187046618));
#10378=CARTESIAN_POINT('',(124.903261228997,-89.9535885749274,18.4655187046618));
#10379=CARTESIAN_POINT('',(123.349604174096,-89.9535885749274,18.4615199482531));
#10380=CARTESIAN_POINT('',(123.349003359277,-89.9535885749274,18.4696297562213));
#10381=CARTESIAN_POINT('',(123.476109072167,-89.9535885749274,18.4615199482531));
#10382=CARTESIAN_POINT('',(123.349604174096,-89.9535885749274,18.4615199482531));
#10383=CARTESIAN_POINT('',(123.349003359277,-89.9535885749274,18.4696297562213));
#10384=CARTESIAN_POINT('Origin',(123.476204439599,-89.9535885749274,18.4696297562213));
#10385=CARTESIAN_POINT('',(123.651852637523,-89.9535885749274,18.4655187046618));
#10386=CARTESIAN_POINT('',(123.823887919853,-89.9535885749274,18.4655187046618));
#10387=CARTESIAN_POINT('',(124.903308912713,-89.9535885749274,18.4655187046618));
#10388=CARTESIAN_POINT('',(123.822702928979,-89.9535885749274,18.4615199482531));
#10389=CARTESIAN_POINT('',(123.476204439599,-89.9535885749274,18.4696297562213));
#10390=CARTESIAN_POINT('',(123.822702928979,-89.9535885749274,18.4615199482531));
#10391=CARTESIAN_POINT('Origin',(123.185200258691,-89.9535885749274,18.4615199482531));
#10392=CARTESIAN_POINT('',(123.226503893334,-89.9535885749274,18.4615199482531));
#10393=CARTESIAN_POINT('',(123.082403704125,-90.1305905280524,18.4615199482531));
#10394=CARTESIAN_POINT('',(123.185200258691,-89.9535885749274,18.4615199482531));
#10395=CARTESIAN_POINT('Origin',(123.185200258691,-89.9535885749274,18.4615199482531));
#10396=CARTESIAN_POINT('',(123.128452362363,-89.9535885749274,18.4655187046618));
#10397=CARTESIAN_POINT('',(124.757806822259,-89.9535885749274,18.4655187046618));
#10398=CARTESIAN_POINT('',(123.070110842187,-89.9535885749274,18.4696297562213));
#10399=CARTESIAN_POINT('Origin',(123.226503893334,-89.9535885749274,18.4615199482531));
#10400=CARTESIAN_POINT('',(123.149390141935,-89.9535885749274,18.4655187046618));
#10401=CARTESIAN_POINT('',(124.778458639581,-89.9535885749274,18.4655187046618));
#10402=CARTESIAN_POINT('',(123.070110842187,-89.9535885749274,18.4696297562213));
#10403=CARTESIAN_POINT('Origin',(123.347210451562,-89.9535885749274,18.4615199482531));
#10404=CARTESIAN_POINT('',(124.838811918694,-89.9535885749274,18.4655187046618));
#10405=CARTESIAN_POINT('',(123.226503893334,-89.9535885749274,18.4615199482531));
#10406=CARTESIAN_POINT('Origin',(123.347210451562,-89.9535885749274,18.4615199482531));
#10407=CARTESIAN_POINT('',(123.082403704125,-90.1305905280524,18.4615199482531));
#10408=CARTESIAN_POINT('Origin',(123.347210451562,-89.9535885749274,18.4615199482531));
#10409=CARTESIAN_POINT('',(124.838811918694,-89.9535885749274,18.4655187046618));
#10410=CARTESIAN_POINT('',(123.347210451562,-89.9535885749274,18.4615199482531));
#10411=CARTESIAN_POINT('Origin',(123.349604174096,-89.9535885749274,18.4615199482531));
#10412=CARTESIAN_POINT('',(123.082403704125,-90.1305905280524,18.4615199482531));
#10413=CARTESIAN_POINT('Origin',(123.476109072167,-89.9535885749274,18.4615199482531));
#10414=CARTESIAN_POINT('',(123.082403704125,-90.1305905280524,18.4615199482531));
#10415=CARTESIAN_POINT('Origin',(124.063906237084,-89.9535885749274,18.4615199482531));
#10416=CARTESIAN_POINT('',(123.826803728539,-89.9535885749274,18.4615199482531));
#10417=CARTESIAN_POINT('',(123.082403704125,-90.1305905280524,18.4615199482531));
#10418=CARTESIAN_POINT('',(124.063906237084,-89.9535885749274,18.4615199482531));
#10419=CARTESIAN_POINT('',(123.082403704125,-90.1305905280524,18.4615199482531));
#10420=CARTESIAN_POINT('',(123.826803728539,-89.9535885749274,18.4615199482531));
#10421=CARTESIAN_POINT('Origin',(124.065899416406,-89.9535885749274,18.4615199482531));
#10422=CARTESIAN_POINT('',(124.065899416406,-89.9535885749274,18.4615199482531));
#10423=CARTESIAN_POINT('',(123.082403704125,-90.1305905280524,18.4615199482531));
#10424=CARTESIAN_POINT('',(124.063906237084,-89.9535885749274,18.4615199482531));
#10425=CARTESIAN_POINT('Origin',(125.022902056176,-89.9535885749274,18.4615199482531));
#10426=CARTESIAN_POINT('',(125.022902056176,-89.9535885749274,18.4615199482531));
#10427=CARTESIAN_POINT('',(125.004400774438,-90.1305905280524,18.4615199482531));
#10428=CARTESIAN_POINT('',(124.897198244531,-89.9535885749274,18.4615199482531));
#10429=CARTESIAN_POINT('Origin',(125.022902056176,-89.9535885749274,18.4615199482531));
#10430=CARTESIAN_POINT('',(125.022902056176,-89.9535885749274,18.4615199482531));
#10431=CARTESIAN_POINT('Origin',(125.068401857812,-90.1305905280524,18.4615199482531));
#10432=CARTESIAN_POINT('',(125.145401522119,-89.9535885749274,18.4615199482531));
#10433=CARTESIAN_POINT('',(125.08560614248,-89.9535885749274,18.4615199482531));
#10434=CARTESIAN_POINT('',(125.068401857812,-90.1305905280524,18.4615199482531));
#10435=CARTESIAN_POINT('Origin',(125.147499605615,-89.9535885749274,18.4615199482531));
#10436=CARTESIAN_POINT('',(125.147499605615,-89.9535885749274,18.4615199482531));
#10437=CARTESIAN_POINT('',(125.068401857812,-90.1305905280524,18.4615199482531));
#10438=CARTESIAN_POINT('',(125.145401522119,-89.9535885749274,18.4615199482531));
#10439=CARTESIAN_POINT('Origin',(125.147499605615,-89.9535885749274,18.4615199482531));
#10440=CARTESIAN_POINT('',(125.147499605615,-89.9535885749274,18.4615199482531));
#10441=CARTESIAN_POINT('Origin',(125.16240553518,-90.1305905280524,18.4615199482531));
#10442=CARTESIAN_POINT('',(125.277218386132,-89.9535885749274,18.4615199482531));
#10443=CARTESIAN_POINT('',(125.195507570702,-89.9535885749274,18.4615199482531));
#10444=CARTESIAN_POINT('',(125.16240553518,-90.1305905280524,18.4615199482531));
#10445=CARTESIAN_POINT('Origin',(125.277218386132,-89.9535885749274,18.4615199482531));
#10446=CARTESIAN_POINT('',(125.283245607812,-89.9535885749274,18.4615199482531));
#10447=CARTESIAN_POINT('',(125.16240553518,-90.1305905280524,18.4615199482531));
#10448=CARTESIAN_POINT('',(125.277218386132,-89.9535885749274,18.4615199482531));
#10449=CARTESIAN_POINT('Origin',(125.283245607812,-89.9535885749274,18.4615199482531));
#10450=CARTESIAN_POINT('',(125.286383196313,-89.9535885749274,18.4615199482531));
#10451=CARTESIAN_POINT('',(125.16240553518,-90.1305905280524,18.4615199482531));
#10452=CARTESIAN_POINT('',(125.283245607812,-89.9535885749274,18.4615199482531));
#10453=CARTESIAN_POINT('Origin',(125.286383196313,-89.9535885749274,18.4615199482531));
#10454=CARTESIAN_POINT('',(125.302328630883,-89.9535885749274,18.4615199482531));
#10455=CARTESIAN_POINT('',(125.16240553518,-90.1305905280524,18.4615199482531));
#10456=CARTESIAN_POINT('',(125.286383196313,-89.9535885749274,18.4615199482531));
#10457=CARTESIAN_POINT('Origin',(125.306410356957,-89.9535885749274,18.4615199482531));
#10458=CARTESIAN_POINT('',(125.306410356957,-89.9535885749274,18.4615199482531));
#10459=CARTESIAN_POINT('',(125.16240553518,-90.1305905280524,18.4615199482531));
#10460=CARTESIAN_POINT('',(125.302328630883,-89.9535885749274,18.4615199482531));
#10461=CARTESIAN_POINT('Origin',(125.306782289941,-89.9535885749274,18.4615199482531));
#10462=CARTESIAN_POINT('',(125.309415602995,-89.9535885749274,18.4655187046618));
#10463=CARTESIAN_POINT('',(125.314704434871,-89.9535885749274,18.4655187046618));
#10464=CARTESIAN_POINT('',(125.818597837884,-89.9535885749274,18.4655187046618));
#10465=CARTESIAN_POINT('',(125.306782289941,-89.9535885749274,18.4615199482531));
#10466=CARTESIAN_POINT('',(125.306782289941,-89.9535885749274,18.4615199482531));
#10467=CARTESIAN_POINT('',(125.317215486962,-89.9535885749274,18.4615199482531));
#10468=CARTESIAN_POINT('',(125.306782289941,-89.9535885749274,18.4615199482531));
#10469=CARTESIAN_POINT('',(125.312122866113,-89.9535885749274,18.4696297562213));
#10470=CARTESIAN_POINT('Origin',(125.475172563989,-89.9535885749274,18.4615199482531));
#10471=CARTESIAN_POINT('',(125.47885374685,-89.9535885749274,18.4615199482531));
#10472=CARTESIAN_POINT('',(125.16240553518,-90.1305905280524,18.4615199482531));
#10473=CARTESIAN_POINT('',(125.475172563989,-89.9535885749274,18.4615199482531));
#10474=CARTESIAN_POINT('',(125.475172563989,-89.9535885749274,18.4615199482531));
#10475=CARTESIAN_POINT('',(125.16240553518,-90.1305905280524,18.4615199482531));
#10476=CARTESIAN_POINT('Origin',(125.47885374685,-89.9535885749274,18.4615199482531));
#10477=CARTESIAN_POINT('',(125.474227392696,-89.9535885749274,18.4655187046618));
#10478=CARTESIAN_POINT('',(125.476093470487,-89.9535885749274,18.4655187046618));
#10479=CARTESIAN_POINT('',(125.904633566338,-89.9535885749274,18.4655187046618));
#10480=CARTESIAN_POINT('',(125.473255678613,-89.9535885749274,18.4696297562213));
#10481=CARTESIAN_POINT('',(125.473255678613,-89.9535885749274,18.4696297562213));
#10482=CARTESIAN_POINT('Origin',(125.589909120995,-89.9535885749274,18.4615199482531));
#10483=CARTESIAN_POINT('',(125.53239004013,-89.9535885749274,18.4655187046618));
#10484=CARTESIAN_POINT('',(125.590106619475,-89.9535885749274,18.4655187046618));
#10485=CARTESIAN_POINT('',(125.960161253411,-89.9535885749274,18.4655187046618));
#10486=CARTESIAN_POINT('',(125.589909120995,-89.9535885749274,18.4615199482531));
#10487=CARTESIAN_POINT('',(125.473255678613,-89.9535885749274,18.4696297562213));
#10488=CARTESIAN_POINT('',(125.589909120995,-89.9535885749274,18.4615199482531));
#10489=CARTESIAN_POINT('Origin',(125.589909120995,-89.9535885749274,18.4615199482531));
#10490=CARTESIAN_POINT('',(125.960161253411,-89.9535885749274,18.4655187046618));
#10491=CARTESIAN_POINT('',(125.47885374685,-89.9535885749274,18.4615199482531));
#10492=CARTESIAN_POINT('Origin',(125.589909120995,-89.9535885749274,18.4615199482531));
#10493=CARTESIAN_POINT('',(125.16240553518,-90.1305905280524,18.4615199482531));
#10494=CARTESIAN_POINT('Origin',(125.706057115991,-89.9535885749274,18.4615199482531));
#10495=CARTESIAN_POINT('',(125.589909120995,-89.9535885749274,18.4615199482531));
#10496=CARTESIAN_POINT('Origin',(125.589909120995,-89.9535885749274,18.4615199482531));
#10497=CARTESIAN_POINT('',(125.648984757875,-89.9535885749274,18.4655187046618));
#10498=CARTESIAN_POINT('',(125.960161253411,-89.9535885749274,18.4655187046618));
#10499=CARTESIAN_POINT('',(125.590309664208,-89.9535885749274,18.4696297562213));
#10500=CARTESIAN_POINT('Origin',(125.708803698022,-89.9535885749274,18.4696297562213));
#10501=CARTESIAN_POINT('',(125.707411391276,-89.9535885749274,18.4655187046618));
#10502=CARTESIAN_POINT('',(126.019608541924,-89.9535885749274,18.4655187046618));
#10503=CARTESIAN_POINT('',(125.706057115991,-89.9535885749274,18.4615199482531));
#10504=CARTESIAN_POINT('Origin',(129.566854998071,-84.9545994697028,18.4615199482531));
#10505=CARTESIAN_POINT('',(129.566854998071,-84.9545994697028,18.4615199482531));
#10506=CARTESIAN_POINT('Origin',(129.566854998071,-84.9695816932135,18.4615199482531));
#10507=CARTESIAN_POINT('',(129.566854998071,-84.9695816932135,18.4615199482531));
#10508=CARTESIAN_POINT('Origin',(129.578403994042,-86.935581296485,17.1095197117419));
#10509=CARTESIAN_POINT('',(129.578403994042,-87.6705971656256,18.4615199482531));
#10510=CARTESIAN_POINT('',(129.578403994042,-87.6705971656256,18.4615199482531));
#10511=CARTESIAN_POINT('',(129.578403994042,-86.935581296485,17.1095197117419));
#10512=CARTESIAN_POINT('',(129.578403994042,-87.6705971656256,18.4615199482531));
#10513=CARTESIAN_POINT('',(129.578403994042,-86.935581296485,17.1095197117419));
#10514=CARTESIAN_POINT('Origin',(129.566854998071,-87.6795903144293,18.4615199482531));
#10515=CARTESIAN_POINT('',(129.566854998071,-87.756589978736,18.4615199482531));
#10516=CARTESIAN_POINT('',(129.566854998071,-87.6795903144293,18.4615199482531));
#10517=CARTESIAN_POINT('Origin',(129.566854998071,-87.756589978736,18.4615199482531));
#10518=CARTESIAN_POINT('',(129.578403994042,-87.7485886512213,18.4615199482531));
#10519=CARTESIAN_POINT('',(129.578403994042,-87.7485886512213,18.4615199482531));
#10520=CARTESIAN_POINT('',(129.566854998071,-87.756589978736,18.4615199482531));
#10521=CARTESIAN_POINT('Origin',(129.566854998071,-89.9535885749274,18.4615199482531));
#10522=CARTESIAN_POINT('',(129.440407320458,-90.1305905280524,18.4615199482531));
#10523=CARTESIAN_POINT('',(129.578403994042,-90.1305905280524,18.4615199482531));
#10524=CARTESIAN_POINT('',(129.440407320458,-90.1305905280524,18.4615199482531));
#10525=CARTESIAN_POINT('',(129.566854998071,-89.9535885749274,18.4615199482531));
#10526=CARTESIAN_POINT('',(129.440407320458,-90.1305905280524,18.4615199482531));
#10527=CARTESIAN_POINT('Origin',(129.578403994042,-90.1305905280524,18.4615199482531));
#10528=CARTESIAN_POINT('',(129.578403994042,-90.1305905280524,15.7555203354449));
#10529=CARTESIAN_POINT('',(129.578403994042,-88.9395943580084,15.7555203354449));
#10530=CARTESIAN_POINT('',(129.578403994042,-90.1305905280524,15.7555203354449));
#10531=CARTESIAN_POINT('',(129.578403994042,-90.1305905280524,18.4615199482531));
#10532=CARTESIAN_POINT('',(129.578403994042,-90.1305905280524,15.7555203354449));
#10533=CARTESIAN_POINT('Origin',(129.578403994042,-86.9965878425055,17.1095197117419));
#10534=CARTESIAN_POINT('',(129.578403994042,-86.2425938544684,15.7555203354449));
#10535=CARTESIAN_POINT('',(129.578403994042,-88.9395943580084,15.7555203354449));
#10536=CARTESIAN_POINT('',(129.578403994042,-86.9965878425055,17.1095197117419));
#10537=CARTESIAN_POINT('',(129.578403994042,-86.9965878425055,17.1095197117419));
#10538=CARTESIAN_POINT('',(129.578403994042,-88.9395943580084,15.7555203354449));
#10539=CARTESIAN_POINT('Origin',(129.578403994042,-86.9555893836432,17.1095197117419));
#10540=CARTESIAN_POINT('',(129.578403994042,-86.9555893836432,17.1095197117419));
#10541=CARTESIAN_POINT('',(129.578403994042,-87.6705971656256,18.4615199482531));
#10542=CARTESIAN_POINT('',(129.578403994042,-86.9555893836432,17.1095197117419));
#10543=CARTESIAN_POINT('Origin',(129.578403994042,-86.2035885749274,15.7555203354449));
#10544=CARTESIAN_POINT('',(129.578403994042,-85.4705849585944,17.1095197117419));
#10545=CARTESIAN_POINT('',(129.578403994042,-86.935581296485,17.1095197117419));
#10546=CARTESIAN_POINT('',(129.578403994042,-86.2035885749274,15.7555203354449));
#10547=CARTESIAN_POINT('',(129.578403994042,-86.935581296485,17.1095197117419));
#10548=CARTESIAN_POINT('',(129.578403994042,-86.2035885749274,15.7555203354449));
#10549=CARTESIAN_POINT('Origin',(129.578403994042,-86.2425938544684,15.7555203354449));
#10550=CARTESIAN_POINT('',(129.578403994042,-87.4335995612555,13.0515198624224));
#10551=CARTESIAN_POINT('',(129.578403994042,-85.4896012244635,14.4035200989337));
#10552=CARTESIAN_POINT('',(129.578403994042,-87.4335995612555,13.0515198624224));
#10553=CARTESIAN_POINT('',(129.578403994042,-86.2425938544684,15.7555203354449));
#10554=CARTESIAN_POINT('',(129.578403994042,-87.4335995612555,13.0515198624224));
#10555=CARTESIAN_POINT('Origin',(129.578403994042,-85.4705849585944,17.1095197117419));
#10556=CARTESIAN_POINT('',(129.578403994042,-85.4705849585944,17.1095197117419));
#10557=CARTESIAN_POINT('Origin',(129.578403994042,-84.7375908790045,15.7555203354449));
#10558=CARTESIAN_POINT('',(129.578403994042,-85.4705849585944,17.1095197117419));
#10559=CARTESIAN_POINT('Origin',(129.578403994042,-85.4705849585944,17.1095197117419));
#10560=CARTESIAN_POINT('',(129.578403994042,-86.2035885749274,15.7555203354449));
#10561=CARTESIAN_POINT('Origin',(129.578403994042,-85.4705849585944,14.4035200989337));
#10562=CARTESIAN_POINT('',(129.578403994042,-85.4705849585944,14.4035200989337));
#10563=CARTESIAN_POINT('',(129.578403994042,-86.2035885749274,15.7555203354449));
#10564=CARTESIAN_POINT('',(129.578403994042,-85.4705849585944,14.4035200989337));
#10565=CARTESIAN_POINT('Origin',(129.578403994042,-85.4896012244635,14.4035200989337));
#10566=CARTESIAN_POINT('',(129.578403994042,-84.7375908790045,13.0515198624224));
#10567=CARTESIAN_POINT('',(129.578403994042,-87.4335995612555,13.0515198624224));
#10568=CARTESIAN_POINT('',(129.578403994042,-85.4896012244635,14.4035200989337));
#10569=CARTESIAN_POINT('Origin',(129.578403994042,-84.7375908790045,13.0515198624224));
#10570=CARTESIAN_POINT('',(126.982416674096,-84.7375908790045,13.0515198624224));
#10571=CARTESIAN_POINT('',(128.280415102441,-84.7375908790045,15.0435202038378));
#10572=CARTESIAN_POINT('',(126.982416674096,-84.7375908790045,13.0515198624224));
#10573=CARTESIAN_POINT('',(128.280415102441,-84.7375908790045,15.0435202038378));
#10574=CARTESIAN_POINT('',(126.982416674096,-84.7375908790045,13.0515198624224));
#10575=CARTESIAN_POINT('Origin',(126.982416674096,-85.7346001563483,15.0435202038378));
#10576=CARTESIAN_POINT('',(126.982416674096,-84.7375908790045,15.0435202038378));
#10577=CARTESIAN_POINT('',(126.982416674096,-84.7375908790045,15.0435202038378));
#10578=CARTESIAN_POINT('',(126.982416674096,-85.7346001563483,15.0435202038378));
#10579=CARTESIAN_POINT('Origin',(126.982416674096,-85.7346001563483,15.0435202038378));
#10580=CARTESIAN_POINT('',(126.982416674096,-86.7325821814948,13.0515198624224));
#10581=CARTESIAN_POINT('',(126.982416674096,-86.7325821814948,15.0435202038378));
#10582=CARTESIAN_POINT('',(126.982416674096,-86.7325821814948,13.0515198624224));
#10583=CARTESIAN_POINT('',(126.982416674096,-86.7325821814948,15.0435202038378));
#10584=CARTESIAN_POINT('',(126.982416674096,-86.7325821814948,13.0515198624224));
#10585=CARTESIAN_POINT('Origin',(126.982416674096,-84.7375908790045,13.0515198624224));
#10586=CARTESIAN_POINT('',(128.530420824487,-86.7325821814948,13.0515198624224));
#10587=CARTESIAN_POINT('',(128.530420824487,-86.7325821814948,13.0515198624224));
#10588=CARTESIAN_POINT('',(126.982416674096,-84.7375908790045,13.0515198624224));
#10589=CARTESIAN_POINT('Origin',(128.530420824487,-86.7325821814948,13.0515198624224));
#10590=CARTESIAN_POINT('',(127.756418749291,-86.7325821814948,15.0435202038378));
#10591=CARTESIAN_POINT('',(128.530420824487,-86.7325821814948,15.0435202038378));
#10592=CARTESIAN_POINT('',(127.756418749291,-86.7325821814948,15.0435202038378));
#10593=CARTESIAN_POINT('',(127.756418749291,-86.7325821814948,15.0435202038378));
#10594=CARTESIAN_POINT('',(128.530420824487,-86.7325821814948,13.0515198624224));
#10595=CARTESIAN_POINT('Origin',(128.530420824487,-87.4335995612555,15.0435202038378));
#10596=CARTESIAN_POINT('',(128.530420824487,-87.4335995612555,15.0435202038378));
#10597=CARTESIAN_POINT('',(128.530420824487,-87.4335995612555,15.0435202038378));
#10598=CARTESIAN_POINT('',(128.530420824487,-87.4335995612555,15.0435202038378));
#10599=CARTESIAN_POINT('Origin',(128.530420824487,-87.4335995612555,15.0435202038378));
#10600=CARTESIAN_POINT('',(128.530420824487,-88.1365910468512,15.0435202038378));
#10601=CARTESIAN_POINT('',(128.530420824487,-88.1365910468512,17.037519685039));
#10602=CARTESIAN_POINT('',(128.530420824487,-88.1365910468512,15.0435202038378));
#10603=CARTESIAN_POINT('',(128.530420824487,-88.1365910468512,17.037519685039));
#10604=CARTESIAN_POINT('',(128.530420824487,-88.1365910468512,15.0435202038378));
#10605=CARTESIAN_POINT('Origin',(128.530420824487,-88.1365910468512,15.0435202038378));
#10606=CARTESIAN_POINT('',(127.756418749291,-88.1365910468512,15.0435202038378));
#10607=CARTESIAN_POINT('',(127.756418749291,-88.1365910468512,15.0435202038378));
#10608=CARTESIAN_POINT('',(127.756418749291,-88.1365910468512,15.0435202038378));
#10609=CARTESIAN_POINT('Origin',(126.982416674096,-89.1325894294196,15.0435202038378));
#10610=CARTESIAN_POINT('',(126.982416674096,-88.1365910468512,15.0435202038378));
#10611=CARTESIAN_POINT('',(126.982416674096,-88.1365910468512,15.0435202038378));
#10612=CARTESIAN_POINT('',(126.982416674096,-89.1325894294196,15.0435202038378));
#10613=CARTESIAN_POINT('Origin',(128.530420824487,-88.1365910468512,13.0515198624224));
#10614=CARTESIAN_POINT('',(126.982416674096,-88.1365910468512,13.0515198624224));
#10615=CARTESIAN_POINT('',(126.982416674096,-88.1365910468512,13.0515198624224));
#10616=CARTESIAN_POINT('',(128.530420824487,-88.1365910468512,13.0515198624224));
#10617=CARTESIAN_POINT('',(127.756418749291,-88.1365910468512,15.0435202038378));
#10618=CARTESIAN_POINT('',(126.982416674096,-88.1365910468512,13.0515198624224));
#10619=CARTESIAN_POINT('Origin',(126.982416674096,-89.1325894294196,15.0435202038378));
#10620=CARTESIAN_POINT('',(126.982416674096,-90.1305905280524,13.0515198624224));
#10621=CARTESIAN_POINT('',(126.982416674096,-90.1305905280524,15.0435202038378));
#10622=CARTESIAN_POINT('',(126.982416674096,-90.1305905280524,13.0515198624224));
#10623=CARTESIAN_POINT('',(126.982416674096,-90.1305905280524,15.0435202038378));
#10624=CARTESIAN_POINT('',(126.982416674096,-90.1305905280524,13.0515198624224));
#10625=CARTESIAN_POINT('Origin',(127.756418749291,-88.1365910468512,15.0435202038378));
#10626=CARTESIAN_POINT('',(128.530420824487,-88.1365910468512,13.0515198624224));
#10627=CARTESIAN_POINT('Origin',(128.530420824487,-87.4335995612555,15.0435202038378));
#10628=CARTESIAN_POINT('',(128.530420824487,-88.1365910468512,13.0515198624224));
#10629=CARTESIAN_POINT('Origin',(128.530420824487,-86.7325821814948,13.0515198624224));
#10630=CARTESIAN_POINT('',(128.530420824487,-88.1365910468512,13.0515198624224));
#10631=CARTESIAN_POINT('Origin',(129.054407640893,-86.4365902839118,13.0515198624224));
#10632=CARTESIAN_POINT('',(129.054407640893,-86.4365902839118,13.0515198624224));
#10633=CARTESIAN_POINT('',(128.530420824487,-86.7325821814948,13.0515198624224));
#10634=CARTESIAN_POINT('',(128.530420824487,-88.1365910468512,13.0515198624224));
#10635=CARTESIAN_POINT('Origin',(128.530420824487,-86.7325821814948,13.0515198624224));
#10636=CARTESIAN_POINT('',(129.054407640893,-86.4365902839118,13.0515198624224));
#10637=CARTESIAN_POINT('Origin',(129.054407640893,-86.4365902839118,13.0515198624224));
#10638=CARTESIAN_POINT('',(129.054407640893,-86.4365902839118,13.0515198624224));
#10639=CARTESIAN_POINT('Origin',(129.578403994042,-87.4335995612555,13.0515198624224));
#10640=CARTESIAN_POINT('',(128.530420824487,-88.1365910468512,13.0515198624224));
#10641=CARTESIAN_POINT('Origin',(128.530420824487,-88.1365910468512,13.0515198624224));
#10642=CARTESIAN_POINT('',(129.578403994042,-90.1305905280524,13.0515198624224));
#10643=CARTESIAN_POINT('',(129.578403994042,-90.1305905280524,13.0515198624224));
#10644=CARTESIAN_POINT('',(128.530420824487,-88.1365910468512,13.0515198624224));
#10645=CARTESIAN_POINT('Origin',(129.578403994042,-90.1305905280524,13.0515198624224));
#10646=CARTESIAN_POINT('',(128.280415102441,-90.1305905280524,15.0435202038378));
#10647=CARTESIAN_POINT('',(129.510416552026,-90.1305905280524,15.7555203354449));
#10648=CARTESIAN_POINT('',(128.280415102441,-90.1305905280524,15.0435202038378));
#10649=CARTESIAN_POINT('',(128.280415102441,-90.1305905280524,15.0435202038378));
#10650=CARTESIAN_POINT('',(129.510416552026,-90.1305905280524,15.7555203354449));
#10651=CARTESIAN_POINT('Origin',(129.314798876244,-89.9535885749274,18.4615199482531));
#10652=CARTESIAN_POINT('',(127.604412599999,-90.1305905280524,18.4615199482531));
#10653=CARTESIAN_POINT('',(127.604412599999,-90.1305905280524,18.4615199482531));
#10654=CARTESIAN_POINT('',(129.314798876244,-89.9535885749274,18.4615199482531));
#10655=CARTESIAN_POINT('',(127.604412599999,-90.1305905280524,18.4615199482531));
#10656=CARTESIAN_POINT('Origin',(127.325949236352,-89.9535885749274,18.4615199482531));
#10657=CARTESIAN_POINT('',(127.604412599999,-90.1305905280524,18.4615199482531));
#10658=CARTESIAN_POINT('',(127.325949236352,-89.9535885749274,18.4615199482531));
#10659=CARTESIAN_POINT('Origin',(126.891502901513,-89.9535885749274,18.4615199482531));
#10660=CARTESIAN_POINT('',(126.676411196191,-90.1305905280524,18.4615199482531));
#10661=CARTESIAN_POINT('',(126.676411196191,-90.1305905280524,18.4615199482531));
#10662=CARTESIAN_POINT('Origin',(126.819376512963,-89.9535885749274,18.4615199482531));
#10663=CARTESIAN_POINT('',(126.219325840348,-89.9535885749274,18.4655187046618));
#10664=CARTESIAN_POINT('',(126.574894949395,-89.9535885749274,18.4655187046618));
#10665=CARTESIAN_POINT('',(126.715902849633,-89.9535885749274,18.4615199482531));
#10666=CARTESIAN_POINT('',(125.708803698022,-89.9535885749274,18.4696297562213));
#10667=CARTESIAN_POINT('',(126.715902849633,-89.9535885749274,18.4615199482531));
#10668=CARTESIAN_POINT('Origin',(125.706057115991,-89.9535885749274,18.4615199482531));
#10669=CARTESIAN_POINT('',(126.018235250909,-89.9535885749274,18.4655187046618));
#10670=CARTESIAN_POINT('',(125.706057115991,-89.9535885749274,18.4615199482531));
#10671=CARTESIAN_POINT('Origin',(125.706057115991,-89.9535885749274,18.4615199482531));
#10672=CARTESIAN_POINT('',(126.606411501367,-90.1305905280524,18.4615199482531));
#10673=CARTESIAN_POINT('Origin',(126.715902849633,-89.9535885749274,18.4615199482531));
#10674=CARTESIAN_POINT('',(126.606411501367,-90.1305905280524,18.4615199482531));
#10675=CARTESIAN_POINT('Origin',(126.826529070336,-89.9535885749274,18.4615199482531));
#10676=CARTESIAN_POINT('',(126.606411501367,-90.1305905280524,18.4615199482531));
#10677=CARTESIAN_POINT('Origin',(126.676411196191,-90.1305905280524,18.4615199482531));
#10678=CARTESIAN_POINT('',(126.676411196191,-90.1305905280524,18.4615199482531));
#10679=CARTESIAN_POINT('Origin',(126.676411196191,-90.1305905280524,18.4615199482531));
#10680=CARTESIAN_POINT('Origin',(127.01935248037,-89.9535885749274,18.4615199482531));
#10681=CARTESIAN_POINT('',(126.676411196191,-90.1305905280524,18.4615199482531));
#10682=CARTESIAN_POINT('Origin',(127.048992678124,-89.9535885749274,18.4615199482531));
#10683=CARTESIAN_POINT('',(126.676411196191,-90.1305905280524,18.4615199482531));
#10684=CARTESIAN_POINT('Origin',(127.164663835961,-89.9535885749274,18.4615199482531));
#10685=CARTESIAN_POINT('',(126.676411196191,-90.1305905280524,18.4615199482531));
#10686=CARTESIAN_POINT('Origin',(127.319740816552,-89.9535885749274,18.4615199482531));
#10687=CARTESIAN_POINT('',(126.676411196191,-90.1305905280524,18.4615199482531));
#10688=CARTESIAN_POINT('Origin',(127.682032152612,-89.9535885749274,18.4615199482531));
#10689=CARTESIAN_POINT('',(127.604412599999,-90.1305905280524,18.4615199482531));
#10690=CARTESIAN_POINT('Origin',(129.314798876244,-89.9535885749274,18.4615199482531));
#10691=CARTESIAN_POINT('',(129.440407320458,-90.1305905280524,18.4615199482531));
#10692=CARTESIAN_POINT('Origin',(129.566854998071,-89.9535885749274,18.4615199482531));
#10693=CARTESIAN_POINT('',(129.440407320458,-90.1305905280524,18.4615199482531));
#10694=CARTESIAN_POINT('Origin',(129.553656145532,-89.9535885749274,18.4615199482531));
#10695=CARTESIAN_POINT('Origin',(129.314798876244,-89.9535885749274,18.4615199482531));
#10696=CARTESIAN_POINT('',(127.604412599999,-90.1305905280524,18.4615199482531));
#10697=CARTESIAN_POINT('Origin',(128.038305803735,-89.9535885749274,18.4615199482531));
#10698=CARTESIAN_POINT('Origin',(127.325949236352,-89.9535885749274,18.4615199482531));
#10699=CARTESIAN_POINT('',(126.676411196191,-90.1305905280524,18.4615199482531));
#10700=CARTESIAN_POINT('Origin',(127.325949236352,-89.9535885749274,18.4615199482531));
#10701=CARTESIAN_POINT('',(126.676411196191,-90.1305905280524,18.4615199482531));
#10702=CARTESIAN_POINT('Origin',(126.982416674096,-90.1305905280524,17.037519685039));
#10703=CARTESIAN_POINT('',(126.982416674096,-90.1305905280524,17.037519685039));
#10704=CARTESIAN_POINT('Origin',(126.982416674096,-90.1305905280524,17.037519685039));
#10705=CARTESIAN_POINT('',(126.982416674096,-90.1305905280524,17.037519685039));
#10706=CARTESIAN_POINT('Origin',(129.578403994042,-88.1855908332282,14.4035200989337));
#10707=CARTESIAN_POINT('',(129.578403994042,-88.1855908332282,14.4035200989337));
#10708=CARTESIAN_POINT('',(129.578403994042,-88.1855908332282,14.4035200989337));
#10709=CARTESIAN_POINT('',(129.578403994042,-90.1305905280524,13.0515198624224));
#10710=CARTESIAN_POINT('Origin',(129.578403994042,-87.4335995612555,13.0515198624224));
#10711=CARTESIAN_POINT('',(129.578403994042,-88.1855908332282,14.4035200989337));
#10712=CARTESIAN_POINT('Origin',(129.578403994042,-88.1855908332282,14.4035200989337));
#10713=CARTESIAN_POINT('',(129.578403994042,-88.9395943580084,15.7555203354449));
#10714=CARTESIAN_POINT('Origin',(129.578403994042,-88.9395943580084,15.7555203354449));
#10715=CARTESIAN_POINT('',(129.578403994042,-90.1305905280524,13.0515198624224));
#10716=CARTESIAN_POINT('Origin',(129.578403994042,-90.1305905280524,15.7555203354449));
#10717=CARTESIAN_POINT('',(129.578403994042,-90.1305905280524,13.0515198624224));
#10718=CARTESIAN_POINT('Origin',(129.578403994042,-90.1305905280524,13.0515198624224));
#10719=CARTESIAN_POINT('',(129.510416552026,-90.1305905280524,15.7555203354449));
#10720=CARTESIAN_POINT('Origin',(129.578403994042,-90.1305905280524,18.4615199482531));
#10721=CARTESIAN_POINT('',(129.510416552026,-90.1305905280524,15.7555203354449));
#10722=CARTESIAN_POINT('Origin',(129.510416552026,-90.1305905280524,15.7555203354449));
#10723=CARTESIAN_POINT('',(129.440407320458,-90.1305905280524,18.4615199482531));
#10724=CARTESIAN_POINT('Origin',(129.510416552026,-90.1305905280524,15.7555203354449));
#10725=CARTESIAN_POINT('',(126.982416674096,-90.1305905280524,17.037519685039));
#10726=CARTESIAN_POINT('Origin',(126.982416674096,-90.1305905280524,17.037519685039));
#10727=CARTESIAN_POINT('',(126.982416674096,-90.1305905280524,17.037519685039));
#10728=CARTESIAN_POINT('Origin',(126.982416674096,-89.1325894294196,15.0435202038378));
#10729=CARTESIAN_POINT('',(126.982416674096,-90.1305905280524,15.0435202038378));
#10730=CARTESIAN_POINT('Origin',(126.982416674096,-90.1305905280524,17.037519685039));
#10731=CARTESIAN_POINT('',(126.982416674096,-90.1305905280524,15.0435202038378));
#10732=CARTESIAN_POINT('Origin',(126.982416674096,-90.1305905280524,13.0515198624224));
#10733=CARTESIAN_POINT('',(126.982416674096,-90.1305905280524,13.0515198624224));
#10734=CARTESIAN_POINT('Origin',(128.280415102441,-90.1305905280524,15.0435202038378));
#10735=CARTESIAN_POINT('',(126.982416674096,-90.1305905280524,13.0515198624224));
#10736=CARTESIAN_POINT('Origin',(129.578403994042,-90.1305905280524,13.0515198624224));
#10737=CARTESIAN_POINT('',(126.982416674096,-90.1305905280524,13.0515198624224));
#10738=CARTESIAN_POINT('Origin',(128.530420824487,-88.1365910468512,13.0515198624224));
#10739=CARTESIAN_POINT('',(126.982416674096,-90.1305905280524,13.0515198624224));
#10740=CARTESIAN_POINT('Origin',(126.982416674096,-88.1365910468512,13.0515198624224));
#10741=CARTESIAN_POINT('',(126.982416674096,-89.1325894294196,15.0435202038378));
#10742=CARTESIAN_POINT('Origin',(126.982416674096,-89.1325894294196,15.0435202038378));
#10743=CARTESIAN_POINT('',(126.982416674096,-88.1365910468512,13.0515198624224));
#10744=CARTESIAN_POINT('Origin',(126.982416674096,-88.1365910468512,15.0435202038378));
#10745=CARTESIAN_POINT('',(126.982416674096,-88.1365910468512,15.0435202038378));
#10746=CARTESIAN_POINT('Origin',(127.756418749291,-88.1365910468512,15.0435202038378));
#10747=CARTESIAN_POINT('',(126.982416674096,-88.1365910468512,17.037519685039));
#10748=CARTESIAN_POINT('Origin',(126.982416674096,-88.1365910468512,17.037519685039));
#10749=CARTESIAN_POINT('',(126.982416674096,-88.1365910468512,17.037519685039));
#10750=CARTESIAN_POINT('Origin',(126.982416674096,-88.1365910468512,17.037519685039));
#10751=CARTESIAN_POINT('',(128.530420824487,-88.1365910468512,17.037519685039));
#10752=CARTESIAN_POINT('Origin',(128.530420824487,-88.1365910468512,17.037519685039));
#10753=CARTESIAN_POINT('',(128.530420824487,-87.4335995612555,15.0435202038378));
#10754=CARTESIAN_POINT('Origin',(128.530420824487,-87.4335995612555,15.0435202038378));
#10755=CARTESIAN_POINT('',(128.530420824487,-86.7325821814948,15.0435202038378));
#10756=CARTESIAN_POINT('Origin',(128.530420824487,-86.7325821814948,17.037519685039));
#10757=CARTESIAN_POINT('',(127.756418749291,-86.7325821814948,15.0435202038378));
#10758=CARTESIAN_POINT('Origin',(127.756418749291,-86.7325821814948,15.0435202038378));
#10759=CARTESIAN_POINT('',(126.982416674096,-86.7325821814948,17.037519685039));
#10760=CARTESIAN_POINT('Origin',(126.982416674096,-85.7346001563483,15.0435202038378));
#10761=CARTESIAN_POINT('',(126.982416674096,-86.7325821814948,15.0435202038378));
#10762=CARTESIAN_POINT('Origin',(126.982416674096,-86.7325821814948,17.037519685039));
#10763=CARTESIAN_POINT('',(126.982416674096,-86.7325821814948,15.0435202038378));
#10764=CARTESIAN_POINT('Origin',(126.982416674096,-86.7325821814948,13.0515198624224));
#10765=CARTESIAN_POINT('',(126.982416674096,-86.7325821814948,13.0515198624224));
#10766=CARTESIAN_POINT('Origin',(127.756418749291,-86.7325821814948,15.0435202038378));
#10767=CARTESIAN_POINT('',(126.982416674096,-86.7325821814948,13.0515198624224));
#10768=CARTESIAN_POINT('Origin',(128.530420824487,-86.7325821814948,13.0515198624224));
#10769=CARTESIAN_POINT('',(126.982416674096,-86.7325821814948,13.0515198624224));
#10770=CARTESIAN_POINT('Origin',(126.982416674096,-84.7375908790045,13.0515198624224));
#10771=CARTESIAN_POINT('',(126.982416674096,-85.7346001563483,15.0435202038378));
#10772=CARTESIAN_POINT('Origin',(126.982416674096,-85.7346001563483,15.0435202038378));
#10773=CARTESIAN_POINT('',(126.982416674096,-84.7375908790045,13.0515198624224));
#10774=CARTESIAN_POINT('Origin',(126.982416674096,-84.7375908790045,15.0435202038378));
#10775=CARTESIAN_POINT('',(126.982416674096,-84.7375908790045,15.0435202038378));
#10776=CARTESIAN_POINT('Origin',(128.280415102441,-84.7375908790045,15.0435202038378));
#10777=CARTESIAN_POINT('',(126.982416674096,-84.7375908790045,17.037519685039));
#10778=CARTESIAN_POINT('Origin',(129.578403994042,-84.7375908790045,15.7555203354449));
#10779=CARTESIAN_POINT('',(128.280415102441,-84.7375908790045,15.0435202038378));
#10780=CARTESIAN_POINT('Origin',(128.280415102441,-84.7375908790045,15.0435202038378));
#10781=CARTESIAN_POINT('',(129.578403994042,-84.7375908790045,13.0515198624224));
#10782=CARTESIAN_POINT('Origin',(129.578403994042,-84.7375908790045,13.0515198624224));
#10783=CARTESIAN_POINT('',(129.578403994042,-85.4705849585944,14.4035200989337));
#10784=CARTESIAN_POINT('Origin',(129.578403994042,-85.4705849585944,14.4035200989337));
#10785=CARTESIAN_POINT('',(129.578403994042,-85.4896012244635,14.4035200989337));
#10786=CARTESIAN_POINT('Origin',(129.578403994042,-85.4896012244635,14.4035200989337));
#10787=CARTESIAN_POINT('',(129.578403994042,-86.2035885749274,15.7555203354449));
#10788=CARTESIAN_POINT('Origin',(129.578403994042,-86.2035885749274,15.7555203354449));
#10789=CARTESIAN_POINT('',(129.578403994042,-86.2425938544684,15.7555203354449));
#10790=CARTESIAN_POINT('Origin',(129.578403994042,-86.2425938544684,15.7555203354449));
#10791=CARTESIAN_POINT('',(129.578403994042,-86.935581296485,17.1095197117419));
#10792=CARTESIAN_POINT('Origin',(129.578403994042,-86.935581296485,17.1095197117419));
#10793=CARTESIAN_POINT('',(129.578403994042,-86.9555893836432,17.1095197117419));
#10794=CARTESIAN_POINT('Origin',(129.578403994042,-86.9555893836432,17.1095197117419));
#10795=CARTESIAN_POINT('',(129.578403994042,-86.9965878425055,17.1095197117419));
#10796=CARTESIAN_POINT('Origin',(129.578403994042,-86.9965878425055,17.1095197117419));
#10797=CARTESIAN_POINT('',(129.578403994042,-87.6705971656256,18.4615199482531));
#10798=CARTESIAN_POINT('Origin',(129.578403994042,-87.6705971656256,18.4615199482531));
#10799=CARTESIAN_POINT('',(129.578403994042,-87.7485886512213,18.4615199482531));
#10800=CARTESIAN_POINT('Origin',(129.578403994042,-87.7485886512213,18.4615199482531));
#10801=CARTESIAN_POINT('',(129.578403994042,-88.9395943580084,15.7555203354449));
#10802=CARTESIAN_POINT('Origin',(129.578403994042,-88.9395943580084,15.7555203354449));
#10803=CARTESIAN_POINT('',(129.578403994042,-90.1305905280524,18.4615199482531));
#10804=CARTESIAN_POINT('Origin',(129.578403994042,-87.7485886512213,18.4615199482531));
#10805=CARTESIAN_POINT('',(129.566854998071,-89.9535885749274,18.4615199482531));
#10806=CARTESIAN_POINT('Origin',(129.566854998071,-89.9535885749274,18.4615199482531));
#10807=CARTESIAN_POINT('',(129.566854998071,-88.2645836768561,18.4615199482531));
#10808=CARTESIAN_POINT('Origin',(129.566854998071,-88.2645836768561,18.4615199482531));
#10809=CARTESIAN_POINT('',(129.566854998071,-87.9645958838874,18.4615199482531));
#10810=CARTESIAN_POINT('Origin',(129.566854998071,-87.9645958838874,18.4615199482531));
#10811=CARTESIAN_POINT('',(129.566854998071,-87.9475918708258,18.4615199482531));
#10812=CARTESIAN_POINT('Origin',(129.566854998071,-87.9475918708258,18.4615199482531));
#10813=CARTESIAN_POINT('',(129.566854998071,-87.761587232154,18.4615199482531));
#10814=CARTESIAN_POINT('Origin',(129.566854998071,-87.761587232154,18.4615199482531));
#10815=CARTESIAN_POINT('',(129.566854998071,-87.7575913367682,18.4615199482531));
#10816=CARTESIAN_POINT('Origin',(129.566854998071,-87.7575913367682,18.4615199482531));
#10817=CARTESIAN_POINT('Origin',(129.566854998071,-87.6765862403327,18.4615199482531));
#10818=CARTESIAN_POINT('',(129.566854998071,-87.6765862403327,18.4615199482531));
#10819=CARTESIAN_POINT('Origin',(129.566854998071,-87.6765862403327,18.4615199482531));
#10820=CARTESIAN_POINT('',(129.566854998071,-87.6685944495612,18.4615199482531));
#10821=CARTESIAN_POINT('Origin',(129.566854998071,-87.6685944495612,18.4615199482531));
#10822=CARTESIAN_POINT('',(129.566854998071,-87.6535836158209,18.4615199482531));
#10823=CARTESIAN_POINT('Origin',(129.566854998071,-87.6535836158209,18.4615199482531));
#10824=CARTESIAN_POINT('',(129.566854998071,-87.6535836158209,18.4615199482531));
#10825=CARTESIAN_POINT('Origin',(129.566854998071,-87.6535836158209,18.4615199482531));
#10826=CARTESIAN_POINT('',(129.566854998071,-86.6265908179694,18.4615199482531));
#10827=CARTESIAN_POINT('Origin',(129.566854998071,-86.6265908179694,18.4615199482531));
#10828=CARTESIAN_POINT('Origin',(125.317215486962,-89.9535885749274,18.4615199482531));
#10829=CARTESIAN_POINT('',(125.394155251606,-89.9535885749274,18.4655187046618));
#10830=CARTESIAN_POINT('',(125.823814436395,-89.9535885749274,18.4655187046618));
#10831=CARTESIAN_POINT('',(125.317215486962,-89.9535885749274,18.4615199482531));
#10832=CARTESIAN_POINT('Origin',(125.317215486962,-89.9535885749274,18.4615199482531));
#10833=CARTESIAN_POINT('',(125.823814436395,-89.9535885749274,18.4655187046618));
#10834=CARTESIAN_POINT('',(125.317215486962,-89.9535885749274,18.4615199482531));
#10835=CARTESIAN_POINT('Origin',(125.475172563989,-89.9535885749274,18.4615199482531));
#10836=CARTESIAN_POINT('',(125.16240553518,-90.1305905280524,18.4615199482531));
#10837=CARTESIAN_POINT('Origin',(125.317215486962,-89.9535885749274,18.4615199482531));
#10838=CARTESIAN_POINT('',(125.16240553518,-90.1305905280524,18.4615199482531));
#10839=CARTESIAN_POINT('Origin',(125.306410356957,-89.9535885749274,18.4615199482531));
#10840=CARTESIAN_POINT('',(125.306410356957,-89.9535885749274,18.4615199482531));
#10841=CARTESIAN_POINT('Origin',(125.306410356957,-89.9535885749274,18.4615199482531));
#10842=CARTESIAN_POINT('',(125.309227061457,-89.9535885749274,18.4655187046618));
#10843=CARTESIAN_POINT('',(125.818411871392,-89.9535885749274,18.4655187046618));
#10844=CARTESIAN_POINT('',(125.306410356957,-89.9535885749274,18.4615199482531));
#10845=CARTESIAN_POINT('Origin',(125.306410356957,-89.9535885749274,18.4615199482531));
#10846=CARTESIAN_POINT('',(124.725562627578,-89.9535885749274,18.4655187046618));
#10847=CARTESIAN_POINT('',(125.818411871392,-89.9535885749274,18.4655187046618));
#10848=CARTESIAN_POINT('',(124.128403231103,-89.9535885749274,18.4696297562213));
#10849=CARTESIAN_POINT('Origin',(125.306410356957,-89.9535885749274,18.4615199482531));
#10850=CARTESIAN_POINT('',(124.723493505053,-89.9535885749274,18.4655187046618));
#10851=CARTESIAN_POINT('',(125.818411871392,-89.9535885749274,18.4655187046618));
#10852=CARTESIAN_POINT('',(124.128403231103,-89.9535885749274,18.4696297562213));
#10853=CARTESIAN_POINT('Origin',(125.302328630883,-89.9535885749274,18.4615199482531));
#10854=CARTESIAN_POINT('',(124.715410390888,-89.9535885749274,18.4655187046618));
#10855=CARTESIAN_POINT('',(125.816371008355,-89.9535885749274,18.4655187046618));
#10856=CARTESIAN_POINT('',(124.128403231103,-89.9535885749274,18.4696297562213));
#10857=CARTESIAN_POINT('Origin',(125.286383196313,-89.9535885749274,18.4615199482531));
#10858=CARTESIAN_POINT('',(124.713819873807,-89.9535885749274,18.4655187046618));
#10859=CARTESIAN_POINT('',(125.80839829107,-89.9535885749274,18.4655187046618));
#10860=CARTESIAN_POINT('',(124.128403231103,-89.9535885749274,18.4696297562213));
#10861=CARTESIAN_POINT('Origin',(125.283245607812,-89.9535885749274,18.4615199482531));
#10862=CARTESIAN_POINT('',(124.710764534003,-89.9535885749274,18.4655187046618));
#10863=CARTESIAN_POINT('',(125.806829496819,-89.9535885749274,18.4655187046618));
#10864=CARTESIAN_POINT('',(124.128403231103,-89.9535885749274,18.4696297562213));
#10865=CARTESIAN_POINT('Origin',(125.277218386132,-89.9535885749274,18.4615199482531));
#10866=CARTESIAN_POINT('',(124.66934340831,-89.9535885749274,18.4655187046618));
#10867=CARTESIAN_POINT('',(125.80381588598,-89.9535885749274,18.4655187046618));
#10868=CARTESIAN_POINT('',(124.128403231103,-89.9535885749274,18.4696297562213));
#10869=CARTESIAN_POINT('Origin',(125.195507570702,-89.9535885749274,18.4615199482531));
#10870=CARTESIAN_POINT('',(124.645007046646,-89.9535885749274,18.4655187046618));
#10871=CARTESIAN_POINT('',(125.762960478265,-89.9535885749274,18.4655187046618));
#10872=CARTESIAN_POINT('',(124.128403231103,-89.9535885749274,18.4696297562213));
#10873=CARTESIAN_POINT('Origin',(125.147499605615,-89.9535885749274,18.4615199482531));
#10874=CARTESIAN_POINT('',(124.643943478993,-89.9535885749274,18.4655187046618));
#10875=CARTESIAN_POINT('',(125.738956495721,-89.9535885749274,18.4655187046618));
#10876=CARTESIAN_POINT('',(124.128403231103,-89.9535885749274,18.4696297562213));
#10877=CARTESIAN_POINT('Origin',(125.145401522119,-89.9535885749274,18.4615199482531));
#10878=CARTESIAN_POINT('',(124.613631800877,-89.9535885749274,18.4655187046618));
#10879=CARTESIAN_POINT('',(125.737907453973,-89.9535885749274,18.4655187046618));
#10880=CARTESIAN_POINT('',(124.128403231103,-89.9535885749274,18.4696297562213));
#10881=CARTESIAN_POINT('Origin',(125.08560614248,-89.9535885749274,18.4615199482531));
#10882=CARTESIAN_POINT('',(124.581845631242,-89.9535885749274,18.4655187046618));
#10883=CARTESIAN_POINT('',(125.708009764153,-89.9535885749274,18.4655187046618));
#10884=CARTESIAN_POINT('',(124.128403231103,-89.9535885749274,18.4696297562213));
#10885=CARTESIAN_POINT('Origin',(125.022902056176,-89.9535885749274,18.4615199482531));
#10886=CARTESIAN_POINT('',(124.518123425621,-89.9535885749274,18.4655187046618));
#10887=CARTESIAN_POINT('',(125.676657721002,-89.9535885749274,18.4655187046618));
#10888=CARTESIAN_POINT('',(124.128403231103,-89.9535885749274,18.4696297562213));
#10889=CARTESIAN_POINT('Origin',(124.897198244531,-89.9535885749274,18.4615199482531));
#10890=CARTESIAN_POINT('',(124.129365276389,-89.9535885749274,18.4655187046618));
#10891=CARTESIAN_POINT('',(125.613805815179,-89.9535885749274,18.4655187046618));
#10892=CARTESIAN_POINT('',(124.130301042993,-89.9535885749274,18.4615199482531));
#10893=CARTESIAN_POINT('',(124.128403231103,-89.9535885749274,18.4696297562213));
#10894=CARTESIAN_POINT('',(124.130301042993,-89.9535885749274,18.4615199482531));
#10895=CARTESIAN_POINT('Origin',(124.897198244531,-89.9535885749274,18.4615199482531));
#10896=CARTESIAN_POINT('',(123.082403704125,-90.1305905280524,18.4615199482531));
#10897=CARTESIAN_POINT('Origin',(124.130301042993,-89.9535885749274,18.4615199482531));
#10898=CARTESIAN_POINT('',(124.065899416406,-89.9535885749274,18.4615199482531));
#10899=CARTESIAN_POINT('Origin',(124.065899416406,-89.9535885749274,18.4615199482531));
#10900=CARTESIAN_POINT('',(124.096718583835,-89.9535885749274,18.4655187046618));
#10901=CARTESIAN_POINT('',(125.198156401116,-89.9535885749274,18.4655187046618));
#10902=CARTESIAN_POINT('',(124.065899416406,-89.9535885749274,18.4615199482531));
#10903=CARTESIAN_POINT('Origin',(124.063705965478,-89.9535885749274,18.4696297562213));
#10904=CARTESIAN_POINT('',(124.064817877115,-89.9535885749274,18.4655187046618));
#10905=CARTESIAN_POINT('',(125.197059675652,-89.9535885749274,18.4655187046618));
#10906=CARTESIAN_POINT('',(124.063705965478,-89.9535885749274,18.4696297562213));
#10907=CARTESIAN_POINT('Origin',(124.065899416406,-89.9535885749274,18.4615199482531));
#10908=CARTESIAN_POINT('',(124.063807487845,-89.9535885749274,18.4655187046618));
#10909=CARTESIAN_POINT('',(125.198156401116,-89.9535885749274,18.4655187046618));
#10910=CARTESIAN_POINT('',(124.063705965478,-89.9535885749274,18.4696297562213));
#10911=CARTESIAN_POINT('Origin',(123.826803728539,-89.9535885749274,18.4615199482531));
#10912=CARTESIAN_POINT('',(123.943614674238,-89.9535885749274,18.4655187046618));
#10913=CARTESIAN_POINT('',(125.078608557183,-89.9535885749274,18.4655187046618));
#10914=CARTESIAN_POINT('',(123.826803728539,-89.9535885749274,18.4615199482531));
#10915=CARTESIAN_POINT('Origin',(123.826803728539,-89.9535885749274,18.4615199482531));
#10916=CARTESIAN_POINT('',(123.825966711176,-89.9535885749274,18.4655187046618));
#10917=CARTESIAN_POINT('',(125.078608557183,-89.9535885749274,18.4655187046618));
#10918=CARTESIAN_POINT('',(123.825106188256,-89.9535885749274,18.4696297562213));
#10919=CARTESIAN_POINT('Origin',(123.822702928979,-89.9535885749274,18.4615199482531));
#10920=CARTESIAN_POINT('',(125.076558157403,-89.9535885749274,18.4655187046618));
#10921=CARTESIAN_POINT('',(123.822702928979,-89.9535885749274,18.4615199482531));
#10922=CARTESIAN_POINT('Origin',(123.826803728539,-89.9535885749274,18.4615199482531));
#10923=CARTESIAN_POINT('',(123.082403704125,-90.1305905280524,18.4615199482531));
#10924=CARTESIAN_POINT('Origin',(123.822702928979,-89.9535885749274,18.4615199482531));
#10925=CARTESIAN_POINT('',(123.476109072167,-89.9535885749274,18.4615199482531));
#10926=CARTESIAN_POINT('Origin',(123.476109072167,-89.9535885749274,18.4615199482531));
#10927=CARTESIAN_POINT('',(123.476156095615,-89.9535885749274,18.4655187046618));
#10928=CARTESIAN_POINT('',(124.903261228997,-89.9535885749274,18.4655187046618));
#10929=CARTESIAN_POINT('',(123.476109072167,-89.9535885749274,18.4615199482531));
#10930=CARTESIAN_POINT('Origin',(123.476109072167,-89.9535885749274,18.4615199482531));
#10931=CARTESIAN_POINT('',(124.903261228997,-89.9535885749274,18.4655187046618));
#10932=CARTESIAN_POINT('Origin',(123.070110842187,-84.9545994697028,18.4696297562213));
#10933=CARTESIAN_POINT('',(123.070110842187,-84.9622642422981,18.4655187046618));
#10934=CARTESIAN_POINT('',(123.070110842187,-86.1945930419379,18.4655187046618));
#10935=CARTESIAN_POINT('',(123.070110842187,-87.3255959449225,17.1979300892443));
#10936=CARTESIAN_POINT('Origin',(123.082403704125,-84.9545994697028,18.3281700527758));
#10937=CARTESIAN_POINT('',(123.082403704125,-84.9545994697028,18.3281700527758));
#10938=CARTESIAN_POINT('Origin',(123.082403704125,-84.9545994697028,18.06111978651));
#10939=CARTESIAN_POINT('',(123.070110842187,-84.9545994697028,17.1979300892443));
#10940=CARTESIAN_POINT('Origin',(123.082403704125,-84.9545994697028,18.3281700527758));
#10941=CARTESIAN_POINT('',(123.070110842187,-84.9545994697028,17.1979300892443));
#10942=CARTESIAN_POINT('Origin',(123.082403704125,-84.9545994697028,18.4615199482531));
#10943=CARTESIAN_POINT('',(123.070110842187,-84.9545994697028,18.4655187046618));
#10944=CARTESIAN_POINT('',(124.706408544976,-84.9545994697028,18.4655187046618));
#10945=CARTESIAN_POINT('',(123.070110842187,-84.9545994697028,17.1979300892443));
#10946=CARTESIAN_POINT('Origin',(123.070110842187,-84.9545994697028,18.4696297562213));
#10947=CARTESIAN_POINT('',(123.070110842187,-86.1945930419379,18.4655187046618));
#10948=CARTESIAN_POINT('',(123.070110842187,-87.5835839209967,17.1979300892443));
#10949=CARTESIAN_POINT('Origin',(123.070110842187,-84.9545994697028,17.1979300892443));
#10950=CARTESIAN_POINT('',(123.070110842187,-87.5835839209967,17.1979300892443));
#10951=CARTESIAN_POINT('Origin',(123.082403704125,-86.7925778327399,17.1979300892443));
#10952=CARTESIAN_POINT('',(123.070110842187,-87.5835839209967,17.1979300892443));
#10953=CARTESIAN_POINT('Origin',(123.082403704125,-85.4225865302497,17.1979300892443));
#10954=CARTESIAN_POINT('',(123.082403704125,-85.4225865302497,17.1979300892443));
#10955=CARTESIAN_POINT('Origin',(123.082403704125,-85.1175919471198,17.1979300892443));
#10956=CARTESIAN_POINT('',(123.082403704125,-85.4705849585944,17.1095197117419));
#10957=CARTESIAN_POINT('Origin',(123.082403704125,-84.9835911689215,17.1979300892443));
#10958=CARTESIAN_POINT('',(123.082403704125,-85.4705849585944,17.1095197117419));
#10959=CARTESIAN_POINT('Origin',(123.082403704125,-84.9755898414069,17.1979300892443));
#10960=CARTESIAN_POINT('',(123.082403704125,-84.9835911689215,17.1979300892443));
#10961=CARTESIAN_POINT('Origin',(123.082403704125,-84.9755898414069,17.1979300892443));
#10962=CARTESIAN_POINT('',(123.070110842187,-84.9545994697028,17.1979300892443));
#10963=CARTESIAN_POINT('Origin',(123.082403704125,-84.9755898414069,17.1979300892443));
#10964=CARTESIAN_POINT('',(123.070110842187,-84.9545994697028,17.1979300892443));
#10965=CARTESIAN_POINT('Origin',(123.082403704125,-84.9545994697028,17.2084002411456));
#10966=CARTESIAN_POINT('',(123.082403704125,-84.9545994697028,17.1979300892443));
#10967=CARTESIAN_POINT('Origin',(123.082403704125,-84.9545994697028,17.1979300892443));
#10968=CARTESIAN_POINT('',(123.082403704125,-84.9545994697028,17.1979300892443));
#10969=CARTESIAN_POINT('Origin',(123.082403704125,-84.7375908790045,18.4615199482531));
#10970=CARTESIAN_POINT('',(123.082403704125,-84.7375908790045,15.7555203354449));
#10971=CARTESIAN_POINT('Origin',(124.104399248559,-84.7375908790045,15.7555203354449));
#10972=CARTESIAN_POINT('',(123.082403704125,-84.7375908790045,13.0515198624224));
#10973=CARTESIAN_POINT('Origin',(123.082403704125,-84.7375908790045,15.7555203354449));
#10974=CARTESIAN_POINT('',(123.082403704125,-84.7375908790045,15.7555203354449));
#10975=CARTESIAN_POINT('Origin',(124.104399248559,-84.7375908790045,15.7555203354449));
#10976=CARTESIAN_POINT('',(123.082403704125,-84.7375908790045,18.4615199482531));
#10977=CARTESIAN_POINT('Origin',(123.082403704125,-84.7375908790045,18.4615199482531));
#10978=CARTESIAN_POINT('',(123.082403704125,-84.7375908790045,18.4615199482531));
#10979=CARTESIAN_POINT('Origin',(124.97800306936,-84.9545994697028,18.4615199482531));
#10980=CARTESIAN_POINT('',(125.654208227593,-84.9545994697028,18.4655187046618));
#10981=CARTESIAN_POINT('',(124.973606630761,-84.9545994697028,18.4615199482531));
#10982=CARTESIAN_POINT('Origin',(124.97800306936,-84.9545994697028,18.4615199482531));
#10983=CARTESIAN_POINT('',(124.973606630761,-84.9545994697028,18.4615199482531));
#10984=CARTESIAN_POINT('Origin',(124.973606630761,-84.9545994697028,18.4615199482531));
#10985=CARTESIAN_POINT('',(123.082403704125,-84.7375908790045,18.4615199482531));
#10986=CARTESIAN_POINT('Origin',(124.973606630761,-84.9545994697028,18.4615199482531));
#10987=CARTESIAN_POINT('',(123.082403704125,-84.7375908790045,18.4615199482531));
#10988=CARTESIAN_POINT('Origin',(124.570002123315,-84.9545994697028,18.4615199482531));
#10989=CARTESIAN_POINT('',(123.082403704125,-84.7375908790045,18.4615199482531));
#10990=CARTESIAN_POINT('Origin',(124.556898638207,-84.9545994697028,18.4615199482531));
#10991=CARTESIAN_POINT('',(123.233503862817,-84.9545994697028,18.4615199482531));
#10992=CARTESIAN_POINT('Origin',(124.556898638207,-84.9545994697028,18.4615199482531));
#10993=CARTESIAN_POINT('',(123.82379839082,-84.9545994697028,18.4655187046618));
#10994=CARTESIAN_POINT('',(125.443656012017,-84.9545994697028,18.4655187046618));
#10995=CARTESIAN_POINT('',(123.070110842187,-84.9545994697028,18.4696297562213));
#10996=CARTESIAN_POINT('Origin',(124.556898638207,-84.9545994697028,18.4615199482531));
#10997=CARTESIAN_POINT('',(125.443656012017,-84.9545994697028,18.4655187046618));
#10998=CARTESIAN_POINT('Origin',(125.295338198144,-84.9545994697028,18.4696297562213));
#10999=CARTESIAN_POINT('',(125.298093805245,-84.9545994697028,18.4655187046618));
#11000=CARTESIAN_POINT('',(125.812875791985,-84.9545994697028,18.4655187046618));
#11001=CARTESIAN_POINT('',(125.295338198144,-84.9545994697028,18.4696297562213));
#11002=CARTESIAN_POINT('Origin',(125.300774141747,-84.9545994697028,18.4615199482531));
#11003=CARTESIAN_POINT('',(125.294346376855,-84.9545994697028,18.4615199482531));
#11004=CARTESIAN_POINT('Origin',(125.294346376855,-84.9545994697028,18.4615199482531));
#11005=CARTESIAN_POINT('',(125.294835420708,-84.9545994697028,18.4655187046618));
#11006=CARTESIAN_POINT('',(125.812379881341,-84.9545994697028,18.4655187046618));
#11007=CARTESIAN_POINT('',(125.294346376855,-84.9545994697028,18.4615199482531));
#11008=CARTESIAN_POINT('Origin',(125.294346376855,-84.9545994697028,18.4615199482531));
#11009=CARTESIAN_POINT('',(124.935411700469,-84.9545994697028,18.4655187046618));
#11010=CARTESIAN_POINT('',(125.812379881341,-84.9545994697028,18.4655187046618));
#11011=CARTESIAN_POINT('',(124.566397234399,-84.9545994697028,18.4696297562213));
#11012=CARTESIAN_POINT('Origin',(125.294346376855,-84.9545994697028,18.4615199482531));
#11013=CARTESIAN_POINT('',(124.837249240478,-84.9545994697028,18.4655187046618));
#11014=CARTESIAN_POINT('',(125.812379881341,-84.9545994697028,18.4655187046618));
#11015=CARTESIAN_POINT('',(124.566397234399,-84.9545994697028,18.4696297562213));
#11016=CARTESIAN_POINT('Origin',(125.100702806909,-84.9545994697028,18.4615199482531));
#11017=CARTESIAN_POINT('',(125.715558096368,-84.9545994697028,18.4655187046618));
#11018=CARTESIAN_POINT('',(125.029110475976,-84.9545994697028,18.4615199482531));
#11019=CARTESIAN_POINT('Origin',(125.029110475976,-84.9545994697028,18.4615199482531));
#11020=CARTESIAN_POINT('',(125.029110475976,-84.9545994697028,18.4615199482531));
#11021=CARTESIAN_POINT('Origin',(125.029110475976,-84.9545994697028,18.4615199482531));
#11022=CARTESIAN_POINT('',(125.124401613671,-84.7375908790045,18.4615199482531));
#11023=CARTESIAN_POINT('Origin',(125.124401613671,-84.7375908790045,18.4615199482531));
#11024=CARTESIAN_POINT('',(124.134411379296,-84.7375908790045,15.7555203354449));
#11025=CARTESIAN_POINT('Origin',(125.678410097558,-84.7375908790045,17.037519685039));
#11026=CARTESIAN_POINT('',(124.134411379296,-84.7375908790045,15.7555203354449));
#11027=CARTESIAN_POINT('Origin',(124.134411379296,-84.7375908790045,15.7555203354449));
#11028=CARTESIAN_POINT('',(124.38040213247,-84.7375908790045,15.0435202038378));
#11029=CARTESIAN_POINT('Origin',(125.678410097558,-84.7375908790045,15.0435202038378));
#11030=CARTESIAN_POINT('',(124.38040213247,-84.7375908790045,15.0435202038378));
#11031=CARTESIAN_POINT('Origin',(124.38040213247,-84.7375908790045,15.0435202038378));
#11032=CARTESIAN_POINT('',(125.678410097558,-84.7375908790045,13.0515198624224));
#11033=CARTESIAN_POINT('Origin',(125.678410097558,-84.7375908790045,13.0515198624224));
#11034=CARTESIAN_POINT('',(125.678410097558,-85.7346001563483,15.0435202038378));
#11035=CARTESIAN_POINT('Origin',(125.678410097558,-85.7346001563483,15.0435202038378));
#11036=CARTESIAN_POINT('',(125.678410097558,-86.7325821814948,13.0515198624224));
#11037=CARTESIAN_POINT('Origin',(125.678410097558,-86.7325821814948,17.037519685039));
#11038=CARTESIAN_POINT('',(125.678410097558,-86.7325821814948,15.0435202038378));
#11039=CARTESIAN_POINT('Origin',(125.678410097558,-86.7325821814948,15.0435202038378));
#11040=CARTESIAN_POINT('',(125.678410097558,-86.7325821814948,13.0515198624224));
#11041=CARTESIAN_POINT('Origin',(125.678410097558,-86.7325821814948,13.0515198624224));
#11042=CARTESIAN_POINT('',(124.904408022363,-86.7325821814948,15.0435202038378));
#11043=CARTESIAN_POINT('Origin',(124.904408022363,-86.7325821814948,15.0435202038378));
#11044=CARTESIAN_POINT('',(124.128403231103,-86.7325821814948,13.0515198624224));
#11045=CARTESIAN_POINT('Origin',(124.128403231103,-86.7325821814948,13.0515198624224));
#11046=CARTESIAN_POINT('',(124.128403231103,-86.7325821814948,13.0515198624224));
#11047=CARTESIAN_POINT('Origin',(124.128403231103,-86.7325821814948,13.0515198624224));
#11048=CARTESIAN_POINT('',(124.128403231103,-87.4335995612555,15.0435202038378));
#11049=CARTESIAN_POINT('Origin',(124.128403231103,-87.4335995612555,15.0435202038378));
#11050=CARTESIAN_POINT('',(124.128403231103,-88.1365910468512,13.0515198624224));
#11051=CARTESIAN_POINT('Origin',(124.128403231103,-88.1365910468512,15.0435202038378));
#11052=CARTESIAN_POINT('',(124.128403231103,-88.1365910468512,13.0515198624224));
#11053=CARTESIAN_POINT('Origin',(124.128403231103,-88.1365910468512,15.0435202038378));
#11054=CARTESIAN_POINT('',(124.128403231103,-88.1365910468512,15.0435202038378));
#11055=CARTESIAN_POINT('Origin',(124.904408022363,-88.1365910468512,15.0435202038378));
#11056=CARTESIAN_POINT('',(124.128403231103,-88.1365910468512,17.037519685039));
#11057=CARTESIAN_POINT('Origin',(124.128403231103,-88.1365910468512,17.037519685039));
#11058=CARTESIAN_POINT('',(124.904408022363,-88.1365910468512,15.0435202038378));
#11059=CARTESIAN_POINT('Origin',(125.678410097558,-88.1365910468512,15.0435202038378));
#11060=CARTESIAN_POINT('',(124.904408022363,-88.1365910468512,15.0435202038378));
#11061=CARTESIAN_POINT('Origin',(124.904408022363,-88.1365910468512,15.0435202038378));
#11062=CARTESIAN_POINT('',(125.678410097558,-88.1365910468512,13.0515198624224));
#11063=CARTESIAN_POINT('Origin',(125.678410097558,-88.1365910468512,13.0515198624224));
#11064=CARTESIAN_POINT('',(125.678410097558,-89.1325894294196,15.0435202038378));
#11065=CARTESIAN_POINT('Origin',(125.678410097558,-89.1325894294196,15.0435202038378));
#11066=CARTESIAN_POINT('',(125.678410097558,-90.1305905280524,13.0515198624224));
#11067=CARTESIAN_POINT('Origin',(125.678410097558,-90.1305905280524,17.037519685039));
#11068=CARTESIAN_POINT('',(125.678410097558,-90.1305905280524,15.0435202038378));
#11069=CARTESIAN_POINT('Origin',(125.678410097558,-90.1305905280524,15.0435202038378));
#11070=CARTESIAN_POINT('',(125.678410097558,-90.1305905280524,13.0515198624224));
#11071=CARTESIAN_POINT('Origin',(125.678410097558,-90.1305905280524,13.0515198624224));
#11072=CARTESIAN_POINT('',(124.38040213247,-90.1305905280524,15.0435202038378));
#11073=CARTESIAN_POINT('Origin',(124.044403597314,-90.1305905280524,15.7555203354449));
#11074=CARTESIAN_POINT('',(123.082403704125,-90.1305905280524,13.0515198624224));
#11075=CARTESIAN_POINT('Origin',(124.38040213247,-90.1305905280524,15.0435202038378));
#11076=CARTESIAN_POINT('',(123.082403704125,-90.1305905280524,13.0515198624224));
#11077=CARTESIAN_POINT('Origin',(125.678410097558,-90.1305905280524,13.0515198624224));
#11078=CARTESIAN_POINT('',(123.082403704125,-90.1305905280524,13.0515198624224));
#11079=CARTESIAN_POINT('Origin',(124.128403231103,-88.1365910468512,13.0515198624224));
#11080=CARTESIAN_POINT('',(123.082403704125,-90.1305905280524,13.0515198624224));
#11081=CARTESIAN_POINT('Origin',(123.606409594018,-88.4305897651129,13.0515198624224));
#11082=CARTESIAN_POINT('',(123.082403704125,-87.4335995612555,13.0515198624224));
#11083=CARTESIAN_POINT('Origin',(123.082403704125,-87.4335995612555,13.0515198624224));
#11084=CARTESIAN_POINT('',(123.082403704125,-87.4335995612555,13.0515198624224));
#11085=CARTESIAN_POINT('Origin',(124.128403231103,-86.7325821814948,13.0515198624224));
#11086=CARTESIAN_POINT('',(123.082403704125,-87.4335995612555,13.0515198624224));
#11087=CARTESIAN_POINT('Origin',(123.082403704125,-84.7375908790045,13.0515198624224));
#11088=CARTESIAN_POINT('',(123.082403704125,-87.4335995612555,13.0515198624224));
#11089=CARTESIAN_POINT('Origin',(123.082403704125,-85.4705849585944,14.4035200989337));
#11090=CARTESIAN_POINT('',(123.082403704125,-86.2035885749274,15.7555203354449));
#11091=CARTESIAN_POINT('Origin',(123.082403704125,-86.2035885749274,15.7555203354449));
#11092=CARTESIAN_POINT('',(123.082403704125,-86.2035885749274,15.7555203354449));
#11093=CARTESIAN_POINT('Origin',(123.082403704125,-84.7375908790045,15.7555203354449));
#11094=CARTESIAN_POINT('',(123.082403704125,-86.2035885749274,15.7555203354449));
#11095=CARTESIAN_POINT('Origin',(123.082403704125,-86.935581296485,17.1095197117419));
#11096=CARTESIAN_POINT('',(123.082403704125,-86.935581296485,17.1095197117419));
#11097=CARTESIAN_POINT('Origin',(123.082403704125,-85.4705849585944,17.1095197117419));
#11098=CARTESIAN_POINT('',(123.082403704125,-86.935581296485,17.1095197117419));
#11099=CARTESIAN_POINT('Origin',(123.082403704125,-86.7925778327399,17.1979300892443));
#11100=CARTESIAN_POINT('',(123.082403704125,-86.9846001563483,17.1979300892443));
#11101=CARTESIAN_POINT('Origin',(123.082403704125,-86.9846001563483,17.1979300892443));
#11102=CARTESIAN_POINT('',(123.082403704125,-88.9005890784674,15.7555203354449));
#11103=CARTESIAN_POINT('Origin',(123.082403704125,-86.9846001563483,17.1979300892443));
#11104=CARTESIAN_POINT('',(123.082403704125,-88.9005890784674,15.7555203354449));
#11105=CARTESIAN_POINT('Origin',(123.082403704125,-87.6605931220465,17.1979300892443));
#11106=CARTESIAN_POINT('',(123.082403704125,-88.9005890784674,15.7555203354449));
#11107=CARTESIAN_POINT('Origin',(123.082403704125,-88.2445946631842,17.1979300892443));
#11108=CARTESIAN_POINT('',(123.082403704125,-88.9005890784674,15.7555203354449));
#11109=CARTESIAN_POINT('Origin',(123.082403704125,-88.9005890784674,15.7555203354449));
#11110=CARTESIAN_POINT('',(123.082403704125,-88.3045903144293,17.1979300892443));
#11111=CARTESIAN_POINT('Origin',(123.082403704125,-88.3045903144293,17.1979300892443));
#11112=CARTESIAN_POINT('',(123.070110842187,-89.9535885749274,17.1979300892443));
#11113=CARTESIAN_POINT('Origin',(123.082403704125,-89.5745888648444,17.1979300892443));
#11114=CARTESIAN_POINT('',(123.082403704125,-89.5745888648444,17.1979300892443));
#11115=CARTESIAN_POINT('Origin',(123.082403704125,-89.5745888648444,17.1979300892443));
#11116=CARTESIAN_POINT('',(123.082403704125,-89.5745888648444,17.1979300892443));
#11117=CARTESIAN_POINT('Origin',(123.082403704125,-89.5745888648444,17.1979300892443));
#11118=CARTESIAN_POINT('',(123.082403704125,-90.1305905280524,15.7555203354449));
#11119=CARTESIAN_POINT('Origin',(123.082403704125,-89.5745888648444,17.1979300892443));
#11120=CARTESIAN_POINT('',(123.082403704125,-90.1305905280524,15.7555203354449));
#11121=CARTESIAN_POINT('Origin',(123.082403704125,-89.9535885749274,17.1979300892443));
#11122=CARTESIAN_POINT('',(123.082403704125,-89.9535885749274,17.1979300892443));
#11123=CARTESIAN_POINT('Origin',(123.082403704125,-89.9535885749274,17.2541003143878));
#11124=CARTESIAN_POINT('',(123.070110842187,-89.9535885749274,17.1979300892443));
#11125=CARTESIAN_POINT('Origin',(123.082403704125,-89.9535885749274,18.0606906330676));
#11126=CARTESIAN_POINT('',(123.070110842187,-89.9535885749274,17.1979300892443));
#11127=CARTESIAN_POINT('Origin',(123.082403704125,-89.9535885749274,18.0606906330676));
#11128=CARTESIAN_POINT('',(123.082403704125,-89.9535885749274,18.0606906330676));
#11129=CARTESIAN_POINT('Origin',(123.082403704125,-89.9535885749274,18.4615199482531));
#11130=CARTESIAN_POINT('',(123.082403704125,-90.1305905280524,18.4615199482531));
#11131=CARTESIAN_POINT('Origin',(123.082403704125,-90.1305905280524,18.4615199482531));
#11132=CARTESIAN_POINT('',(123.082403704125,-90.1305905280524,15.7555203354449));
#11133=CARTESIAN_POINT('Origin',(123.082403704125,-90.1305905280524,18.4615199482531));
#11134=CARTESIAN_POINT('',(123.082403704125,-90.1305905280524,18.4615199482531));
#11135=CARTESIAN_POINT('Origin',(124.044403597314,-90.1305905280524,15.7555203354449));
#11136=CARTESIAN_POINT('',(124.044403597314,-90.1305905280524,15.7555203354449));
#11137=CARTESIAN_POINT('Origin',(125.004400774438,-90.1305905280524,18.4615199482531));
#11138=CARTESIAN_POINT('',(125.004400774438,-90.1305905280524,18.4615199482531));
#11139=CARTESIAN_POINT('Origin',(125.678410097558,-90.1305905280524,17.037519685039));
#11140=CARTESIAN_POINT('',(125.068401857812,-90.1305905280524,18.4615199482531));
#11141=CARTESIAN_POINT('Origin',(125.678410097558,-90.1305905280524,17.037519685039));
#11142=CARTESIAN_POINT('',(125.16240553518,-90.1305905280524,18.4615199482531));
#11143=CARTESIAN_POINT('Origin',(125.678410097558,-90.1305905280524,17.037519685039));
#11144=CARTESIAN_POINT('',(125.678410097558,-90.1305905280524,17.037519685039));
#11145=CARTESIAN_POINT('Origin',(126.606411501367,-90.1305905280524,18.4615199482531));
#11146=CARTESIAN_POINT('',(125.678410097558,-90.1305905280524,17.037519685039));
#11147=CARTESIAN_POINT('Origin',(126.982416674096,-90.1305905280524,17.037519685039));
#11148=CARTESIAN_POINT('',(125.678410097558,-88.1365910468512,17.037519685039));
#11149=CARTESIAN_POINT('Origin',(125.678410097558,-88.1365910468512,17.037519685039));
#11150=CARTESIAN_POINT('',(125.678410097558,-88.1365910468512,17.037519685039));
#11151=CARTESIAN_POINT('Origin',(125.678410097558,-88.1365910468512,17.037519685039));
#11152=CARTESIAN_POINT('',(125.678410097558,-88.1365910468512,17.037519685039));
#11153=CARTESIAN_POINT('Origin',(126.982416674096,-86.7325821814948,17.037519685039));
#11154=CARTESIAN_POINT('',(125.678410097558,-86.7325821814948,17.037519685039));
#11155=CARTESIAN_POINT('Origin',(125.678410097558,-86.7325821814948,17.037519685039));
#11156=CARTESIAN_POINT('',(125.678410097558,-86.7325821814948,17.037519685039));
#11157=CARTESIAN_POINT('Origin',(126.982416674096,-84.7375908790045,17.037519685039));
#11158=CARTESIAN_POINT('',(125.678410097558,-84.7375908790045,17.037519685039));
#11159=CARTESIAN_POINT('Origin',(126.982416674096,-84.7375908790045,17.037519685039));
#11160=CARTESIAN_POINT('',(125.678410097558,-84.7375908790045,17.037519685039));
#11161=CARTESIAN_POINT('Origin',(126.154408022363,-84.7375908790045,18.4615199482531));
#11162=CARTESIAN_POINT('',(126.154408022363,-84.7375908790045,18.4615199482531));
#11163=CARTESIAN_POINT('Origin',(126.148991152245,-84.9545994697028,18.4615199482531));
#11164=CARTESIAN_POINT('',(125.874228446714,-84.9545994697028,18.4655187046618));
#11165=CARTESIAN_POINT('',(126.239702269036,-84.9545994697028,18.4655187046618));
#11166=CARTESIAN_POINT('',(126.148991152245,-84.9545994697028,18.4615199482531));
#11167=CARTESIAN_POINT('',(125.591749712426,-84.9545994697028,18.4696297562213));
#11168=CARTESIAN_POINT('',(126.098017260034,-84.9545994697028,18.4615199482531));
#11169=CARTESIAN_POINT('Origin',(126.250471636254,-84.9545994697028,18.4615199482531));
#11170=CARTESIAN_POINT('',(126.290442511041,-84.9545994697028,18.4655187046618));
#11171=CARTESIAN_POINT('',(126.148991152245,-84.9545994697028,18.4615199482531));
#11172=CARTESIAN_POINT('Origin',(126.250471636254,-84.9545994697028,18.4615199482531));
#11173=CARTESIAN_POINT('',(126.148991152245,-84.9545994697028,18.4615199482531));
#11174=CARTESIAN_POINT('Origin',(126.148991152245,-84.9545994697028,18.4615199482531));
#11175=CARTESIAN_POINT('',(126.098017260034,-84.9545994697028,18.4615199482531));
#11176=CARTESIAN_POINT('Origin',(126.098017260034,-84.9545994697028,18.4615199482531));
#11177=CARTESIAN_POINT('',(125.99811987539,-84.9545994697028,18.4615199482531));
#11178=CARTESIAN_POINT('Origin',(125.99811987539,-84.9545994697028,18.4615199482531));
#11179=CARTESIAN_POINT('',(125.99811987539,-84.9545994697028,18.4615199482531));
#11180=CARTESIAN_POINT('Origin',(125.93820051809,-84.9545994697028,18.4615199482531));
#11181=CARTESIAN_POINT('',(125.93820051809,-84.9545994697028,18.4615199482531));
#11182=CARTESIAN_POINT('Origin',(125.99811987539,-84.9545994697028,18.4615199482531));
#11183=CARTESIAN_POINT('',(125.767373738358,-84.9545994697028,18.4655187046618));
#11184=CARTESIAN_POINT('',(126.164266630608,-84.9545994697028,18.4655187046618));
#11185=CARTESIAN_POINT('',(125.591749712426,-84.9545994697028,18.4696297562213));
#11186=CARTESIAN_POINT('Origin',(125.93820051809,-84.9545994697028,18.4615199482531));
#11187=CARTESIAN_POINT('',(125.764743825615,-84.9545994697028,18.4655187046618));
#11188=CARTESIAN_POINT('',(126.134306951959,-84.9545994697028,18.4655187046618));
#11189=CARTESIAN_POINT('',(125.591749712426,-84.9545994697028,18.4696297562213));
#11190=CARTESIAN_POINT('Origin',(125.933012529809,-84.9545994697028,18.4615199482531));
#11191=CARTESIAN_POINT('',(126.131712957818,-84.9545994697028,18.4655187046618));
#11192=CARTESIAN_POINT('',(125.927271410424,-84.9545994697028,18.4615199482531));
#11193=CARTESIAN_POINT('Origin',(125.927271410424,-84.9545994697028,18.4615199482531));
#11194=CARTESIAN_POINT('',(125.927271410424,-84.9545994697028,18.4615199482531));
#11195=CARTESIAN_POINT('Origin',(125.927271410424,-84.9545994697028,18.4615199482531));
#11196=CARTESIAN_POINT('',(125.18440680166,-84.7375908790045,18.4615199482531));
#11197=CARTESIAN_POINT('Origin',(125.927271410424,-84.9545994697028,18.4615199482531));
#11198=CARTESIAN_POINT('',(125.18440680166,-84.7375908790045,18.4615199482531));
#11199=CARTESIAN_POINT('Origin',(125.591320558984,-84.9545994697028,18.4615199482531));
#11200=CARTESIAN_POINT('',(125.468897386987,-84.9545994697028,18.4615199482531));
#11201=CARTESIAN_POINT('Origin',(125.591320558984,-84.9545994697028,18.4615199482531));
#11202=CARTESIAN_POINT('',(125.52995496012,-84.9545994697028,18.4655187046618));
#11203=CARTESIAN_POINT('',(125.960866972405,-84.9545994697028,18.4655187046618));
#11204=CARTESIAN_POINT('',(125.466866060693,-84.9545994697028,18.4696297562213));
#11205=CARTESIAN_POINT('Origin',(125.591320558984,-84.9545994697028,18.4615199482531));
#11206=CARTESIAN_POINT('',(125.960866972405,-84.9545994697028,18.4655187046618));
#11207=CARTESIAN_POINT('Origin',(126.920570894677,-84.9545994697028,18.4696297562213));
#11208=CARTESIAN_POINT('',(126.907020075896,-84.9545994697028,18.4655187046618));
#11209=CARTESIAN_POINT('',(126.625492140252,-84.9545994697028,18.4655187046618));
#11210=CARTESIAN_POINT('',(126.893839403588,-84.9545994697028,18.4615199482531));
#11211=CARTESIAN_POINT('Origin',(126.920570894677,-84.9545994697028,18.4696297562213));
#11212=CARTESIAN_POINT('',(126.922040551798,-84.9545994697028,18.4655187046618));
#11213=CARTESIAN_POINT('',(126.625492140252,-84.9545994697028,18.4655187046618));
#11214=CARTESIAN_POINT('',(126.920570894677,-84.9545994697028,18.4696297562213));
#11215=CARTESIAN_POINT('Origin',(126.923470064599,-84.9545994697028,18.4615199482531));
#11216=CARTESIAN_POINT('',(126.626941725213,-84.9545994697028,18.4655187046618));
#11217=CARTESIAN_POINT('',(126.893839403588,-84.9545994697028,18.4615199482531));
#11218=CARTESIAN_POINT('Origin',(126.923470064599,-84.9545994697028,18.4615199482531));
#11219=CARTESIAN_POINT('',(126.224407717187,-84.7375908790045,18.4615199482531));
#11220=CARTESIAN_POINT('Origin',(127.047705217797,-84.9545994697028,18.4615199482531));
#11221=CARTESIAN_POINT('',(126.224407717187,-84.7375908790045,18.4615199482531));
#11222=CARTESIAN_POINT('Origin',(127.311176821191,-84.9545994697028,18.4615199482531));
#11223=CARTESIAN_POINT('',(126.224407717187,-84.7375908790045,18.4615199482531));
#11224=CARTESIAN_POINT('Origin',(127.17113928457,-84.9545994697028,18.4615199482531));
#11225=CARTESIAN_POINT('Origin',(127.33619169851,-84.9545994697028,18.4615199482531));
#11226=CARTESIAN_POINT('',(127.33619169851,-84.9545994697028,18.4615199482531));
#11227=CARTESIAN_POINT('Origin',(127.343391939599,-84.9545994697028,18.4615199482531));
#11228=CARTESIAN_POINT('',(127.343391939599,-84.9545994697028,18.4615199482531));
#11229=CARTESIAN_POINT('Origin',(127.388538881738,-84.9545994697028,18.4615199482531));
#11230=CARTESIAN_POINT('Origin',(127.450146242577,-84.9545994697028,18.4615199482531));
#11231=CARTESIAN_POINT('',(127.450146242577,-84.9545994697028,18.4615199482531));
#11232=CARTESIAN_POINT('Origin',(127.450146242577,-84.9545994697028,18.4615199482531));
#11233=CARTESIAN_POINT('',(127.488407656152,-84.7375908790045,18.4615199482531));
#11234=CARTESIAN_POINT('Origin',(127.862934633691,-84.9545994697028,18.4615199482531));
#11235=CARTESIAN_POINT('Origin',(128.612904116113,-84.9545994697028,18.4615199482531));
#11236=CARTESIAN_POINT('',(127.488407656152,-84.7375908790045,18.4615199482531));
#11237=CARTESIAN_POINT('Origin',(128.619083925683,-84.9545994697028,18.4615199482531));
#11238=CARTESIAN_POINT('',(127.488407656152,-84.7375908790045,18.4615199482531));
#11239=CARTESIAN_POINT('Origin',(128.798107668359,-84.9545994697028,18.4615199482531));
#11240=CARTESIAN_POINT('Origin',(128.798107668359,-84.9545994697028,18.4615199482531));
#11241=CARTESIAN_POINT('',(128.801950975854,-84.9545994697028,18.4615199482531));
#11242=CARTESIAN_POINT('Origin',(128.821587130029,-84.9545994697028,18.4615199482531));
#11243=CARTESIAN_POINT('',(128.821587130029,-84.9545994697028,18.4615199482531));
#11244=CARTESIAN_POINT('Origin',(128.860497042138,-84.9545994697028,18.4615199482531));
#11245=CARTESIAN_POINT('Origin',(129.273809954125,-84.9545994697028,18.4615199482531));
#11246=CARTESIAN_POINT('',(129.268345400292,-84.9545994697028,18.4615199482531));
#11247=CARTESIAN_POINT('Origin',(129.440407320458,-84.7375908790045,18.4615199482531));
#11248=CARTESIAN_POINT('',(128.954414888818,-84.7375908790045,18.4615199482531));
#11249=CARTESIAN_POINT('Origin',(128.954414888818,-84.7375908790045,18.4615199482531));
#11250=CARTESIAN_POINT('',(126.982416674096,-84.7375908790045,17.037519685039));
#11251=CARTESIAN_POINT('Origin',(129.440407320458,-84.7375908790045,18.4615199482531));
#11252=CARTESIAN_POINT('',(129.440407320458,-84.7375908790045,18.4615199482531));
#11253=CARTESIAN_POINT('Origin',(129.518103167016,-84.9545994697028,18.4615199482531));
#11254=CARTESIAN_POINT('',(129.4008679833,-84.9545994697028,18.4615199482531));
#11255=CARTESIAN_POINT('Origin',(129.4008679833,-84.9545994697028,18.4615199482531));
#11256=CARTESIAN_POINT('',(129.4008679833,-84.9545994697028,18.4615199482531));
#11257=CARTESIAN_POINT('Origin',(129.4008679833,-84.9545994697028,18.4615199482531));
#11258=CARTESIAN_POINT('',(129.316153093774,-84.9545994697028,18.4615199482531));
#11259=CARTESIAN_POINT('Origin',(129.316153093774,-84.9545994697028,18.4615199482531));
#11260=CARTESIAN_POINT('Origin',(133.830413385827,-94.934586614173,18.4655187046618));
#11261=CARTESIAN_POINT('',(133.830413385827,-84.934586614173,19.4655187046618));
#11262=CARTESIAN_POINT('',(133.830413385827,-84.934586614173,18.4655187046618));
#11263=CARTESIAN_POINT('',(133.830413385827,-84.934586614173,18.4655187046618));
#11264=CARTESIAN_POINT('',(133.830413385827,-89.934586614173,19.4655187046618));
#11265=CARTESIAN_POINT('',(133.830413385827,-79.934586614173,19.4655187046618));
#11266=CARTESIAN_POINT('',(133.830413385827,-89.934586614173,18.4655187046618));
#11267=CARTESIAN_POINT('',(133.830413385827,-89.934586614173,18.4655187046618));
#11268=CARTESIAN_POINT('',(133.830413385827,-79.934586614173,18.4655187046618));
#11269=CARTESIAN_POINT('Origin',(128.830413385827,-89.934586614173,18.4655187046618));
#11270=CARTESIAN_POINT('',(128.830413385827,-94.934586614173,19.4655187046618));
#11271=CARTESIAN_POINT('Origin',(128.830413385827,-89.934586614173,19.4655187046618));
#11272=CARTESIAN_POINT('',(128.830413385827,-94.934586614173,18.4655187046618));
#11273=CARTESIAN_POINT('',(128.830413385827,-94.934586614173,18.4655187046618));
#11274=CARTESIAN_POINT('Origin',(128.830413385827,-89.934586614173,18.4655187046618));
#11275=CARTESIAN_POINT('Origin',(118.830413385827,-94.934586614173,18.4655187046618));
#11276=CARTESIAN_POINT('',(123.830413385827,-94.934586614173,18.4655187046618));
#11277=CARTESIAN_POINT('',(123.830413385827,-94.934586614173,19.4655187046618));
#11278=CARTESIAN_POINT('',(123.830413385827,-94.934586614173,18.4655187046618));
#11279=CARTESIAN_POINT('',(133.830413385827,-94.934586614173,18.4655187046618));
#11280=CARTESIAN_POINT('',(133.830413385827,-94.934586614173,19.4655187046618));
#11281=CARTESIAN_POINT('Origin',(123.830413385827,-89.934586614173,18.4655187046618));
#11282=CARTESIAN_POINT('',(118.830413385827,-89.934586614173,19.4655187046618));
#11283=CARTESIAN_POINT('Origin',(123.830413385827,-89.934586614173,19.4655187046618));
#11284=CARTESIAN_POINT('',(118.830413385827,-89.934586614173,18.4655187046618));
#11285=CARTESIAN_POINT('',(118.830413385827,-89.934586614173,18.4655187046618));
#11286=CARTESIAN_POINT('Origin',(123.830413385827,-89.934586614173,18.4655187046618));
#11287=CARTESIAN_POINT('Origin',(118.830413385827,-79.934586614173,18.4655187046618));
#11288=CARTESIAN_POINT('',(118.830413385827,-84.934586614173,18.4655187046618));
#11289=CARTESIAN_POINT('',(118.830413385827,-84.934586614173,19.4655187046618));
#11290=CARTESIAN_POINT('',(118.830413385827,-84.934586614173,18.4655187046618));
#11291=CARTESIAN_POINT('',(118.830413385827,-94.934586614173,18.4655187046618));
#11292=CARTESIAN_POINT('',(118.830413385827,-94.934586614173,19.4655187046618));
#11293=CARTESIAN_POINT('Origin',(123.830413385827,-84.934586614173,18.4655187046618));
#11294=CARTESIAN_POINT('',(123.830413385827,-79.934586614173,19.4655187046618));
#11295=CARTESIAN_POINT('Origin',(123.830413385827,-84.934586614173,19.4655187046618));
#11296=CARTESIAN_POINT('',(123.830413385827,-79.934586614173,18.4655187046618));
#11297=CARTESIAN_POINT('',(123.830413385827,-79.934586614173,18.4655187046618));
#11298=CARTESIAN_POINT('Origin',(123.830413385827,-84.934586614173,18.4655187046618));
#11299=CARTESIAN_POINT('Origin',(126.330413385827,-87.434586614173,18.4655187046618));
#11300=CARTESIAN_POINT('',(128.830413385827,-79.934586614173,18.4655187046618));
#11301=CARTESIAN_POINT('Origin',(128.830413385827,-84.934586614173,18.4655187046618));
#11302=CARTESIAN_POINT('',(118.830413385827,-79.934586614173,18.4655187046618));
#11303=CARTESIAN_POINT('Origin',(133.830413385827,-79.934586614173,18.4655187046618));
#11304=CARTESIAN_POINT('',(128.830413385827,-79.934586614173,19.4655187046618));
#11305=CARTESIAN_POINT('',(128.830413385827,-79.934586614173,18.4655187046618));
#11306=CARTESIAN_POINT('',(118.830413385827,-79.934586614173,19.4655187046618));
#11307=CARTESIAN_POINT('Origin',(128.830413385827,-84.934586614173,18.4655187046618));
#11308=CARTESIAN_POINT('Origin',(128.830413385827,-84.934586614173,19.4655187046618));
#11309=CARTESIAN_POINT('Origin',(126.330413385827,-87.434586614173,18.9655187046618));
#11310=CARTESIAN_POINT('',(131.080413385827,-87.434586614173,18.9655187046618));
#11311=CARTESIAN_POINT('Origin',(126.330413385827,-87.434586614173,18.9655187046618));
#11312=CARTESIAN_POINT('Origin',(126.330413385827,-87.434586614173,19.2155187046618));
#11313=CARTESIAN_POINT('',(131.330413385827,-87.434586614173,19.2155187046618));
#11314=CARTESIAN_POINT('Origin',(131.080413385827,-87.434586614173,19.2155187046618));
#11315=CARTESIAN_POINT('Origin',(126.330413385827,-87.434586614173,19.2155187046618));
#11316=CARTESIAN_POINT('Origin',(126.330413385827,-87.434586614173,19.4655187046618));
#11317=CARTESIAN_POINT('',(131.580413385827,-87.434586614173,19.4655187046618));
#11318=CARTESIAN_POINT('Origin',(126.330413385827,-87.434586614173,19.4655187046618));
#11319=CARTESIAN_POINT('Origin',(126.330413385827,-87.434586614173,19.2155187046618));
#11320=CARTESIAN_POINT('Origin',(131.580413385827,-87.434586614173,19.2155187046618));
#11321=CARTESIAN_POINT('',(0.,0.,0.));
#11322=UNCERTAINTY_MEASURE_WITH_UNIT(LENGTH_MEASURE(0.01),#11328,
'DISTANCE_ACCURACY_VALUE',
'Maximum model space distance between geometric entities at asserted c
onnectivities');
#11323=UNCERTAINTY_MEASURE_WITH_UNIT(LENGTH_MEASURE(0.01),#11328,
'DISTANCE_ACCURACY_VALUE',
'Maximum model space distance between geometric entities at asserted c
onnectivities');
#11324=UNCERTAINTY_MEASURE_WITH_UNIT(LENGTH_MEASURE(0.01),#11328,
'DISTANCE_ACCURACY_VALUE',
'Maximum model space distance between geometric entities at asserted c
onnectivities');
#11325=(
GEOMETRIC_REPRESENTATION_CONTEXT(3)
GLOBAL_UNCERTAINTY_ASSIGNED_CONTEXT((#11322))
GLOBAL_UNIT_ASSIGNED_CONTEXT((#11328,#11329,#11330))
REPRESENTATION_CONTEXT('','3D')
);
#11326=(
GEOMETRIC_REPRESENTATION_CONTEXT(3)
GLOBAL_UNCERTAINTY_ASSIGNED_CONTEXT((#11323))
GLOBAL_UNIT_ASSIGNED_CONTEXT((#11328,#11329,#11330))
REPRESENTATION_CONTEXT('','3D')
);
#11327=(
GEOMETRIC_REPRESENTATION_CONTEXT(3)
GLOBAL_UNCERTAINTY_ASSIGNED_CONTEXT((#11324))
GLOBAL_UNIT_ASSIGNED_CONTEXT((#11328,#11329,#11330))
REPRESENTATION_CONTEXT('','3D')
);
#11328=(
LENGTH_UNIT()
NAMED_UNIT(*)
SI_UNIT(.MILLI.,.METRE.)
);
#11329=(
NAMED_UNIT(*)
PLANE_ANGLE_UNIT()
SI_UNIT($,.RADIAN.)
);
#11330=(
NAMED_UNIT(*)
SI_UNIT($,.STERADIAN.)
SOLID_ANGLE_UNIT()
);
#11331=SHAPE_DEFINITION_REPRESENTATION(#11333,#11336);
#11332=SHAPE_DEFINITION_REPRESENTATION(#11334,#11337);
#11333=PRODUCT_DEFINITION_SHAPE('',$,#11339);
#11334=PRODUCT_DEFINITION_SHAPE('',$,#11340);
#11335=PRODUCT_DEFINITION_SHAPE($,$,#14);
#11336=SHAPE_REPRESENTATION('',(#7014,#7540),#11325);
#11337=SHAPE_REPRESENTATION('',(#7015),#11326);
#11338=PRODUCT_DEFINITION_CONTEXT('part definition',#11346,'design');
#11339=PRODUCT_DEFINITION('1x1 1','Touch ID Screw v3',#11341,#11338);
#11340=PRODUCT_DEFINITION('MacroPad 2:3 2 slider 1','KeyCap v1',#11342,
#11338);
#11341=PRODUCT_DEFINITION_FORMATION('',$,#11348);
#11342=PRODUCT_DEFINITION_FORMATION('',$,#11349);
#11343=PRODUCT_RELATED_PRODUCT_CATEGORY('Touch ID Screw v3',
'Touch ID Screw v3',(#11348));
#11344=PRODUCT_RELATED_PRODUCT_CATEGORY('KeyCap v1','KeyCap v1',(#11349));
#11345=APPLICATION_PROTOCOL_DEFINITION('international standard',
'automotive_design',2009,#11346);
#11346=APPLICATION_CONTEXT(
'Core Data for Automotive Mechanical Design Process');
#11347=PRODUCT_CONTEXT('part definition',#11346,'mechanical');
#11348=PRODUCT('1x1 1','Touch ID Screw v3','KiCad electronic assembly',
(#11347));
#11349=PRODUCT('MacroPad 2:3 2 slider 1','KeyCap v1',
'KiCad electronic assembly',(#11347));
#11350=PRESENTATION_STYLE_ASSIGNMENT((#11359));
#11351=PRESENTATION_STYLE_ASSIGNMENT((#11360));
#11352=PRESENTATION_STYLE_ASSIGNMENT((#11361));
#11353=PRESENTATION_STYLE_ASSIGNMENT((#11362));
#11354=PRESENTATION_STYLE_ASSIGNMENT((#11363));
#11355=PRESENTATION_STYLE_ASSIGNMENT((#11364));
#11356=PRESENTATION_STYLE_ASSIGNMENT((#11365));
#11357=PRESENTATION_STYLE_ASSIGNMENT((#11366));
#11358=PRESENTATION_STYLE_ASSIGNMENT((#11367));
#11359=SURFACE_STYLE_USAGE(.BOTH.,#11368);
#11360=SURFACE_STYLE_USAGE(.BOTH.,#11369);
#11361=SURFACE_STYLE_USAGE(.BOTH.,#11370);
#11362=SURFACE_STYLE_USAGE(.BOTH.,#11371);
#11363=SURFACE_STYLE_USAGE(.BOTH.,#11372);
#11364=SURFACE_STYLE_USAGE(.BOTH.,#11373);
#11365=SURFACE_STYLE_USAGE(.BOTH.,#11374);
#11366=SURFACE_STYLE_USAGE(.BOTH.,#11375);
#11367=SURFACE_STYLE_USAGE(.BOTH.,#11376);
#11368=SURFACE_SIDE_STYLE('',(#11377));
#11369=SURFACE_SIDE_STYLE('',(#11378));
#11370=SURFACE_SIDE_STYLE('',(#11379));
#11371=SURFACE_SIDE_STYLE('',(#11380));
#11372=SURFACE_SIDE_STYLE('',(#11381));
#11373=SURFACE_SIDE_STYLE('',(#11382));
#11374=SURFACE_SIDE_STYLE('',(#11383));
#11375=SURFACE_SIDE_STYLE('',(#11384));
#11376=SURFACE_SIDE_STYLE('',(#11385));
#11377=SURFACE_STYLE_FILL_AREA(#11386);
#11378=SURFACE_STYLE_FILL_AREA(#11387);
#11379=SURFACE_STYLE_FILL_AREA(#11388);
#11380=SURFACE_STYLE_FILL_AREA(#11389);
#11381=SURFACE_STYLE_FILL_AREA(#11390);
#11382=SURFACE_STYLE_FILL_AREA(#11391);
#11383=SURFACE_STYLE_FILL_AREA(#11392);
#11384=SURFACE_STYLE_FILL_AREA(#11393);
#11385=SURFACE_STYLE_FILL_AREA(#11394);
#11386=FILL_AREA_STYLE('Steel - Satin',(#11395));
#11387=FILL_AREA_STYLE('Paint - Enamel Glossy (White)',(#11396));
#11388=FILL_AREA_STYLE('ABS (White)',(#11397));
#11389=FILL_AREA_STYLE('ABS (White)',(#11398));
#11390=FILL_AREA_STYLE('ABS (White)',(#11399));
#11391=FILL_AREA_STYLE('Glass (Clear)',(#11400));
#11392=FILL_AREA_STYLE('ABS (White)',(#11401));
#11393=FILL_AREA_STYLE('ABS (White)',(#11402));
#11394=FILL_AREA_STYLE('ABS (White)',(#11403));
#11395=FILL_AREA_STYLE_COLOUR('Steel - Satin',#11404);
#11396=FILL_AREA_STYLE_COLOUR('Paint - Enamel Glossy (White)',#11405);
#11397=FILL_AREA_STYLE_COLOUR('ABS (White)',#11406);
#11398=FILL_AREA_STYLE_COLOUR('ABS (White)',#11407);
#11399=FILL_AREA_STYLE_COLOUR('ABS (White)',#11408);
#11400=FILL_AREA_STYLE_COLOUR('Glass (Clear)',#11409);
#11401=FILL_AREA_STYLE_COLOUR('ABS (White)',#11410);
#11402=FILL_AREA_STYLE_COLOUR('ABS (White)',#11411);
#11403=FILL_AREA_STYLE_COLOUR('ABS (White)',#11412);
#11404=COLOUR_RGB('Steel - Satin',0.627450980392157,0.627450980392157,0.627450980392157);
#11405=COLOUR_RGB('Paint - Enamel Glossy (White)',0.964705882352941,0.964705882352941,
0.952941176470588);
#11406=COLOUR_RGB('ABS (White)',0.843137254901961,0.701960784313725,0.188235294117647);
#11407=COLOUR_RGB('ABS (White)',0.823529411764706,0.686274509803922,0.313725490196078);
#11408=COLOUR_RGB('ABS (White)',0.498039215686275,0.243137254901961,0.0235294117647059);
#11409=COLOUR_RGB('Glass (Clear)',0.964705882352941,0.964705882352941,0.952941176470588);
#11410=COLOUR_RGB('ABS (White)',0.964705882352941,0.964705882352941,0.952941176470588);
#11411=COLOUR_RGB('ABS (White)',0.968627450980392,0.545098039215686,0.266666666666667);
#11412=COLOUR_RGB('ABS (White)',0.67843137254902,0.188235294117647,0.113725490196078);
ENDSEC;
END-ISO-10303-21;
